# Blender 5.0.1
# www.blender.org
o Cube.051
v -0.937127 0.600505 0.863871
v -0.937127 0.826934 0.863871
v -0.773221 0.600505 0.863871
v -0.773221 0.826934 0.863871
v -0.937127 0.600505 0.005706
v -0.937127 0.826934 0.005706
v -0.773221 0.600505 0.005706
v -0.773221 0.826934 0.005706
v -0.937127 0.600505 1.088870
v -0.937127 0.826934 1.088870
v -0.773221 0.826934 1.088870
v -0.773221 0.600505 1.088870
v -0.773221 3.557266 0.863871
v -0.937127 3.557266 0.863871
v -0.773221 3.557266 1.088870
v -0.937127 3.557266 1.088870
v -0.773221 3.902609 0.863871
v -0.937127 3.902609 0.863871
v -0.773221 3.902609 1.088870
v -0.937127 3.902609 1.088870
v -0.773221 3.557266 0.005706
v -0.937127 3.557266 0.005706
v -0.773221 3.902609 0.005706
v -0.937127 3.902609 0.005706
v 0.833263 0.600505 0.863871
v 0.833263 0.826934 0.863871
v 0.997168 0.600505 0.863871
v 0.997168 0.826934 0.863871
v 0.833263 0.600505 0.005706
v 0.833263 0.826934 0.005706
v 0.997168 0.600505 0.005706
v 0.997168 0.826934 0.005706
v 0.833263 0.600505 1.088870
v 0.833263 0.826934 1.088870
v 0.997168 0.826934 1.088870
v 0.997168 0.600505 1.088870
v 0.997168 3.557266 0.863871
v 0.833263 3.557266 0.863871
v 0.997168 3.557266 1.088870
v 0.833263 3.557266 1.088870
v 0.997168 3.902609 0.863871
v 0.833263 3.902609 0.863871
v 0.997168 3.902609 1.088870
v 0.833263 3.902609 1.088870
v 0.997168 3.557266 0.005706
v 0.833263 3.557266 0.005706
v 0.997168 3.902609 0.005706
v 0.833263 3.902609 0.005706
v -0.796556 1.141764 1.073367
v -0.796556 1.296942 1.073367
v -0.796556 1.141764 0.878541
v -0.796556 1.296942 0.878541
v 0.861812 1.141764 1.073367
v 0.861812 1.296942 1.073367
v 0.861812 1.141764 0.878541
v 0.861812 1.296942 0.878541
v -0.832884 1.597891 1.019376
v -0.895807 1.658334 1.019376
v -0.832884 1.597891 0.932532
v -0.895807 1.658334 0.932532
v 0.942571 3.446166 1.019376
v 0.879649 3.506609 1.019376
v 0.942571 3.446166 0.932533
v 0.879649 3.506609 0.932533
v 4.190090 3.426202 0.374281
v 4.331031 3.502671 0.374281
v 4.190090 3.426202 0.252440
v -3.233141 3.502671 0.374281
v -2.996709 3.432785 0.252440
v -3.090263 3.502671 0.374281
v -2.996709 3.432785 0.374281
v 3.216222 3.556991 0.768675
v 4.331031 3.442657 0.374281
v 3.448379 3.345530 0.374281
v 3.448379 3.345530 0.252440
v 4.331031 3.442657 0.252440
v 4.190090 3.502671 0.374281
v 4.190090 3.502671 0.252440
v 4.190090 3.502671 0.005706
v 4.190090 3.426202 0.005706
v 4.331031 3.502671 0.005706
v 4.331031 3.442657 0.005706
v -2.738968 3.345530 0.374281
v -3.090263 3.464456 0.374281
v -3.090263 3.464456 0.252440
v -2.738968 3.345530 0.252440
v -2.996710 3.502671 0.374281
v -2.996709 3.502671 0.252440
v -2.996709 3.432785 0.005706
v -3.090263 3.502671 0.005706
v -3.090263 3.464456 0.005706
v -2.996709 3.502671 0.005706
v 4.331031 3.556991 0.374281
v 4.331031 3.556991 0.252440
v -3.090263 3.556991 0.374281
v -3.090263 3.556991 0.252440
v 4.190090 3.556991 0.374281
v 4.190090 3.556991 0.252440
v 4.190090 3.556991 0.005706
v 4.331031 3.556991 0.005706
v -2.996710 3.556991 0.374281
v -2.996709 3.556991 0.252440
v -3.090263 3.556991 0.005706
v -2.996709 3.556991 0.005706
v -2.996710 3.502671 0.485848
v 4.190090 3.502671 0.485848
v -3.090263 3.502671 0.485848
v -3.090263 3.556991 0.485848
v 4.331031 3.502671 0.485848
v 4.190090 3.556991 0.485848
v -2.996710 3.556991 0.485848
v 4.331031 3.556991 0.485848
v 4.430231 3.502671 0.005706
v 4.430231 3.556991 0.005706
v 4.430231 3.502671 0.374281
v 4.430231 3.502671 0.252440
v 4.430231 3.442657 0.374281
v 4.430231 3.442657 0.252440
v 4.430231 3.442657 0.005706
v 4.430231 3.556991 0.374281
v 4.430231 3.556991 0.252440
v 4.430231 3.556991 0.485848
v 4.430231 3.502671 0.485848
v -3.233141 3.556991 0.374281
v -3.233141 3.502671 0.252440
v -3.233141 3.464456 0.252440
v -3.233141 3.464456 0.374281
v -3.233141 3.464456 0.005706
v -3.233141 3.502671 0.005706
v -3.233141 3.556991 0.252440
v -3.233141 3.556991 0.005706
v -3.233141 3.502671 0.485848
v -3.233141 3.556991 0.485848
v 2.789284 3.502671 0.768675
v 3.216222 3.502671 0.768675
v 2.789284 3.556991 0.768675
v 2.643718 3.556991 0.768675
v 2.643718 3.502671 0.768675
v 3.361787 3.502671 0.768675
v 3.361787 3.556991 0.768675
v 3.216222 3.502671 0.635768
v 3.361787 3.502671 0.635768
v 2.643718 3.502671 0.635768
v 2.789284 3.502671 0.635768
v 3.216222 3.556991 0.635768
v 3.361787 3.556991 0.635768
v 2.643718 3.556991 0.635768
v 2.789284 3.556991 0.635768
v 3.361787 3.556991 0.252440
v 3.216222 3.556991 0.252440
v 2.789284 3.556991 0.252440
v 2.643718 3.556991 0.252440
v 2.789285 3.345530 0.374281
v 2.643719 3.345530 0.374281
v 3.361788 3.345530 0.374281
v 3.216222 3.345530 0.374281
v 3.361787 3.345530 0.252440
v 3.216222 3.345530 0.252440
v 2.789284 3.345530 0.252440
v 2.643718 3.345530 0.252440
v 2.789284 3.556991 0.485848
v 2.643718 3.556991 0.485848
v 3.361787 3.556991 0.485848
v 3.216222 3.556991 0.485848
v 3.216222 3.502671 0.252440
v 3.361787 3.502671 0.252440
v 2.643718 3.502671 0.252440
v 2.789284 3.502671 0.252440
v 2.643718 3.502671 0.374281
v 2.789284 3.502671 0.374281
v 3.216222 3.502671 0.374281
v 3.361787 3.502671 0.374281
v 2.643718 3.556991 0.374281
v 2.789284 3.556991 0.374281
v 3.216222 3.556991 0.374281
v 3.361787 3.556991 0.374281
v 2.789284 3.502671 0.485848
v 2.643718 3.502671 0.485848
v 3.361787 3.502671 0.485848
v 3.216222 3.502671 0.485848
v -2.534593 3.502671 0.764104
v -2.218785 3.556991 0.764104
v -2.218785 3.502671 0.764104
v -2.686339 3.502671 0.764104
v -2.534593 3.556991 0.764104
v -2.686339 3.556991 0.764104
v -2.067038 3.502671 0.764104
v -2.067038 3.556991 0.764104
v -2.067038 3.556991 0.635672
v -2.218785 3.556991 0.635672
v -2.218785 3.502671 0.635672
v -2.067038 3.502671 0.635672
v -2.686339 3.502671 0.635672
v -2.534593 3.502671 0.635672
v -2.534593 3.556991 0.635672
v -2.686339 3.556991 0.635672
v -2.686339 3.556991 0.485848
v -2.534593 3.556991 0.485848
v -2.218785 3.556991 0.485848
v -2.067038 3.556991 0.485848
v -2.534593 3.345530 0.374281
v -2.686340 3.345530 0.374281
v -2.067039 3.345530 0.374281
v -2.218785 3.345530 0.374281
v -2.534593 3.502671 0.252440
v -2.686340 3.502671 0.252440
v -2.067039 3.502671 0.252440
v -2.218785 3.502671 0.252440
v -2.067038 3.502671 0.485848
v -2.218785 3.502671 0.485848
v -2.534593 3.502671 0.485848
v -2.686339 3.502671 0.485848
v -2.218785 3.345530 0.252440
v -2.067039 3.345530 0.252440
v -2.686340 3.345530 0.252440
v -2.534593 3.345530 0.252440
v -2.218785 3.556991 0.252440
v -2.067038 3.556991 0.252440
v -2.686340 3.556991 0.252440
v -2.534593 3.556991 0.252440
v -2.686339 3.502671 0.374281
v -2.534593 3.502671 0.374281
v -2.218785 3.502671 0.374281
v -2.067038 3.502671 0.374281
v -2.067038 3.556991 0.374281
v -2.218785 3.556991 0.374281
v -2.534593 3.556991 0.374281
v -2.686339 3.556991 0.374281
v 0.860721 3.872589 0.566491
v 0.860721 5.446949 0.566491
v 0.860721 3.872589 0.455893
v 0.860721 5.446949 0.455893
v 0.971318 3.872589 0.566491
v 0.971318 5.446949 0.566491
v 0.971318 3.872589 0.455893
v 0.971318 5.446949 0.455893
v 0.762615 5.385363 1.173259
v 0.762615 5.580017 1.173259
v 0.762615 5.385363 0.005706
v 0.762615 5.580017 0.005706
v 1.074085 5.385363 1.173259
v 1.074085 5.580017 1.173259
v 1.074085 5.385363 0.005706
v 1.074085 5.580017 0.005706
v -1.023070 3.877052 1.173258
v -1.023070 3.921594 1.173258
v -1.023070 3.877052 0.005706
v -1.023070 3.921594 0.005706
v -0.711601 3.877052 1.173258
v -0.711601 3.921594 1.173258
v -0.711601 3.877052 0.005706
v -0.711601 3.921594 0.005706
v -0.875271 3.607003 1.019376
v -0.907438 3.699463 1.019376
v -0.875271 3.607003 0.932533
v -0.907438 3.699463 0.932533
v 0.918958 5.474819 1.019376
v 0.856035 5.535263 1.019376
v 0.918958 5.474819 0.932533
v 0.856035 5.535263 0.932533
v -2.017608 3.800351 0.616480
v -2.017608 3.844892 0.616480
v -2.017608 3.800351 0.005706
v -2.017608 3.844892 0.005706
v -0.886380 3.800351 0.616480
v -0.886380 3.844892 0.616480
v -0.886380 3.800351 0.005706
v -0.886380 3.844892 0.005706
v -1.023070 3.877052 0.884635
v -1.023070 3.921594 0.884635
v -0.711601 3.877052 0.884635
v -0.711601 3.921594 0.884635
v -1.221112 3.877052 0.884635
v -1.221112 3.877052 1.173258
v -1.221112 3.921594 1.173258
v -1.221112 3.921594 0.884635
v -1.433646 3.502784 0.640083
v -1.433646 3.547326 0.640083
v -1.433646 3.502784 0.348493
v -1.433646 3.547326 0.348493
v -1.241416 3.502784 0.640083
v -1.241416 3.547326 0.640083
v -1.241416 3.502784 0.348493
v -1.241416 3.547326 0.348493
v -1.118422 3.233840 1.112483
v -1.118422 3.278381 1.112483
v -1.118422 3.233840 0.820893
v -1.118422 3.278381 0.820893
v -0.926192 3.233840 1.112483
v -0.926192 3.278381 1.112483
v -0.926192 3.233840 0.820893
v -0.926192 3.278381 0.820893
v 1.772993 3.551657 0.297053
v 1.772993 3.592922 0.297053
v 1.772993 3.551657 0.005706
v 1.772993 3.592922 0.005706
v 1.993300 3.551657 0.297053
v 1.993300 3.592922 0.297053
v 1.993300 3.551657 0.005706
v 1.993300 3.592922 0.005706
v 1.883146 3.601999 0.182090
v 1.883146 3.601999 0.056102
v 1.890395 3.602713 0.182090
v 1.890395 3.602713 0.056102
v 1.897366 3.604827 0.182090
v 1.897366 3.604827 0.056102
v 1.903790 3.608261 0.182090
v 1.903790 3.608261 0.056102
v 1.909420 3.612882 0.182090
v 1.909420 3.612882 0.056102
v 1.914041 3.618512 0.182090
v 1.914041 3.618512 0.056102
v 1.917475 3.624936 0.182090
v 1.917475 3.624936 0.056102
v 1.919590 3.631907 0.182090
v 1.919590 3.631907 0.056102
v 1.920303 3.639156 0.182090
v 1.920303 3.639156 0.056102
v 1.919590 3.646405 0.182090
v 1.919590 3.646405 0.056102
v 1.917475 3.653375 0.182090
v 1.917475 3.653375 0.056102
v 1.914041 3.659799 0.182090
v 1.914041 3.659799 0.056102
v 1.909420 3.665430 0.182090
v 1.909420 3.665430 0.056102
v 1.903790 3.670051 0.182090
v 1.903790 3.670051 0.056102
v 1.897366 3.673485 0.182090
v 1.897366 3.673485 0.056102
v 1.890395 3.675599 0.182090
v 1.890395 3.675599 0.056102
v 1.883146 3.676313 0.182090
v 1.883146 3.676313 0.056102
v 1.875897 3.675599 0.182090
v 1.875897 3.675599 0.056102
v 1.868927 3.673485 0.182090
v 1.868927 3.673485 0.056102
v 1.862503 3.670051 0.182090
v 1.862503 3.670051 0.056102
v 1.856872 3.665430 0.182090
v 1.856872 3.665430 0.056102
v 1.852251 3.659799 0.182090
v 1.852251 3.659799 0.056102
v 1.848817 3.653375 0.182090
v 1.848817 3.653375 0.056102
v 1.846703 3.646405 0.182090
v 1.846703 3.646405 0.056102
v 1.845989 3.639156 0.182090
v 1.845989 3.639156 0.056102
v 1.846703 3.631907 0.182090
v 1.846703 3.631907 0.056102
v 1.848817 3.624936 0.182090
v 1.848817 3.624936 0.056102
v 1.852251 3.618512 0.182090
v 1.852251 3.618512 0.056102
v 1.856872 3.612882 0.182090
v 1.856872 3.612882 0.056102
v 1.862503 3.608261 0.182090
v 1.862503 3.608261 0.056102
v 1.868927 3.604827 0.182090
v 1.868927 3.604827 0.056102
v 1.875897 3.602713 0.182090
v 1.875897 3.602713 0.056102
v 1.850312 3.639703 0.166456
v 1.850312 2.388014 0.166456
v 1.849187 3.639703 0.167057
v 1.849187 2.388014 0.167057
v 1.848202 3.639703 0.167866
v 1.848202 2.388014 0.167866
v 1.847393 3.639703 0.168851
v 1.847393 2.388014 0.168851
v 1.846792 3.639703 0.169976
v 1.846792 2.388014 0.169976
v 1.846422 3.639703 0.171196
v 1.846422 2.388014 0.171196
v 1.846297 3.639703 0.172465
v 1.846297 2.388014 0.172465
v 1.846422 3.639703 0.173734
v 1.846422 2.388014 0.173734
v 1.846792 3.639703 0.174954
v 1.846792 2.388014 0.174954
v 1.847393 3.639703 0.176079
v 1.847393 2.388014 0.176079
v 1.848202 3.639703 0.177064
v 1.848202 2.388014 0.177064
v 1.849187 3.639703 0.177873
v 1.849187 2.388014 0.177873
v 1.850312 3.639703 0.178474
v 1.850312 2.388014 0.178474
v 1.851532 3.639703 0.178844
v 1.851532 2.388014 0.178844
v 1.852801 3.639703 0.178969
v 1.852801 2.388014 0.178969
v 1.854070 3.639703 0.178844
v 1.854070 2.388014 0.178844
v 1.855290 3.639703 0.178474
v 1.855290 2.388014 0.178474
v 1.856414 3.639703 0.177873
v 1.856414 2.388014 0.177873
v 1.857400 3.639703 0.177064
v 1.857400 2.388014 0.177064
v 1.858209 3.639703 0.176079
v 1.858209 2.388014 0.176079
v 1.858810 3.639703 0.174954
v 1.858810 2.388014 0.174954
v 1.859180 3.639703 0.173734
v 1.859180 2.388014 0.173734
v 1.859305 3.639703 0.172465
v 1.859305 2.388014 0.172465
v 1.859180 3.639703 0.171196
v 1.859180 2.388014 0.171196
v 1.858810 3.639703 0.169976
v 1.858810 2.388014 0.169976
v 1.858209 3.639703 0.168851
v 1.858209 2.388014 0.168851
v 1.857400 3.639703 0.167866
v 1.857400 2.388014 0.167866
v 1.856414 3.639703 0.167057
v 1.856414 2.388014 0.167057
v 1.855290 3.639703 0.166456
v 1.855290 2.388014 0.166456
v 1.854070 3.639703 0.166086
v 1.854070 2.388014 0.166086
v 1.852801 3.639703 0.165961
v 1.852801 2.388014 0.165961
v 1.850312 2.388014 0.057524
v 1.850312 3.639703 0.057524
v 1.890395 2.426236 0.056102
v 1.890395 2.426236 0.182090
v 1.897366 2.424122 0.056102
v 1.897366 2.424122 0.182090
v 1.903790 2.420688 0.056102
v 1.903790 2.420688 0.182090
v 1.909420 2.416067 0.056102
v 1.909420 2.416067 0.182090
v 1.914041 2.410436 0.056102
v 1.914041 2.410436 0.182090
v 1.917475 2.404012 0.056102
v 1.917475 2.404012 0.182090
v 1.919590 2.397042 0.056102
v 1.919590 2.397042 0.182090
v 1.920303 2.389793 0.056102
v 1.920303 2.389793 0.182090
v 1.919590 2.382544 0.056102
v 1.919590 2.382544 0.182090
v 1.917475 2.375573 0.056102
v 1.917475 2.375573 0.182090
v 1.914041 2.369149 0.056102
v 1.914041 2.369149 0.182090
v 1.909420 2.363519 0.056102
v 1.909420 2.363519 0.182090
v 1.903790 2.358898 0.056102
v 1.903790 2.358898 0.182090
v 1.897366 2.355464 0.056102
v 1.897366 2.355464 0.182090
v 1.890395 2.353350 0.056102
v 1.890395 2.353350 0.182090
v 1.883146 2.352636 0.056102
v 1.883146 2.352636 0.182090
v 1.883146 2.426950 0.182090
v 1.883146 2.426950 0.056102
v 1.875897 2.426236 0.182090
v 1.875897 2.426236 0.056102
v 1.868927 2.424122 0.182090
v 1.868927 2.424122 0.056102
v 1.862503 2.420688 0.182090
v 1.862503 2.420688 0.056102
v 1.856872 2.416067 0.182090
v 1.856872 2.416067 0.056102
v 1.852251 2.410436 0.182090
v 1.852251 2.410436 0.056102
v 1.848817 2.404012 0.182090
v 1.848817 2.404012 0.056102
v 1.846703 2.397042 0.182090
v 1.846703 2.397042 0.056102
v 1.845989 2.389793 0.182090
v 1.845989 2.389793 0.056102
v 1.846703 2.382544 0.182090
v 1.846703 2.382544 0.056102
v 1.848817 2.375573 0.182090
v 1.848817 2.375573 0.056102
v 1.852251 2.369149 0.182090
v 1.852251 2.369149 0.056102
v 1.856872 2.363519 0.182090
v 1.856872 2.363519 0.056102
v 1.862503 2.358898 0.182090
v 1.862503 2.358898 0.056102
v 1.868927 2.355464 0.182090
v 1.868927 2.355464 0.056102
v 1.875897 2.353350 0.182090
v 1.875897 2.353350 0.056102
v 1.851532 2.388014 0.166086
v 1.851532 3.639703 0.166086
v 1.849187 3.639703 0.058125
v 1.849187 2.388014 0.058125
v 1.848202 3.639703 0.058934
v 1.848202 2.388014 0.058934
v 1.847393 3.639703 0.059920
v 1.847393 2.388014 0.059920
v 1.846792 3.639703 0.061044
v 1.846792 2.388014 0.061044
v 1.846422 3.639703 0.062265
v 1.846422 2.388014 0.062265
v 1.846297 3.639703 0.063534
v 1.846297 2.388014 0.063534
v 1.846422 3.639703 0.064802
v 1.846422 2.388014 0.064802
v 1.846792 3.639703 0.066023
v 1.846792 2.388014 0.066023
v 1.847393 3.639703 0.067147
v 1.847393 2.388014 0.067147
v 1.848202 3.639703 0.068133
v 1.848202 2.388014 0.068133
v 1.849187 3.639703 0.068942
v 1.849187 2.388014 0.068942
v 1.850312 3.639703 0.069543
v 1.850312 2.388014 0.069543
v 1.851532 3.639703 0.069913
v 1.851532 2.388014 0.069913
v 1.852801 3.639703 0.070038
v 1.852801 2.388014 0.070038
v 1.854070 3.639703 0.069913
v 1.854070 2.388014 0.069913
v 1.855290 3.639703 0.069543
v 1.855290 2.388014 0.069543
v 1.856414 3.639703 0.068942
v 1.856414 2.388014 0.068942
v 1.857400 3.639703 0.068133
v 1.857400 2.388014 0.068133
v 1.858209 3.639703 0.067147
v 1.858209 2.388014 0.067147
v 1.858810 3.639703 0.066023
v 1.858810 2.388014 0.066023
v 1.859180 3.639703 0.064802
v 1.859180 2.388014 0.064802
v 1.859305 3.639703 0.063534
v 1.859305 2.388014 0.063534
v 1.859180 3.639703 0.062265
v 1.859180 2.388014 0.062265
v 1.858810 3.639703 0.061044
v 1.858810 2.388014 0.061044
v 1.858209 3.639703 0.059920
v 1.858209 2.388014 0.059920
v 1.857400 3.639703 0.058934
v 1.857400 2.388014 0.058934
v 1.856414 3.639703 0.058125
v 1.856414 2.388014 0.058125
v 1.855290 3.639703 0.057524
v 1.855290 2.388014 0.057524
v 1.854070 3.639703 0.057154
v 1.854070 2.388014 0.057154
v 1.852801 3.639703 0.057029
v 1.852801 2.388014 0.057029
v 1.851532 2.388014 0.057154
v 1.851532 3.639703 0.057154
v 1.911236 3.639703 0.166456
v 1.911236 2.388014 0.166456
v 1.910111 3.639703 0.167057
v 1.910111 2.388014 0.167057
v 1.909125 3.639703 0.167866
v 1.909125 2.388014 0.167866
v 1.908316 3.639703 0.168851
v 1.908316 2.388014 0.168851
v 1.907715 3.639703 0.169976
v 1.907715 2.388014 0.169976
v 1.907345 3.639703 0.171196
v 1.907345 2.388014 0.171196
v 1.907220 3.639703 0.172465
v 1.907220 2.388014 0.172465
v 1.907345 3.639703 0.173734
v 1.907345 2.388014 0.173734
v 1.907715 3.639703 0.174954
v 1.907715 2.388014 0.174954
v 1.908316 3.639703 0.176079
v 1.908316 2.388014 0.176079
v 1.909125 3.639703 0.177064
v 1.909125 2.388014 0.177064
v 1.910111 3.639703 0.177873
v 1.910111 2.388014 0.177873
v 1.911236 3.639703 0.178474
v 1.911236 2.388014 0.178474
v 1.912456 3.639703 0.178844
v 1.912456 2.388014 0.178844
v 1.913725 3.639703 0.178969
v 1.913725 2.388014 0.178969
v 1.914994 3.639703 0.178844
v 1.914994 2.388014 0.178844
v 1.916214 3.639703 0.178474
v 1.916214 2.388014 0.178474
v 1.917338 3.639703 0.177873
v 1.917338 2.388014 0.177873
v 1.918324 3.639703 0.177064
v 1.918324 2.388014 0.177064
v 1.919133 3.639703 0.176079
v 1.919133 2.388014 0.176079
v 1.919734 3.639703 0.174954
v 1.919734 2.388014 0.174954
v 1.920104 3.639703 0.173734
v 1.920104 2.388014 0.173734
v 1.920229 3.639703 0.172465
v 1.920229 2.388014 0.172465
v 1.920104 3.639703 0.171196
v 1.920104 2.388014 0.171196
v 1.919734 3.639703 0.169976
v 1.919734 2.388014 0.169976
v 1.919133 3.639703 0.168851
v 1.919133 2.388014 0.168851
v 1.918324 3.639703 0.167866
v 1.918324 2.388014 0.167866
v 1.917338 3.639703 0.167057
v 1.917338 2.388014 0.167057
v 1.916214 3.639703 0.166456
v 1.916214 2.388014 0.166456
v 1.914994 3.639703 0.166086
v 1.914994 2.388014 0.166086
v 1.913725 3.639703 0.165961
v 1.913725 2.388014 0.165961
v 1.911236 2.388014 0.057524
v 1.911236 3.639703 0.057524
v 1.912456 2.388014 0.166086
v 1.912456 3.639703 0.166086
v 1.910111 3.639703 0.058125
v 1.910111 2.388014 0.058125
v 1.909125 3.639703 0.058934
v 1.909125 2.388014 0.058934
v 1.908316 3.639703 0.059920
v 1.908316 2.388014 0.059920
v 1.907715 3.639703 0.061044
v 1.907715 2.388014 0.061044
v 1.907345 3.639703 0.062265
v 1.907345 2.388014 0.062265
v 1.907220 3.639703 0.063534
v 1.907220 2.388014 0.063534
v 1.907345 3.639703 0.064802
v 1.907345 2.388014 0.064802
v 1.907715 3.639703 0.066023
v 1.907715 2.388014 0.066023
v 1.908316 3.639703 0.067147
v 1.908316 2.388014 0.067147
v 1.909125 3.639703 0.068133
v 1.909125 2.388014 0.068133
v 1.910111 3.639703 0.068942
v 1.910111 2.388014 0.068942
v 1.911236 3.639703 0.069543
v 1.911236 2.388014 0.069543
v 1.912456 3.639703 0.069913
v 1.912456 2.388014 0.069913
v 1.913725 3.639703 0.070038
v 1.913725 2.388014 0.070038
v 1.914994 3.639703 0.069913
v 1.914994 2.388014 0.069913
v 1.916214 3.639703 0.069543
v 1.916214 2.388014 0.069543
v 1.917338 3.639703 0.068942
v 1.917338 2.388014 0.068942
v 1.918324 3.639703 0.068133
v 1.918324 2.388014 0.068133
v 1.919133 3.639703 0.067147
v 1.919133 2.388014 0.067147
v 1.919734 3.639703 0.066023
v 1.919734 2.388014 0.066023
v 1.920104 3.639703 0.064802
v 1.920104 2.388014 0.064802
v 1.920229 3.639703 0.063534
v 1.920229 2.388014 0.063534
v 1.920104 3.639703 0.062265
v 1.920104 2.388014 0.062265
v 1.919734 3.639703 0.061044
v 1.919734 2.388014 0.061044
v 1.919133 3.639703 0.059920
v 1.919133 2.388014 0.059920
v 1.918324 3.639703 0.058934
v 1.918324 2.388014 0.058934
v 1.917338 3.639703 0.058125
v 1.917338 2.388014 0.058125
v 1.916214 3.639703 0.057524
v 1.916214 2.388014 0.057524
v 1.914994 3.639703 0.057154
v 1.914994 2.388014 0.057154
v 1.913725 3.639703 0.057029
v 1.913725 2.388014 0.057029
v 1.912456 2.388014 0.057154
v 1.912456 3.639703 0.057154
v 1.831531 2.374968 0.263753
v 1.831531 2.404619 0.263753
v 1.831531 2.374968 0.005706
v 1.831531 2.404619 0.005706
v 1.934761 2.374968 0.263753
v 1.934761 2.404619 0.263753
v 1.934761 2.374968 0.005706
v 1.934761 2.404619 0.005706
v 1.831531 2.318820 0.005706
v 1.831531 2.318820 0.263753
v 1.934761 2.318820 0.005706
v 1.934761 2.318820 0.263753
v 1.860632 2.268288 0.005706
v 1.868041 2.268288 0.256343
v 1.905661 2.268288 0.005706
v 1.898251 2.268288 0.256343
v 1.860632 2.268288 0.263753
v 1.868041 2.268288 0.013116
v 1.905661 2.268288 0.263753
v 1.898251 2.268288 0.013116
v 1.898251 2.253351 0.013116
v 1.868041 2.253351 0.013116
v 1.868041 2.253351 0.256343
v 1.898251 2.253351 0.256343
v 1.920991 2.253352 0.005706
v 1.845302 2.253352 0.005706
v 1.854288 2.244366 0.439428
v 1.912005 2.244366 0.439428
v 1.920991 2.181072 0.005706
v 1.845302 2.181072 0.005706
v 1.854288 2.190057 0.439428
v 1.912005 2.190057 0.439428
v 1.845302 2.253352 0.439428
v 1.920991 2.253352 0.439428
v 1.845302 2.181072 0.439428
v 1.920991 2.181072 0.439428
v 1.854288 2.244366 0.493634
v 1.912005 2.244366 0.493634
v 1.854288 2.190057 0.493634
v 1.912005 2.190057 0.493634
v 1.752784 2.183150 0.500541
v 1.752784 2.196965 0.500541
v 1.752784 2.183150 0.486727
v 1.752784 2.196965 0.486727
v 2.013509 2.183150 0.500541
v 2.013509 2.196965 0.500541
v 2.013509 2.183150 0.486727
v 2.013509 2.196965 0.486727
v 0.857284 0.512281 1.034302
v 0.857284 0.645608 1.034302
v 0.857284 0.512281 0.918439
v 0.857284 0.645608 0.918439
v 0.973147 0.512281 1.034302
v 0.973147 0.645608 1.034302
v 0.973147 0.512281 0.918439
v 0.973147 0.645608 0.918439
v 0.857284 0.316077 1.034302
v 0.857284 0.316077 0.918439
v 0.973147 0.316077 1.034302
v 0.973147 0.316077 0.918439
v 0.973147 0.512281 0.819476
v 0.857284 0.512281 0.819476
v 0.857284 0.512281 1.133265
v 0.973147 0.512281 1.133265
v 0.973147 0.368227 0.819476
v 0.857284 0.368227 0.819476
v 0.857284 0.368227 1.133265
v 0.973147 0.368227 1.133265
v 0.973147 0.294853 0.634648
v 0.857284 0.294853 0.634648
v 0.857284 0.294853 1.318093
v 0.973147 0.294853 1.318093
v 0.973147 0.264291 0.819476
v 0.857284 0.264291 0.819476
v 0.857284 0.264291 1.133265
v 0.973147 0.264291 1.133265
v 0.973147 0.264291 0.634648
v 0.857284 0.264291 0.634648
v 0.857284 0.264291 1.318093
v 0.973147 0.264291 1.318093
v 0.955515 0.148592 0.837108
v 0.874916 0.148592 0.837108
v 0.874916 0.148592 1.115633
v 0.955515 0.148592 1.115633
v 0.955515 0.148592 0.617016
v 0.874916 0.148592 0.617016
v 0.874916 0.148592 1.335725
v 0.955515 0.148592 1.335725
v 0.973147 0.264291 0.918439
v 0.857284 0.264291 0.918439
v 0.857284 0.264291 1.034302
v 0.973147 0.264291 1.034302
v 0.973147 0.264291 0.535685
v 0.857284 0.264291 0.535685
v 0.857284 0.264291 1.417057
v 0.973147 0.264291 1.417057
v 0.955515 0.148592 0.900807
v 0.874916 0.148592 0.900807
v 0.874916 0.148592 1.051934
v 0.955515 0.148592 1.051934
v 0.955515 0.148592 0.553317
v 0.874916 0.148592 0.553317
v 0.874916 0.148592 1.399425
v 0.955515 0.148592 1.399425
v 0.973147 0.148592 0.819476
v 0.857284 0.148592 0.819476
v 0.857284 0.148592 1.133265
v 0.973147 0.148592 1.133265
v 0.973147 0.148592 0.634648
v 0.857284 0.148592 0.634648
v 0.857284 0.148592 1.318093
v 0.973147 0.148592 1.318093
v 0.973147 0.148592 0.918439
v 0.857284 0.148592 0.918439
v 0.857284 0.148592 1.034302
v 0.973147 0.148592 1.034302
v 0.973147 0.148592 0.535685
v 0.857284 0.148592 0.535685
v 0.857284 0.148592 1.417057
v 0.973147 0.148592 1.417057
v 0.955515 0.115240 0.837108
v 0.874916 0.115240 0.837108
v 0.874916 0.115240 1.115633
v 0.955515 0.115240 1.115633
v 0.955515 0.115240 0.617016
v 0.874916 0.115240 0.617016
v 0.874916 0.115240 1.335725
v 0.955515 0.115240 1.335725
v 0.955515 0.115240 0.900807
v 0.874916 0.115240 0.900807
v 0.874916 0.115240 1.051934
v 0.955515 0.115240 1.051934
v 0.955515 0.115240 0.553317
v 0.874916 0.115240 0.553317
v 0.874916 0.115240 1.399425
v 0.955515 0.115240 1.399425
v 0.857284 0.512281 1.225679
v 0.973147 0.512281 1.225679
v 0.857284 0.294853 1.225679
v 0.973147 0.294853 1.225679
v 0.857284 0.264291 1.225679
v 0.973147 0.264291 1.225679
v 0.973147 0.294853 0.727062
v 0.973147 0.512281 0.727062
v 0.857284 0.294853 0.727062
v 0.857284 0.512281 0.727062
v 0.973147 0.264291 0.727062
v 0.857284 0.264291 0.727062
v 0.857284 0.167417 1.179168
v 0.857284 0.167417 1.272190
v 0.857284 0.236761 1.225679
v 0.973147 0.167417 1.272190
v 0.973147 0.167417 1.179168
v 0.973147 0.236761 1.225679
v 0.973147 0.167417 0.773573
v 0.973147 0.167417 0.680551
v 0.973147 0.236761 0.727062
v 0.857284 0.167417 0.680551
v 0.857284 0.167417 0.773573
v 0.857284 0.236761 0.727062
v 0.973147 0.474821 0.634648
v 0.973147 0.512281 0.711524
v 0.857284 0.512281 0.711524
v 0.857284 0.474821 0.634648
v 0.857284 0.474821 1.318093
v 0.857284 0.512281 1.241217
v 0.973147 0.512281 1.241217
v 0.973147 0.474821 1.318093
v -0.911303 0.512281 1.034302
v -0.911303 0.645608 1.034302
v -0.911303 0.512281 0.918439
v -0.911303 0.645608 0.918439
v -0.795440 0.512281 1.034302
v -0.795440 0.645608 1.034302
v -0.795440 0.512281 0.918439
v -0.795440 0.645608 0.918439
v -0.911303 0.316077 1.034302
v -0.911303 0.316077 0.918439
v -0.795440 0.316077 1.034302
v -0.795440 0.316077 0.918439
v -0.795440 0.512281 0.819476
v -0.911303 0.512281 0.819476
v -0.911303 0.512281 1.133265
v -0.795440 0.512281 1.133265
v -0.795440 0.368227 0.819476
v -0.911303 0.368227 0.819476
v -0.911303 0.368227 1.133265
v -0.795440 0.368227 1.133265
v -0.795440 0.294853 0.634648
v -0.911303 0.294853 0.634648
v -0.911303 0.294853 1.318093
v -0.795440 0.294853 1.318093
v -0.795440 0.264291 0.819476
v -0.911303 0.264291 0.819476
v -0.911303 0.264291 1.133265
v -0.795440 0.264291 1.133265
v -0.795440 0.264291 0.634648
v -0.911303 0.264291 0.634648
v -0.911303 0.264291 1.318093
v -0.795440 0.264291 1.318093
v -0.813072 0.148592 0.837108
v -0.893671 0.148592 0.837108
v -0.893671 0.148592 1.115633
v -0.813072 0.148592 1.115633
v -0.813072 0.148592 0.617016
v -0.893671 0.148592 0.617016
v -0.893671 0.148592 1.335725
v -0.813072 0.148592 1.335725
v -0.795440 0.264291 0.918439
v -0.911303 0.264291 0.918439
v -0.911303 0.264291 1.034302
v -0.795440 0.264291 1.034302
v -0.795440 0.264291 0.535685
v -0.911303 0.264291 0.535685
v -0.911303 0.264291 1.417057
v -0.795440 0.264291 1.417057
v -0.813072 0.148592 0.900807
v -0.893671 0.148592 0.900807
v -0.893671 0.148592 1.051934
v -0.813072 0.148592 1.051934
v -0.813072 0.148592 0.553317
v -0.893671 0.148592 0.553317
v -0.893671 0.148592 1.399425
v -0.813072 0.148592 1.399425
v -0.795440 0.148592 0.819476
v -0.911303 0.148592 0.819476
v -0.911303 0.148592 1.133265
v -0.795440 0.148592 1.133265
v -0.795440 0.148592 0.634648
v -0.911303 0.148592 0.634648
v -0.911303 0.148592 1.318093
v -0.795440 0.148592 1.318093
v -0.795440 0.148592 0.918439
v -0.911303 0.148592 0.918439
v -0.911303 0.148592 1.034302
v -0.795440 0.148592 1.034302
v -0.795440 0.148592 0.535685
v -0.911303 0.148592 0.535685
v -0.911303 0.148592 1.417057
v -0.795440 0.148592 1.417057
v -0.813072 0.115240 0.837108
v -0.893671 0.115240 0.837108
v -0.893671 0.115240 1.115633
v -0.813072 0.115240 1.115633
v -0.813072 0.115240 0.617016
v -0.893671 0.115240 0.617016
v -0.893671 0.115240 1.335725
v -0.813072 0.115240 1.335725
v -0.813072 0.115240 0.900807
v -0.893671 0.115240 0.900807
v -0.893671 0.115240 1.051934
v -0.813072 0.115240 1.051934
v -0.813072 0.115240 0.553317
v -0.893671 0.115240 0.553317
v -0.893671 0.115240 1.399425
v -0.813072 0.115240 1.399425
v -0.911303 0.512281 1.225679
v -0.795440 0.512281 1.225679
v -0.911303 0.294853 1.225679
v -0.795440 0.294853 1.225679
v -0.911303 0.264291 1.225679
v -0.795440 0.264291 1.225679
v -0.795440 0.294853 0.727062
v -0.795440 0.512281 0.727062
v -0.911303 0.294853 0.727062
v -0.911303 0.512281 0.727062
v -0.795440 0.264291 0.727062
v -0.911303 0.264291 0.727062
v -0.911303 0.167417 1.179168
v -0.911303 0.167417 1.272190
v -0.911303 0.236761 1.225679
v -0.795440 0.167417 1.272190
v -0.795440 0.167417 1.179168
v -0.795440 0.236761 1.225679
v -0.795440 0.167417 0.773573
v -0.795440 0.167417 0.680551
v -0.795440 0.236761 0.727062
v -0.911303 0.167417 0.680551
v -0.911303 0.167417 0.773573
v -0.911303 0.236761 0.727062
v -0.795440 0.474821 0.634648
v -0.795440 0.512281 0.711524
v -0.911303 0.512281 0.711524
v -0.911303 0.474821 0.634648
v -0.911303 0.474821 1.318093
v -0.911303 0.512281 1.241217
v -0.795440 0.512281 1.241217
v -0.795440 0.474821 1.318093
v -0.937127 0.600505 -0.852459
v -0.937127 0.826934 -0.852459
v -0.773221 0.600505 -0.852459
v -0.773221 0.826934 -0.852459
v -0.937127 0.600505 -1.077458
v -0.937127 0.826934 -1.077458
v -0.773221 0.826934 -1.077458
v -0.773221 0.600505 -1.077458
v -0.773221 3.557266 -0.852459
v -0.937127 3.557266 -0.852459
v -0.773221 3.557266 -1.077458
v -0.937127 3.557266 -1.077458
v -0.773221 3.902609 -0.852459
v -0.937127 3.902609 -0.852459
v -0.773221 3.902609 -1.077458
v -0.937127 3.902609 -1.077458
v 0.833263 0.600505 -0.852459
v 0.833263 0.826934 -0.852459
v 0.997168 0.600505 -0.852459
v 0.997168 0.826934 -0.852459
v 0.833263 0.600505 -1.077458
v 0.833263 0.826934 -1.077458
v 0.997168 0.826934 -1.077458
v 0.997168 0.600505 -1.077458
v 0.997168 3.557266 -0.852459
v 0.833263 3.557266 -0.852459
v 0.997168 3.557266 -1.077458
v 0.833263 3.557266 -1.077458
v 0.997168 3.902609 -0.852459
v 0.833263 3.902609 -0.852459
v 0.997168 3.902609 -1.077458
v 0.833263 3.902609 -1.077458
v -0.796556 1.141764 -1.061955
v -0.796556 1.296942 -1.061955
v -0.796556 1.141764 -0.867129
v -0.796556 1.296942 -0.867129
v 0.861812 1.141764 -1.061955
v 0.861812 1.296942 -1.061955
v 0.861812 1.141764 -0.867129
v 0.861812 1.296942 -0.867129
v -0.832884 1.597891 -1.007964
v -0.895807 1.658334 -1.007964
v -0.832884 1.597891 -0.921120
v -0.895807 1.658334 -0.921120
v 0.942571 3.446166 -1.007964
v 0.879649 3.506609 -1.007964
v 0.942571 3.446166 -0.921120
v 0.879649 3.506609 -0.921120
v 4.190090 3.426202 -0.362868
v 4.331031 3.502671 -0.362868
v 4.190090 3.426202 -0.241028
v -3.233141 3.502671 -0.362868
v -2.996709 3.432785 -0.241028
v -3.090263 3.502671 -0.362868
v -2.996709 3.432785 -0.362868
v 3.216222 3.556991 -0.757262
v 4.331031 3.442657 -0.362868
v 3.448379 3.345530 -0.362868
v 3.448379 3.345530 -0.241028
v 4.331031 3.442657 -0.241028
v 4.190090 3.502671 -0.362868
v 4.190090 3.502671 -0.241028
v -2.738968 3.345530 -0.362868
v -3.090263 3.464456 -0.362868
v -3.090263 3.464456 -0.241028
v -2.738968 3.345530 -0.241028
v -2.996710 3.502671 -0.362868
v -2.996709 3.502671 -0.241028
v 4.331031 3.556991 -0.362868
v 4.331031 3.556991 -0.241028
v -3.090263 3.556991 -0.362868
v -3.090263 3.556991 -0.241028
v 4.190090 3.556991 -0.362868
v 4.190090 3.556991 -0.241028
v -2.996710 3.556991 -0.362868
v -2.996709 3.556991 -0.241028
v -2.996710 3.502671 -0.474435
v 4.190090 3.502671 -0.474435
v -3.090263 3.502671 -0.474435
v -3.090263 3.556991 -0.474435
v 4.331031 3.502671 -0.474435
v 4.190090 3.556991 -0.474435
v -2.996710 3.556991 -0.474435
v 4.331031 3.556991 -0.474435
v 4.430231 3.502671 -0.362868
v 4.430231 3.502671 -0.241028
v 4.430231 3.442657 -0.362868
v 4.430231 3.442657 -0.241028
v 4.430231 3.556991 -0.362868
v 4.430231 3.556991 -0.241028
v 4.430231 3.556991 -0.474435
v 4.430231 3.502671 -0.474435
v -3.233141 3.556991 -0.362868
v -3.233141 3.502671 -0.241028
v -3.233141 3.464456 -0.241028
v -3.233141 3.464456 -0.362868
v -3.233141 3.556991 -0.241028
v -3.233141 3.502671 -0.474435
v -3.233141 3.556991 -0.474435
v 2.789284 3.502671 -0.757262
v 3.216222 3.502671 -0.757262
v 2.789284 3.556991 -0.757262
v 2.643718 3.556991 -0.757262
v 2.643718 3.502671 -0.757262
v 3.361787 3.502671 -0.757262
v 3.361787 3.556991 -0.757262
v 3.216222 3.502671 -0.624356
v 3.361787 3.502671 -0.624356
v 2.643718 3.502671 -0.624356
v 2.789284 3.502671 -0.624356
v 3.216222 3.556991 -0.624356
v 3.361787 3.556991 -0.624356
v 2.643718 3.556991 -0.624356
v 2.789284 3.556991 -0.624356
v 3.361787 3.556991 -0.241028
v 3.216222 3.556991 -0.241028
v 2.789284 3.556991 -0.241028
v 2.643718 3.556991 -0.241028
v 2.789285 3.345530 -0.362868
v 2.643719 3.345530 -0.362868
v 3.361788 3.345530 -0.362868
v 3.216222 3.345530 -0.362868
v 3.361787 3.345530 -0.241028
v 3.216222 3.345530 -0.241028
v 2.789284 3.345530 -0.241028
v 2.643718 3.345530 -0.241028
v 2.789284 3.556991 -0.474435
v 2.643718 3.556991 -0.474435
v 3.361787 3.556991 -0.474435
v 3.216222 3.556991 -0.474435
v 3.216222 3.502671 -0.241028
v 3.361787 3.502671 -0.241028
v 2.643718 3.502671 -0.241028
v 2.789284 3.502671 -0.241028
v 2.643718 3.502671 -0.362868
v 2.789284 3.502671 -0.362868
v 3.216222 3.502671 -0.362868
v 3.361787 3.502671 -0.362868
v 2.643718 3.556991 -0.362868
v 2.789284 3.556991 -0.362868
v 3.216222 3.556991 -0.362868
v 3.361787 3.556991 -0.362868
v 2.789284 3.502671 -0.474435
v 2.643718 3.502671 -0.474435
v 3.361787 3.502671 -0.474435
v 3.216222 3.502671 -0.474435
v -2.534593 3.502671 -0.752692
v -2.218785 3.556991 -0.752692
v -2.218785 3.502671 -0.752692
v -2.686339 3.502671 -0.752692
v -2.534593 3.556991 -0.752692
v -2.686339 3.556991 -0.752692
v -2.067038 3.502671 -0.752692
v -2.067038 3.556991 -0.752692
v -2.067038 3.556991 -0.624260
v -2.218785 3.556991 -0.624260
v -2.218785 3.502671 -0.624260
v -2.067038 3.502671 -0.624260
v -2.686339 3.502671 -0.624260
v -2.534593 3.502671 -0.624260
v -2.534593 3.556991 -0.624260
v -2.686339 3.556991 -0.624260
v -2.686339 3.556991 -0.474435
v -2.534593 3.556991 -0.474435
v -2.218785 3.556991 -0.474435
v -2.067038 3.556991 -0.474435
v -2.534593 3.345530 -0.362868
v -2.686340 3.345530 -0.362868
v -2.067039 3.345530 -0.362868
v -2.218785 3.345530 -0.362868
v -2.534593 3.502671 -0.241028
v -2.686340 3.502671 -0.241028
v -2.067039 3.502671 -0.241028
v -2.218785 3.502671 -0.241028
v -2.067038 3.502671 -0.474435
v -2.218785 3.502671 -0.474435
v -2.534593 3.502671 -0.474435
v -2.686339 3.502671 -0.474435
v -2.218785 3.345530 -0.241028
v -2.067039 3.345530 -0.241028
v -2.686340 3.345530 -0.241028
v -2.534593 3.345530 -0.241028
v -2.218785 3.556991 -0.241028
v -2.067038 3.556991 -0.241028
v -2.686340 3.556991 -0.241028
v -2.534593 3.556991 -0.241028
v -2.686339 3.502671 -0.362868
v -2.534593 3.502671 -0.362868
v -2.218785 3.502671 -0.362868
v -2.067038 3.502671 -0.362868
v -2.067038 3.556991 -0.362868
v -2.218785 3.556991 -0.362868
v -2.534593 3.556991 -0.362868
v -2.686339 3.556991 -0.362868
v 0.860721 3.872589 -0.555079
v 0.860721 5.446949 -0.555079
v 0.860721 3.872589 -0.444481
v 0.860721 5.446949 -0.444481
v 0.971318 3.872589 -0.555079
v 0.971318 5.446949 -0.555079
v 0.971318 3.872589 -0.444481
v 0.971318 5.446949 -0.444481
v 0.762615 5.385363 -1.161846
v 0.762615 5.580017 -1.161846
v 1.074085 5.385363 -1.161846
v 1.074085 5.580017 -1.161846
v -1.023070 3.877052 -1.161846
v -1.023070 3.921594 -1.161846
v -0.711601 3.877052 -1.161846
v -0.711601 3.921594 -1.161846
v -0.875271 3.607003 -1.007964
v -0.907438 3.699463 -1.007964
v -0.875271 3.607003 -0.921120
v -0.907438 3.699463 -0.921120
v 0.918958 5.474819 -1.007964
v 0.856035 5.535263 -1.007964
v 0.918958 5.474819 -0.921121
v 0.856035 5.535263 -0.921121
v -2.017608 3.800351 -0.605068
v -2.017608 3.844892 -0.605068
v -0.886380 3.800351 -0.605068
v -0.886380 3.844892 -0.605068
v -1.023070 3.877052 -0.873223
v -1.023070 3.921594 -0.873223
v -0.711601 3.877052 -0.873223
v -0.711601 3.921594 -0.873223
v -1.221112 3.877052 -0.873223
v -1.221112 3.877052 -1.161846
v -1.221112 3.921594 -1.161846
v -1.221112 3.921594 -0.873223
v -1.433646 3.502784 -0.628671
v -1.433646 3.547326 -0.628671
v -1.433646 3.502784 -0.337081
v -1.433646 3.547326 -0.337081
v -1.241416 3.502784 -0.628671
v -1.241416 3.547326 -0.628671
v -1.241416 3.502784 -0.337081
v -1.241416 3.547326 -0.337081
v -1.118422 3.233840 -1.101071
v -1.118422 3.278381 -1.101071
v -1.118422 3.233840 -0.809481
v -1.118422 3.278381 -0.809481
v -0.926192 3.233840 -1.101071
v -0.926192 3.278381 -1.101071
v -0.926192 3.233840 -0.809481
v -0.926192 3.278381 -0.809481
v 1.772993 3.551657 -0.285641
v 1.772993 3.592922 -0.285641
v 1.993300 3.551657 -0.285641
v 1.993300 3.592922 -0.285641
v 1.883146 3.601999 -0.170678
v 1.883146 3.601999 -0.044690
v 1.890395 3.602713 -0.170678
v 1.890395 3.602713 -0.044690
v 1.897366 3.604827 -0.170678
v 1.897366 3.604827 -0.044690
v 1.903790 3.608261 -0.170678
v 1.903790 3.608261 -0.044690
v 1.909420 3.612882 -0.170678
v 1.909420 3.612882 -0.044690
v 1.914041 3.618512 -0.170678
v 1.914041 3.618512 -0.044690
v 1.917475 3.624936 -0.170678
v 1.917475 3.624936 -0.044690
v 1.919590 3.631907 -0.170678
v 1.919590 3.631907 -0.044690
v 1.920303 3.639156 -0.170678
v 1.920303 3.639156 -0.044690
v 1.919590 3.646405 -0.170678
v 1.919590 3.646405 -0.044690
v 1.917475 3.653375 -0.170678
v 1.917475 3.653375 -0.044690
v 1.914041 3.659799 -0.170678
v 1.914041 3.659799 -0.044690
v 1.909420 3.665430 -0.170678
v 1.909420 3.665430 -0.044690
v 1.903790 3.670051 -0.170678
v 1.903790 3.670051 -0.044690
v 1.897366 3.673485 -0.170678
v 1.897366 3.673485 -0.044690
v 1.890395 3.675599 -0.170678
v 1.890395 3.675599 -0.044690
v 1.883146 3.676313 -0.170678
v 1.883146 3.676313 -0.044690
v 1.875897 3.675599 -0.170678
v 1.875897 3.675599 -0.044690
v 1.868927 3.673485 -0.170678
v 1.868927 3.673485 -0.044690
v 1.862503 3.670051 -0.170678
v 1.862503 3.670051 -0.044690
v 1.856872 3.665430 -0.170678
v 1.856872 3.665430 -0.044690
v 1.852251 3.659799 -0.170678
v 1.852251 3.659799 -0.044690
v 1.848817 3.653375 -0.170678
v 1.848817 3.653375 -0.044690
v 1.846703 3.646405 -0.170678
v 1.846703 3.646405 -0.044690
v 1.845989 3.639156 -0.170678
v 1.845989 3.639156 -0.044690
v 1.846703 3.631907 -0.170678
v 1.846703 3.631907 -0.044690
v 1.848817 3.624936 -0.170678
v 1.848817 3.624936 -0.044690
v 1.852251 3.618512 -0.170678
v 1.852251 3.618512 -0.044690
v 1.856872 3.612882 -0.170678
v 1.856872 3.612882 -0.044690
v 1.862503 3.608261 -0.170678
v 1.862503 3.608261 -0.044690
v 1.868927 3.604827 -0.170678
v 1.868927 3.604827 -0.044690
v 1.875897 3.602713 -0.170678
v 1.875897 3.602713 -0.044690
v 1.850312 3.639703 -0.155044
v 1.850312 2.388014 -0.155044
v 1.849187 3.639703 -0.155645
v 1.849187 2.388014 -0.155645
v 1.848202 3.639703 -0.156454
v 1.848202 2.388014 -0.156454
v 1.847393 3.639703 -0.157439
v 1.847393 2.388014 -0.157439
v 1.846792 3.639703 -0.158564
v 1.846792 2.388014 -0.158564
v 1.846422 3.639703 -0.159784
v 1.846422 2.388014 -0.159784
v 1.846297 3.639703 -0.161053
v 1.846297 2.388014 -0.161053
v 1.846422 3.639703 -0.162322
v 1.846422 2.388014 -0.162322
v 1.846792 3.639703 -0.163542
v 1.846792 2.388014 -0.163542
v 1.847393 3.639703 -0.164666
v 1.847393 2.388014 -0.164666
v 1.848202 3.639703 -0.165652
v 1.848202 2.388014 -0.165652
v 1.849187 3.639703 -0.166461
v 1.849187 2.388014 -0.166461
v 1.850312 3.639703 -0.167062
v 1.850312 2.388014 -0.167062
v 1.851532 3.639703 -0.167432
v 1.851532 2.388014 -0.167432
v 1.852801 3.639703 -0.167557
v 1.852801 2.388014 -0.167557
v 1.854070 3.639703 -0.167432
v 1.854070 2.388014 -0.167432
v 1.855290 3.639703 -0.167062
v 1.855290 2.388014 -0.167062
v 1.856414 3.639703 -0.166461
v 1.856414 2.388014 -0.166461
v 1.857400 3.639703 -0.165652
v 1.857400 2.388014 -0.165652
v 1.858209 3.639703 -0.164666
v 1.858209 2.388014 -0.164666
v 1.858810 3.639703 -0.163542
v 1.858810 2.388014 -0.163542
v 1.859180 3.639703 -0.162322
v 1.859180 2.388014 -0.162322
v 1.859305 3.639703 -0.161053
v 1.859305 2.388014 -0.161053
v 1.859180 3.639703 -0.159784
v 1.859180 2.388014 -0.159784
v 1.858810 3.639703 -0.158564
v 1.858810 2.388014 -0.158564
v 1.858209 3.639703 -0.157439
v 1.858209 2.388014 -0.157439
v 1.857400 3.639703 -0.156454
v 1.857400 2.388014 -0.156454
v 1.856414 3.639703 -0.155645
v 1.856414 2.388014 -0.155645
v 1.855290 3.639703 -0.155044
v 1.855290 2.388014 -0.155044
v 1.854070 3.639703 -0.154674
v 1.854070 2.388014 -0.154674
v 1.852801 3.639703 -0.154549
v 1.852801 2.388014 -0.154549
v 1.850312 2.388014 -0.046112
v 1.850312 3.639703 -0.046112
v 1.890395 2.426236 -0.044690
v 1.890395 2.426236 -0.170678
v 1.897366 2.424122 -0.044690
v 1.897366 2.424122 -0.170678
v 1.903790 2.420688 -0.044690
v 1.903790 2.420688 -0.170678
v 1.909420 2.416067 -0.044690
v 1.909420 2.416067 -0.170678
v 1.914041 2.410436 -0.044690
v 1.914041 2.410436 -0.170678
v 1.917475 2.404012 -0.044690
v 1.917475 2.404012 -0.170678
v 1.919590 2.397042 -0.044690
v 1.919590 2.397042 -0.170678
v 1.920303 2.389793 -0.044690
v 1.920303 2.389793 -0.170678
v 1.919590 2.382544 -0.044690
v 1.919590 2.382544 -0.170678
v 1.917475 2.375573 -0.044690
v 1.917475 2.375573 -0.170678
v 1.914041 2.369149 -0.044690
v 1.914041 2.369149 -0.170678
v 1.909420 2.363519 -0.044690
v 1.909420 2.363519 -0.170678
v 1.903790 2.358898 -0.044690
v 1.903790 2.358898 -0.170678
v 1.897366 2.355464 -0.044690
v 1.897366 2.355464 -0.170678
v 1.890395 2.353350 -0.044690
v 1.890395 2.353350 -0.170678
v 1.883146 2.352636 -0.044690
v 1.883146 2.352636 -0.170678
v 1.883146 2.426950 -0.170678
v 1.883146 2.426950 -0.044690
v 1.875897 2.426236 -0.170678
v 1.875897 2.426236 -0.044690
v 1.868927 2.424122 -0.170678
v 1.868927 2.424122 -0.044690
v 1.862503 2.420688 -0.170678
v 1.862503 2.420688 -0.044690
v 1.856872 2.416067 -0.170678
v 1.856872 2.416067 -0.044690
v 1.852251 2.410436 -0.170678
v 1.852251 2.410436 -0.044690
v 1.848817 2.404012 -0.170678
v 1.848817 2.404012 -0.044690
v 1.846703 2.397042 -0.170678
v 1.846703 2.397042 -0.044690
v 1.845989 2.389793 -0.170678
v 1.845989 2.389793 -0.044690
v 1.846703 2.382544 -0.170678
v 1.846703 2.382544 -0.044690
v 1.848817 2.375573 -0.170678
v 1.848817 2.375573 -0.044690
v 1.852251 2.369149 -0.170678
v 1.852251 2.369149 -0.044690
v 1.856872 2.363519 -0.170678
v 1.856872 2.363519 -0.044690
v 1.862503 2.358898 -0.170678
v 1.862503 2.358898 -0.044690
v 1.868927 2.355464 -0.170678
v 1.868927 2.355464 -0.044690
v 1.875897 2.353350 -0.170678
v 1.875897 2.353350 -0.044690
v 1.851532 2.388014 -0.154674
v 1.851532 3.639703 -0.154674
v 1.849187 3.639703 -0.046713
v 1.849187 2.388014 -0.046713
v 1.848202 3.639703 -0.047522
v 1.848202 2.388014 -0.047522
v 1.847393 3.639703 -0.048508
v 1.847393 2.388014 -0.048508
v 1.846792 3.639703 -0.049632
v 1.846792 2.388014 -0.049632
v 1.846422 3.639703 -0.050852
v 1.846422 2.388014 -0.050852
v 1.846297 3.639703 -0.052121
v 1.846297 2.388014 -0.052121
v 1.846422 3.639703 -0.053390
v 1.846422 2.388014 -0.053390
v 1.846792 3.639703 -0.054610
v 1.846792 2.388014 -0.054610
v 1.847393 3.639703 -0.055735
v 1.847393 2.388014 -0.055735
v 1.848202 3.639703 -0.056720
v 1.848202 2.388014 -0.056720
v 1.849187 3.639703 -0.057529
v 1.849187 2.388014 -0.057529
v 1.850312 3.639703 -0.058130
v 1.850312 2.388014 -0.058130
v 1.851532 3.639703 -0.058501
v 1.851532 2.388014 -0.058501
v 1.852801 3.639703 -0.058626
v 1.852801 2.388014 -0.058626
v 1.854070 3.639703 -0.058501
v 1.854070 2.388014 -0.058501
v 1.855290 3.639703 -0.058130
v 1.855290 2.388014 -0.058130
v 1.856414 3.639703 -0.057529
v 1.856414 2.388014 -0.057529
v 1.857400 3.639703 -0.056720
v 1.857400 2.388014 -0.056720
v 1.858209 3.639703 -0.055735
v 1.858209 2.388014 -0.055735
v 1.858810 3.639703 -0.054610
v 1.858810 2.388014 -0.054610
v 1.859180 3.639703 -0.053390
v 1.859180 2.388014 -0.053390
v 1.859305 3.639703 -0.052121
v 1.859305 2.388014 -0.052121
v 1.859180 3.639703 -0.050852
v 1.859180 2.388014 -0.050852
v 1.858810 3.639703 -0.049632
v 1.858810 2.388014 -0.049632
v 1.858209 3.639703 -0.048508
v 1.858209 2.388014 -0.048508
v 1.857400 3.639703 -0.047522
v 1.857400 2.388014 -0.047522
v 1.856414 3.639703 -0.046713
v 1.856414 2.388014 -0.046713
v 1.855290 3.639703 -0.046112
v 1.855290 2.388014 -0.046112
v 1.854070 3.639703 -0.045742
v 1.854070 2.388014 -0.045742
v 1.852801 3.639703 -0.045617
v 1.852801 2.388014 -0.045617
v 1.851532 2.388014 -0.045742
v 1.851532 3.639703 -0.045742
v 1.911236 3.639703 -0.155044
v 1.911236 2.388014 -0.155044
v 1.910111 3.639703 -0.155645
v 1.910111 2.388014 -0.155645
v 1.909125 3.639703 -0.156454
v 1.909125 2.388014 -0.156454
v 1.908316 3.639703 -0.157439
v 1.908316 2.388014 -0.157439
v 1.907715 3.639703 -0.158564
v 1.907715 2.388014 -0.158564
v 1.907345 3.639703 -0.159784
v 1.907345 2.388014 -0.159784
v 1.907220 3.639703 -0.161053
v 1.907220 2.388014 -0.161053
v 1.907345 3.639703 -0.162322
v 1.907345 2.388014 -0.162322
v 1.907715 3.639703 -0.163542
v 1.907715 2.388014 -0.163542
v 1.908316 3.639703 -0.164666
v 1.908316 2.388014 -0.164666
v 1.909125 3.639703 -0.165652
v 1.909125 2.388014 -0.165652
v 1.910111 3.639703 -0.166461
v 1.910111 2.388014 -0.166461
v 1.911236 3.639703 -0.167062
v 1.911236 2.388014 -0.167062
v 1.912456 3.639703 -0.167432
v 1.912456 2.388014 -0.167432
v 1.913725 3.639703 -0.167557
v 1.913725 2.388014 -0.167557
v 1.914994 3.639703 -0.167432
v 1.914994 2.388014 -0.167432
v 1.916214 3.639703 -0.167062
v 1.916214 2.388014 -0.167062
v 1.917338 3.639703 -0.166461
v 1.917338 2.388014 -0.166461
v 1.918324 3.639703 -0.165652
v 1.918324 2.388014 -0.165652
v 1.919133 3.639703 -0.164666
v 1.919133 2.388014 -0.164666
v 1.919734 3.639703 -0.163542
v 1.919734 2.388014 -0.163542
v 1.920104 3.639703 -0.162322
v 1.920104 2.388014 -0.162322
v 1.920229 3.639703 -0.161053
v 1.920229 2.388014 -0.161053
v 1.920104 3.639703 -0.159784
v 1.920104 2.388014 -0.159784
v 1.919734 3.639703 -0.158564
v 1.919734 2.388014 -0.158564
v 1.919133 3.639703 -0.157439
v 1.919133 2.388014 -0.157439
v 1.918324 3.639703 -0.156454
v 1.918324 2.388014 -0.156454
v 1.917338 3.639703 -0.155645
v 1.917338 2.388014 -0.155645
v 1.916214 3.639703 -0.155044
v 1.916214 2.388014 -0.155044
v 1.914994 3.639703 -0.154674
v 1.914994 2.388014 -0.154674
v 1.913725 3.639703 -0.154549
v 1.913725 2.388014 -0.154549
v 1.911236 2.388014 -0.046112
v 1.911236 3.639703 -0.046112
v 1.912456 2.388014 -0.154674
v 1.912456 3.639703 -0.154674
v 1.910111 3.639703 -0.046713
v 1.910111 2.388014 -0.046713
v 1.909125 3.639703 -0.047522
v 1.909125 2.388014 -0.047522
v 1.908316 3.639703 -0.048508
v 1.908316 2.388014 -0.048508
v 1.907715 3.639703 -0.049632
v 1.907715 2.388014 -0.049632
v 1.907345 3.639703 -0.050852
v 1.907345 2.388014 -0.050852
v 1.907220 3.639703 -0.052121
v 1.907220 2.388014 -0.052121
v 1.907345 3.639703 -0.053390
v 1.907345 2.388014 -0.053390
v 1.907715 3.639703 -0.054610
v 1.907715 2.388014 -0.054610
v 1.908316 3.639703 -0.055735
v 1.908316 2.388014 -0.055735
v 1.909125 3.639703 -0.056720
v 1.909125 2.388014 -0.056720
v 1.910111 3.639703 -0.057529
v 1.910111 2.388014 -0.057529
v 1.911236 3.639703 -0.058130
v 1.911236 2.388014 -0.058130
v 1.912456 3.639703 -0.058501
v 1.912456 2.388014 -0.058501
v 1.913725 3.639703 -0.058626
v 1.913725 2.388014 -0.058626
v 1.914994 3.639703 -0.058501
v 1.914994 2.388014 -0.058501
v 1.916214 3.639703 -0.058130
v 1.916214 2.388014 -0.058130
v 1.917338 3.639703 -0.057529
v 1.917338 2.388014 -0.057529
v 1.918324 3.639703 -0.056720
v 1.918324 2.388014 -0.056720
v 1.919133 3.639703 -0.055735
v 1.919133 2.388014 -0.055735
v 1.919734 3.639703 -0.054610
v 1.919734 2.388014 -0.054610
v 1.920104 3.639703 -0.053390
v 1.920104 2.388014 -0.053390
v 1.920229 3.639703 -0.052121
v 1.920229 2.388014 -0.052121
v 1.920104 3.639703 -0.050852
v 1.920104 2.388014 -0.050852
v 1.919734 3.639703 -0.049632
v 1.919734 2.388014 -0.049632
v 1.919133 3.639703 -0.048508
v 1.919133 2.388014 -0.048508
v 1.918324 3.639703 -0.047522
v 1.918324 2.388014 -0.047522
v 1.917338 3.639703 -0.046713
v 1.917338 2.388014 -0.046713
v 1.916214 3.639703 -0.046112
v 1.916214 2.388014 -0.046112
v 1.914994 3.639703 -0.045742
v 1.914994 2.388014 -0.045742
v 1.913725 3.639703 -0.045617
v 1.913725 2.388014 -0.045617
v 1.912456 2.388014 -0.045742
v 1.912456 3.639703 -0.045742
v 1.831531 2.374968 -0.252341
v 1.831531 2.404619 -0.252341
v 1.934761 2.374968 -0.252341
v 1.934761 2.404619 -0.252341
v 1.831531 2.318820 -0.252341
v 1.934761 2.318820 -0.252341
v 1.868041 2.268288 -0.244931
v 1.898251 2.268288 -0.244931
v 1.860632 2.268288 -0.252341
v 1.868041 2.268288 -0.001704
v 1.905661 2.268288 -0.252341
v 1.898251 2.268288 -0.001704
v 1.898251 2.253351 -0.001704
v 1.868041 2.253351 -0.001704
v 1.868041 2.253351 -0.244931
v 1.898251 2.253351 -0.244931
v 1.854288 2.244366 -0.428016
v 1.912005 2.244366 -0.428016
v 1.854288 2.190057 -0.428016
v 1.912005 2.190057 -0.428016
v 1.845302 2.253352 -0.428016
v 1.920991 2.253352 -0.428016
v 1.845302 2.181072 -0.428016
v 1.920991 2.181072 -0.428016
v 1.854288 2.244366 -0.482221
v 1.912005 2.244366 -0.482221
v 1.854288 2.190057 -0.482221
v 1.912005 2.190057 -0.482221
v 1.752784 2.183150 -0.489129
v 1.752784 2.196965 -0.489129
v 1.752784 2.183150 -0.475314
v 1.752784 2.196965 -0.475314
v 2.013509 2.183150 -0.489129
v 2.013509 2.196965 -0.489129
v 2.013509 2.183150 -0.475314
v 2.013509 2.196965 -0.475314
v 0.857284 0.512281 -1.022890
v 0.857284 0.645608 -1.022890
v 0.857284 0.512281 -0.907027
v 0.857284 0.645608 -0.907027
v 0.973147 0.512281 -1.022890
v 0.973147 0.645608 -1.022890
v 0.973147 0.512281 -0.907027
v 0.973147 0.645608 -0.907027
v 0.857284 0.316077 -1.022890
v 0.857284 0.316077 -0.907027
v 0.973147 0.316077 -1.022890
v 0.973147 0.316077 -0.907027
v 0.973147 0.512281 -0.808064
v 0.857284 0.512281 -0.808064
v 0.857284 0.512281 -1.121853
v 0.973147 0.512281 -1.121853
v 0.973147 0.368227 -0.808064
v 0.857284 0.368227 -0.808064
v 0.857284 0.368227 -1.121853
v 0.973147 0.368227 -1.121853
v 0.973147 0.294853 -0.623236
v 0.857284 0.294853 -0.623236
v 0.857284 0.294853 -1.306681
v 0.973147 0.294853 -1.306681
v 0.973147 0.264291 -0.808064
v 0.857284 0.264291 -0.808064
v 0.857284 0.264291 -1.121853
v 0.973147 0.264291 -1.121853
v 0.973147 0.264291 -0.623236
v 0.857284 0.264291 -0.623236
v 0.857284 0.264291 -1.306681
v 0.973147 0.264291 -1.306681
v 0.955515 0.148592 -0.825696
v 0.874916 0.148592 -0.825696
v 0.874916 0.148592 -1.104221
v 0.955515 0.148592 -1.104221
v 0.955515 0.148592 -0.605604
v 0.874916 0.148592 -0.605604
v 0.874916 0.148592 -1.324313
v 0.955515 0.148592 -1.324313
v 0.973147 0.264291 -0.907027
v 0.857284 0.264291 -0.907027
v 0.857284 0.264291 -1.022890
v 0.973147 0.264291 -1.022890
v 0.973147 0.264291 -0.524273
v 0.857284 0.264291 -0.524273
v 0.857284 0.264291 -1.405644
v 0.973147 0.264291 -1.405644
v 0.955515 0.148592 -0.889395
v 0.874916 0.148592 -0.889395
v 0.874916 0.148592 -1.040522
v 0.955515 0.148592 -1.040522
v 0.955515 0.148592 -0.541905
v 0.874916 0.148592 -0.541905
v 0.874916 0.148592 -1.388012
v 0.955515 0.148592 -1.388012
v 0.973147 0.148592 -0.808064
v 0.857284 0.148592 -0.808064
v 0.857284 0.148592 -1.121853
v 0.973147 0.148592 -1.121853
v 0.973147 0.148592 -0.623236
v 0.857284 0.148592 -0.623236
v 0.857284 0.148592 -1.306681
v 0.973147 0.148592 -1.306681
v 0.973147 0.148592 -0.907027
v 0.857284 0.148592 -0.907027
v 0.857284 0.148592 -1.022890
v 0.973147 0.148592 -1.022890
v 0.973147 0.148592 -0.524273
v 0.857284 0.148592 -0.524273
v 0.857284 0.148592 -1.405644
v 0.973147 0.148592 -1.405644
v 0.955515 0.115240 -0.825696
v 0.874916 0.115240 -0.825696
v 0.874916 0.115240 -1.104221
v 0.955515 0.115240 -1.104221
v 0.955515 0.115240 -0.605604
v 0.874916 0.115240 -0.605604
v 0.874916 0.115240 -1.324313
v 0.955515 0.115240 -1.324313
v 0.955515 0.115240 -0.889395
v 0.874916 0.115240 -0.889395
v 0.874916 0.115240 -1.040522
v 0.955515 0.115240 -1.040522
v 0.955515 0.115240 -0.541905
v 0.874916 0.115240 -0.541905
v 0.874916 0.115240 -1.388012
v 0.955515 0.115240 -1.388012
v 0.857284 0.512281 -1.214267
v 0.973147 0.512281 -1.214267
v 0.857284 0.294853 -1.214267
v 0.973147 0.294853 -1.214267
v 0.857284 0.264291 -1.214267
v 0.973147 0.264291 -1.214267
v 0.973147 0.294853 -0.715650
v 0.973147 0.512281 -0.715650
v 0.857284 0.294853 -0.715650
v 0.857284 0.512281 -0.715650
v 0.973147 0.264291 -0.715650
v 0.857284 0.264291 -0.715650
v 0.857284 0.167417 -1.167756
v 0.857284 0.167417 -1.260778
v 0.857284 0.236761 -1.214267
v 0.973147 0.167417 -1.260778
v 0.973147 0.167417 -1.167756
v 0.973147 0.236761 -1.214267
v 0.973147 0.167417 -0.762161
v 0.973147 0.167417 -0.669139
v 0.973147 0.236761 -0.715650
v 0.857284 0.167417 -0.669139
v 0.857284 0.167417 -0.762161
v 0.857284 0.236761 -0.715650
v 0.973147 0.474821 -0.623236
v 0.973147 0.512281 -0.700112
v 0.857284 0.512281 -0.700112
v 0.857284 0.474821 -0.623236
v 0.857284 0.474821 -1.306681
v 0.857284 0.512281 -1.229805
v 0.973147 0.512281 -1.229805
v 0.973147 0.474821 -1.306681
v -0.911303 0.512281 -1.022890
v -0.911303 0.645608 -1.022890
v -0.911303 0.512281 -0.907027
v -0.911303 0.645608 -0.907027
v -0.795440 0.512281 -1.022890
v -0.795440 0.645608 -1.022890
v -0.795440 0.512281 -0.907027
v -0.795440 0.645608 -0.907027
v -0.911303 0.316077 -1.022890
v -0.911303 0.316077 -0.907027
v -0.795440 0.316077 -1.022890
v -0.795440 0.316077 -0.907027
v -0.795440 0.512281 -0.808064
v -0.911303 0.512281 -0.808064
v -0.911303 0.512281 -1.121853
v -0.795440 0.512281 -1.121853
v -0.795440 0.368227 -0.808064
v -0.911303 0.368227 -0.808064
v -0.911303 0.368227 -1.121853
v -0.795440 0.368227 -1.121853
v -0.795440 0.294853 -0.623236
v -0.911303 0.294853 -0.623236
v -0.911303 0.294853 -1.306681
v -0.795440 0.294853 -1.306681
v -0.795440 0.264291 -0.808064
v -0.911303 0.264291 -0.808064
v -0.911303 0.264291 -1.121853
v -0.795440 0.264291 -1.121853
v -0.795440 0.264291 -0.623236
v -0.911303 0.264291 -0.623236
v -0.911303 0.264291 -1.306681
v -0.795440 0.264291 -1.306681
v -0.813072 0.148592 -0.825696
v -0.893671 0.148592 -0.825696
v -0.893671 0.148592 -1.104221
v -0.813072 0.148592 -1.104221
v -0.813072 0.148592 -0.605604
v -0.893671 0.148592 -0.605604
v -0.893671 0.148592 -1.324313
v -0.813072 0.148592 -1.324313
v -0.795440 0.264291 -0.907027
v -0.911303 0.264291 -0.907027
v -0.911303 0.264291 -1.022890
v -0.795440 0.264291 -1.022890
v -0.795440 0.264291 -0.524273
v -0.911303 0.264291 -0.524273
v -0.911303 0.264291 -1.405644
v -0.795440 0.264291 -1.405644
v -0.813072 0.148592 -0.889395
v -0.893671 0.148592 -0.889395
v -0.893671 0.148592 -1.040522
v -0.813072 0.148592 -1.040522
v -0.813072 0.148592 -0.541905
v -0.893671 0.148592 -0.541905
v -0.893671 0.148592 -1.388012
v -0.813072 0.148592 -1.388012
v -0.795440 0.148592 -0.808064
v -0.911303 0.148592 -0.808064
v -0.911303 0.148592 -1.121853
v -0.795440 0.148592 -1.121853
v -0.795440 0.148592 -0.623236
v -0.911303 0.148592 -0.623236
v -0.911303 0.148592 -1.306681
v -0.795440 0.148592 -1.306681
v -0.795440 0.148592 -0.907027
v -0.911303 0.148592 -0.907027
v -0.911303 0.148592 -1.022890
v -0.795440 0.148592 -1.022890
v -0.795440 0.148592 -0.524273
v -0.911303 0.148592 -0.524273
v -0.911303 0.148592 -1.405644
v -0.795440 0.148592 -1.405644
v -0.813072 0.115240 -0.825696
v -0.893671 0.115240 -0.825696
v -0.893671 0.115240 -1.104221
v -0.813072 0.115240 -1.104221
v -0.813072 0.115240 -0.605604
v -0.893671 0.115240 -0.605604
v -0.893671 0.115240 -1.324313
v -0.813072 0.115240 -1.324313
v -0.813072 0.115240 -0.889395
v -0.893671 0.115240 -0.889395
v -0.893671 0.115240 -1.040522
v -0.813072 0.115240 -1.040522
v -0.813072 0.115240 -0.541905
v -0.893671 0.115240 -0.541905
v -0.893671 0.115240 -1.388012
v -0.813072 0.115240 -1.388012
v -0.911303 0.512281 -1.214267
v -0.795440 0.512281 -1.214267
v -0.911303 0.294853 -1.214267
v -0.795440 0.294853 -1.214267
v -0.911303 0.264291 -1.214267
v -0.795440 0.264291 -1.214267
v -0.795440 0.294853 -0.715650
v -0.795440 0.512281 -0.715650
v -0.911303 0.294853 -0.715650
v -0.911303 0.512281 -0.715650
v -0.795440 0.264291 -0.715650
v -0.911303 0.264291 -0.715650
v -0.911303 0.167417 -1.167756
v -0.911303 0.167417 -1.260778
v -0.911303 0.236761 -1.214267
v -0.795440 0.167417 -1.260778
v -0.795440 0.167417 -1.167756
v -0.795440 0.236761 -1.214267
v -0.795440 0.167417 -0.762161
v -0.795440 0.167417 -0.669139
v -0.795440 0.236761 -0.715650
v -0.911303 0.167417 -0.669139
v -0.911303 0.167417 -0.762161
v -0.911303 0.236761 -0.715650
v -0.795440 0.474821 -0.623236
v -0.795440 0.512281 -0.700112
v -0.911303 0.512281 -0.700112
v -0.911303 0.474821 -0.623236
v -0.911303 0.474821 -1.306681
v -0.911303 0.512281 -1.229805
v -0.795440 0.512281 -1.229805
v -0.795440 0.474821 -1.306681
vn 1.0000 -0.0000 -0.0000
vn -0.0000 -0.0000 -1.0000
vn -0.0000 -1.0000 -0.0000
vn -0.0000 1.0000 -0.0000
vn -1.0000 -0.0000 -0.0000
vn -0.0000 -0.0000 1.0000
vn -0.6928 -0.7212 -0.0000
vn 0.6928 0.7212 -0.0000
vn 0.7212 -0.6928 -0.0000
vn -0.7212 0.6928 -0.0000
vn -0.1081 0.9941 -0.0000
vn -0.1160 0.9933 -0.0000
vn 0.3207 0.9472 -0.0000
vn -0.9445 -0.3286 -0.0000
vn 0.0980 -0.9952 -0.0000
vn 0.2903 -0.9569 -0.0000
vn 0.4714 -0.8819 -0.0000
vn 0.6344 -0.7730 -0.0000
vn 0.7730 -0.6344 -0.0000
vn 0.8819 -0.4714 -0.0000
vn 0.9569 -0.2903 -0.0000
vn 0.9952 -0.0980 -0.0000
vn 0.9952 0.0980 -0.0000
vn 0.9569 0.2903 -0.0000
vn 0.8819 0.4714 -0.0000
vn 0.7730 0.6344 -0.0000
vn 0.6344 0.7730 -0.0000
vn 0.4714 0.8819 -0.0000
vn 0.2903 0.9569 -0.0000
vn 0.0980 0.9952 -0.0000
vn -0.0980 0.9952 -0.0000
vn -0.2903 0.9569 -0.0000
vn -0.4714 0.8819 -0.0000
vn -0.6344 0.7730 -0.0000
vn -0.7730 0.6344 -0.0000
vn -0.8819 0.4714 -0.0000
vn -0.9569 0.2903 -0.0000
vn -0.9952 0.0980 -0.0000
vn -0.9952 -0.0980 -0.0000
vn -0.9569 -0.2903 -0.0000
vn -0.8819 -0.4714 -0.0000
vn -0.7730 -0.6344 -0.0000
vn -0.6344 -0.7730 -0.0000
vn -0.4714 -0.8819 -0.0000
vn -0.2903 -0.9569 -0.0000
vn -0.0980 -0.9952 -0.0000
vn 0.8819 -0.0000 0.4715
vn 0.9569 -0.0000 0.2903
vn -0.2903 -0.0000 -0.9569
vn -0.8820 -0.0000 0.4713
vn 0.9952 -0.0000 0.0980
vn 0.0980 -0.0000 -0.9952
vn -0.9569 -0.0000 0.2903
vn 0.9952 -0.0000 -0.0980
vn -0.7730 -0.0000 0.6344
vn -0.9952 -0.0000 0.0980
vn 0.9569 -0.0000 -0.2903
vn -0.9952 -0.0000 -0.0980
vn 0.8819 -0.0000 -0.4715
vn -0.6344 -0.0000 0.7730
vn -0.9569 -0.0000 -0.2903
vn 0.7730 -0.0000 -0.6344
vn 0.7730 -0.0000 0.6343
vn -0.8820 -0.0000 -0.4713
vn 0.6344 -0.0000 -0.7730
vn -0.4714 -0.0000 0.8819
vn -0.7730 -0.0000 -0.6344
vn 0.4714 -0.0000 -0.8819
vn 0.6344 -0.0000 0.7730
vn -0.6344 -0.0000 -0.7730
vn 0.2903 -0.0000 -0.9569
vn -0.2903 -0.0000 0.9569
vn 0.4714 -0.0000 0.8819
vn 0.7730 -0.0000 0.6344
vn -0.0980 -0.0000 0.9952
vn 0.6343 -0.0000 -0.7730
vn 0.2903 -0.0000 0.9569
vn 0.0980 -0.0000 0.9952
vn -0.8819 -0.0000 -0.4715
vn 0.7731 -0.0000 -0.6343
vn 0.8820 -0.0000 -0.4713
vn 0.9569 -0.0000 -0.2904
vn -0.8819 -0.0000 0.4715
vn 0.9569 -0.0000 0.2904
vn 0.8820 -0.0000 0.4713
vn -0.0980 -0.0000 -0.9952
vn -0.4714 -0.0000 -0.8819
vn 0.8666 -0.4990 -0.0000
vn -0.8666 -0.4990 -0.0000
vn -0.0000 -0.8847 0.4662
vn -0.0000 -0.8847 -0.4662
vn -0.0000 -0.9252 0.3794
vn -0.0000 -0.9252 -0.3794
vn -0.0000 0.8990 -0.4380
vn -0.0000 0.8990 0.4380
vn 0.7730 -0.0000 -0.6343
vn 0.6343 -0.0000 0.7730
vn 0.7731 -0.0000 0.6343
vt 0.937500 0.062500
vt 0.562500 0.937500
vt 0.437500 0.937500
vt 0.312500 0.937500
s 0
f 7/1/1 8/1/1 4/1/1 3/1/1
f 4/1/2 2/1/2 14/1/2 13/1/2
f 5/1/3 7/1/3 3/1/3 1/1/3
f 8/1/4 6/1/4 2/1/4 4/1/4
f 1/1/5 2/1/5 6/1/5 5/1/5
f 12/1/6 11/1/6 10/1/6 9/1/6
f 3/1/1 4/1/1 11/1/1 12/1/1
f 2/1/5 1/1/5 9/1/5 10/1/5
f 1/1/3 3/1/3 12/1/3 9/1/3
f 13/1/3 14/1/3 22/1/3 21/1/3
f 2/1/5 10/1/5 16/1/5 14/1/5
f 11/1/1 4/1/1 13/1/1 15/1/1
f 10/1/6 11/1/6 15/1/6 16/1/6
f 17/1/4 18/1/4 20/1/4 19/1/4
f 15/1/1 13/1/1 17/1/1 19/1/1
f 16/1/6 15/1/6 19/1/6 20/1/6
f 14/1/5 16/1/5 20/1/5 18/1/5
f 21/1/2 22/1/2 24/1/2 23/1/2
f 14/1/5 18/1/5 24/1/5 22/1/5
f 18/1/4 17/1/4 23/1/4 24/1/4
f 17/1/1 13/1/1 21/1/1 23/1/1
f 31/1/1 32/1/1 28/1/1 27/1/1
f 28/1/2 26/1/2 38/1/2 37/1/2
f 29/1/3 31/1/3 27/1/3 25/1/3
f 32/1/4 30/1/4 26/1/4 28/1/4
f 25/1/5 26/1/5 30/1/5 29/1/5
f 36/1/6 35/1/6 34/1/6 33/1/6
f 27/1/1 28/1/1 35/1/1 36/1/1
f 26/1/5 25/1/5 33/1/5 34/1/5
f 25/1/3 27/1/3 36/1/3 33/1/3
f 37/1/3 38/1/3 46/1/3 45/1/3
f 26/1/5 34/1/5 40/1/5 38/1/5
f 35/1/1 28/1/1 37/1/1 39/1/1
f 34/1/6 35/1/6 39/1/6 40/1/6
f 41/1/4 42/1/4 44/1/4 43/1/4
f 39/1/1 37/1/1 41/1/1 43/1/1
f 40/1/6 39/1/6 43/1/6 44/1/6
f 38/1/5 40/1/5 44/1/5 42/1/5
f 45/1/2 46/1/2 48/1/2 47/1/2
f 38/1/5 42/1/5 48/1/5 46/1/5
f 42/1/4 41/1/4 47/1/4 48/1/4
f 41/1/1 37/1/1 45/1/1 47/1/1
f 49/1/5 50/1/5 52/1/5 51/1/5
f 51/1/2 52/1/2 56/1/2 55/1/2
f 55/1/1 56/1/1 54/1/1 53/1/1
f 53/1/6 54/1/6 50/1/6 49/1/6
f 51/1/3 55/1/3 53/1/3 49/1/3
f 56/1/4 52/1/4 50/1/4 54/1/4
f 57/1/7 58/1/7 60/1/7 59/1/7
f 59/1/2 60/1/2 64/1/2 63/1/2
f 63/1/8 64/1/8 62/1/8 61/1/8
f 61/1/6 62/1/6 58/1/6 57/1/6
f 59/1/9 63/1/9 61/1/9 57/1/9
f 64/1/10 60/1/10 58/1/10 62/1/10
f 78/1/1 79/1/1 99/1/1 98/1/1
f 91/1/6 89/1/6 92/1/6 90/1/6
f 95/1/3 101/1/3 111/1/3 108/1/3
f 79/1/6 80/1/6 82/1/6 81/1/6
f 65/1/2 77/1/2 66/1/2 73/1/2
f 79/1/6 81/1/6 100/1/6 99/1/6
f 78/1/1 67/1/1 80/1/1 79/1/1
f 87/1/2 71/1/2 84/1/2 70/1/2
f 100/1/6 81/1/6 113/1/6 114/1/6
f 161/1/5 177/1/5 144/1/5 148/1/5
f 75/1/11 74/1/11 65/1/11 67/1/11
f 67/1/12 65/1/12 73/1/12 76/1/12
f 87/1/4 70/1/4 107/1/4 105/1/4
f 67/1/12 76/1/12 82/1/12 80/1/12
f 112/1/3 93/1/3 120/1/3 122/1/3
f 83/1/13 86/1/13 69/1/13 71/1/13
f 146/1/5 142/1/5 139/1/5 140/1/5
f 70/1/2 84/1/2 127/1/2 68/1/2
f 141/1/6 145/1/6 148/1/6 144/1/6
f 108/1/2 107/1/2 132/1/2 133/1/2
f 71/1/13 69/1/13 85/1/13 84/1/13
f 85/1/13 69/1/13 89/1/13 91/1/13
f 69/1/5 88/1/5 92/1/5 89/1/5
f 138/1/2 137/1/2 136/1/2 134/1/2
f 97/1/3 98/1/3 94/1/3 93/1/3
f 177/1/4 178/1/4 143/1/4 144/1/4
f 96/1/3 102/1/3 101/1/3 95/1/3
f 94/1/3 98/1/3 99/1/3 100/1/3
f 102/1/3 96/1/3 103/1/3 104/1/3
f 90/1/6 92/1/6 104/1/6 103/1/6
f 84/1/4 85/1/4 126/1/4 127/1/4
f 92/1/5 88/1/5 102/1/5 104/1/5
f 93/1/3 94/1/3 121/1/3 120/1/3
f 94/1/3 100/1/3 114/1/3 121/1/3
f 91/1/6 90/1/6 129/1/6 128/1/6
f 109/1/2 106/1/2 110/1/2 112/1/2
f 105/1/2 107/1/2 108/1/2 111/1/2
f 147/1/3 148/1/3 136/1/3 137/1/3
f 66/1/4 77/1/4 106/1/4 109/1/4
f 96/1/3 95/1/3 124/1/3 130/1/3
f 179/1/4 180/1/4 141/1/4 142/1/4
f 66/1/4 109/1/4 123/1/4 115/1/4
f 97/1/3 93/1/3 112/1/3 110/1/3
f 117/1/5 115/1/5 116/1/5 118/1/5
f 118/1/5 116/1/5 113/1/5 119/1/5
f 113/1/5 116/1/5 121/1/5 114/1/5
f 116/1/5 115/1/5 120/1/5 121/1/5
f 120/1/5 115/1/5 123/1/5 122/1/5
f 73/1/2 66/1/2 115/1/2 117/1/2
f 76/1/4 73/1/4 117/1/4 118/1/4
f 109/1/2 112/1/2 122/1/2 123/1/2
f 81/1/6 82/1/6 119/1/6 113/1/6
f 82/1/4 76/1/4 118/1/4 119/1/4
f 126/1/1 125/1/1 68/1/1 127/1/1
f 125/1/1 126/1/1 128/1/1 129/1/1
f 68/1/1 125/1/1 130/1/1 124/1/1
f 125/1/1 129/1/1 131/1/1 130/1/1
f 68/1/1 124/1/1 133/1/1 132/1/1
f 95/1/3 108/1/3 133/1/3 124/1/3
f 85/1/4 91/1/4 128/1/4 126/1/4
f 90/1/6 103/1/6 131/1/6 129/1/6
f 107/1/4 70/1/4 68/1/4 132/1/4
f 103/1/3 96/1/3 130/1/3 131/1/3
f 180/1/1 164/1/1 145/1/1 141/1/1
f 162/1/3 161/1/3 148/1/3 147/1/3
f 135/1/4 141/1/4 144/1/4 134/1/4
f 72/1/2 135/1/2 134/1/2 136/1/2
f 145/1/3 72/1/3 136/1/3 148/1/3
f 145/1/3 146/1/3 140/1/3 72/1/3
f 143/1/1 147/1/1 137/1/1 138/1/1
f 142/1/4 141/1/4 135/1/4 139/1/4
f 144/1/4 143/1/4 138/1/4 134/1/4
f 135/1/2 72/1/2 140/1/2 139/1/2
f 163/1/5 179/1/5 142/1/5 146/1/5
f 154/1/2 169/1/2 170/1/2 153/1/2
f 156/1/2 171/1/2 172/1/2 155/1/2
f 162/1/3 173/1/3 174/1/3 161/1/3
f 164/1/3 175/1/3 176/1/3 163/1/3
f 168/1/6 151/1/6 152/1/6 167/1/6
f 166/1/6 149/1/6 150/1/6 165/1/6
f 164/1/3 163/1/3 146/1/3 145/1/3
f 178/1/1 162/1/1 147/1/1 143/1/1
f 153/1/4 159/1/4 160/1/4 154/1/4
f 155/1/4 157/1/4 158/1/4 156/1/4
f 173/1/3 152/1/3 151/1/3 174/1/3
f 175/1/3 150/1/3 149/1/3 176/1/3
f 159/1/6 168/1/6 167/1/6 160/1/6
f 157/1/6 166/1/6 165/1/6 158/1/6
f 177/1/4 170/1/4 169/1/4 178/1/4
f 179/1/4 172/1/4 171/1/4 180/1/4
f 176/1/3 149/1/3 98/1/3 97/1/3
f 151/1/6 168/1/6 165/1/6 150/1/6
f 149/1/6 166/1/6 78/1/6 98/1/6
f 174/1/3 151/1/3 150/1/3 175/1/3
f 190/1/3 182/1/3 185/1/3 195/1/3
f 183/1/4 191/1/4 194/1/4 181/1/4
f 156/1/4 158/1/4 159/1/4 153/1/4
f 171/1/2 156/1/2 153/1/2 170/1/2
f 74/1/2 155/1/2 172/1/2 77/1/2 65/1/2
f 75/1/4 157/1/4 155/1/4 74/1/4
f 166/1/6 157/1/6 75/1/6 67/1/6 78/1/6
f 168/1/6 159/1/6 158/1/6 165/1/6
f 212/1/1 197/1/1 196/1/1 193/1/1
f 200/1/5 209/1/5 192/1/5 189/1/5
f 211/1/4 212/1/4 193/1/4 194/1/4
f 164/1/2 180/1/2 177/1/2 161/1/2
f 161/1/3 174/1/3 175/1/3 164/1/3
f 163/1/3 176/1/3 97/1/3 110/1/3
f 106/1/2 179/1/2 163/1/2 110/1/2
f 180/1/4 171/1/4 170/1/4 177/1/4
f 77/1/4 172/1/4 179/1/4 106/1/4
f 191/1/6 190/1/6 195/1/6 194/1/6
f 196/1/3 195/1/3 185/1/3 186/1/3
f 182/1/2 183/1/2 181/1/2 185/1/2
f 194/1/4 193/1/4 184/1/4 181/1/4
f 189/1/5 192/1/5 187/1/5 188/1/5
f 190/1/3 189/1/3 188/1/3 182/1/3
f 185/1/2 181/1/2 184/1/2 186/1/2
f 183/1/2 182/1/2 188/1/2 187/1/2
f 210/1/1 199/1/1 190/1/1 191/1/1
f 197/1/3 198/1/3 195/1/3 196/1/3
f 209/1/4 210/1/4 191/1/4 192/1/4
f 193/1/1 196/1/1 186/1/1 184/1/1
f 192/1/4 191/1/4 183/1/4 187/1/4
f 228/1/3 219/1/3 220/1/3 227/1/3
f 226/1/3 217/1/3 218/1/3 225/1/3
f 206/1/6 215/1/6 216/1/6 205/1/6
f 214/1/6 207/1/6 208/1/6 213/1/6
f 222/1/2 201/1/2 202/1/2 221/1/2
f 204/1/2 223/1/2 224/1/2 203/1/2
f 199/1/3 200/1/3 189/1/3 190/1/3
f 198/1/5 211/1/5 194/1/5 195/1/5
f 201/1/4 216/1/4 215/1/4 202/1/4
f 203/1/4 214/1/4 213/1/4 204/1/4
f 197/1/3 228/1/3 227/1/3 198/1/3
f 199/1/3 226/1/3 225/1/3 200/1/3
f 211/1/4 222/1/4 221/1/4 212/1/4
f 209/1/4 224/1/4 223/1/4 210/1/4
f 219/1/6 206/1/6 205/1/6 220/1/6
f 207/1/6 218/1/6 217/1/6 208/1/6
f 197/1/2 212/1/2 105/1/2 111/1/2
f 198/1/3 227/1/3 226/1/3 199/1/3
f 101/1/3 228/1/3 197/1/3 111/1/3
f 199/1/2 210/1/2 211/1/2 198/1/2
f 200/1/3 225/1/3 173/1/3 162/1/3
f 162/1/2 178/1/2 209/1/2 200/1/2
f 202/1/4 215/1/4 86/1/4 83/1/4
f 221/1/2 202/1/2 83/1/2 71/1/2 87/1/2
f 204/1/4 213/1/4 216/1/4 201/1/4
f 223/1/2 204/1/2 201/1/2 222/1/2
f 169/1/2 154/1/2 203/1/2 224/1/2
f 154/1/4 160/1/4 214/1/4 203/1/4
f 88/1/6 69/1/6 86/1/6 215/1/6 206/1/6
f 220/1/6 205/1/6 208/1/6 217/1/6
f 205/1/6 216/1/6 213/1/6 208/1/6
f 88/1/6 206/1/6 219/1/6 102/1/6
f 218/1/6 207/1/6 167/1/6 152/1/6
f 207/1/6 214/1/6 160/1/6 167/1/6
f 178/1/4 169/1/4 224/1/4 209/1/4
f 210/1/4 223/1/4 222/1/4 211/1/4
f 212/1/4 221/1/4 87/1/4 105/1/4
f 225/1/3 218/1/3 152/1/3 173/1/3
f 227/1/3 220/1/3 217/1/3 226/1/3
f 101/1/3 102/1/3 219/1/3 228/1/3
f 229/1/5 230/1/5 232/1/5 231/1/5
f 231/1/2 232/1/2 236/1/2 235/1/2
f 235/1/1 236/1/1 234/1/1 233/1/1
f 233/1/6 234/1/6 230/1/6 229/1/6
f 231/1/3 235/1/3 233/1/3 229/1/3
f 236/1/4 232/1/4 230/1/4 234/1/4
f 237/1/5 238/1/5 240/1/5 239/1/5
f 239/1/2 240/1/2 244/1/2 243/1/2
f 243/1/1 244/1/1 242/1/1 241/1/1
f 241/1/6 242/1/6 238/1/6 237/1/6
f 239/1/3 243/1/3 241/1/3 237/1/3
f 244/1/4 240/1/4 238/1/4 242/1/4
f 269/1/5 270/1/5 248/1/5 247/1/5
f 247/1/2 248/1/2 252/1/2 251/1/2
f 271/1/1 272/1/1 250/1/1 249/1/1
f 249/1/6 250/1/6 246/1/6 245/1/6
f 269/1/3 271/1/3 249/1/3 245/1/3
f 272/1/4 270/1/4 246/1/4 250/1/4
f 253/1/14 254/1/14 256/1/14 255/1/14
f 255/1/2 256/1/2 260/1/2 259/1/2
f 259/1/8 260/1/8 258/1/8 257/1/8
f 257/1/6 258/1/6 254/1/6 253/1/6
f 255/1/9 259/1/9 257/1/9 253/1/9
f 260/1/10 256/1/10 254/1/10 258/1/10
f 261/1/5 262/1/5 264/1/5 263/1/5
f 263/1/2 264/1/2 268/1/2 267/1/2
f 267/1/1 268/1/1 266/1/1 265/1/1
f 265/1/6 266/1/6 262/1/6 261/1/6
f 263/1/3 267/1/3 265/1/3 261/1/3
f 268/1/4 264/1/4 262/1/4 266/1/4
f 252/1/4 248/1/4 270/1/4 272/1/4
f 247/1/3 251/1/3 271/1/3 269/1/3
f 251/1/1 252/1/1 272/1/1 271/1/1
f 245/1/6 246/1/6 275/1/6 274/1/6
f 274/1/5 275/1/5 276/1/5 273/1/5
f 270/1/2 269/1/2 273/1/2 276/1/2
f 246/1/4 270/1/4 276/1/4 275/1/4
f 269/1/3 245/1/3 274/1/3 273/1/3
f 277/1/5 278/1/5 280/1/5 279/1/5
f 279/1/2 280/1/2 284/1/2 283/1/2
f 283/1/1 284/1/1 282/1/1 281/1/1
f 281/1/6 282/1/6 278/1/6 277/1/6
f 279/1/3 283/1/3 281/1/3 277/1/3
f 284/1/4 280/1/4 278/1/4 282/1/4
f 285/1/5 286/1/5 288/1/5 287/1/5
f 287/1/2 288/1/2 292/1/2 291/1/2
f 291/1/1 292/1/1 290/1/1 289/1/1
f 289/1/6 290/1/6 286/1/6 285/1/6
f 287/1/3 291/1/3 289/1/3 285/1/3
f 292/1/4 288/1/4 286/1/4 290/1/4
f 293/2/5 294/2/5 296/2/5 295/2/5
f 295/2/2 296/2/2 300/2/2 299/2/2
f 299/2/1 300/2/1 298/2/1 297/2/1
f 297/2/6 298/2/6 294/2/6 293/2/6
f 295/2/3 299/2/3 297/2/3 293/2/3
f 300/2/4 296/2/4 294/2/4 298/2/4
f 301/3/15 302/3/15 304/3/15 303/3/15
f 303/3/16 304/3/16 306/3/16 305/3/16
f 305/3/17 306/3/17 308/3/17 307/3/17
f 307/3/18 308/3/18 310/3/18 309/3/18
f 309/3/19 310/3/19 312/3/19 311/3/19
f 311/3/20 312/3/20 314/3/20 313/3/20
f 313/3/21 314/3/21 316/3/21 315/3/21
f 315/3/22 316/3/22 318/3/22 317/3/22
f 317/3/23 318/3/23 320/3/23 319/3/23
f 319/3/24 320/3/24 322/3/24 321/3/24
f 321/3/25 322/3/25 324/3/25 323/3/25
f 323/3/26 324/3/26 326/3/26 325/3/26
f 325/3/27 326/3/27 328/3/27 327/3/27
f 327/3/28 328/3/28 330/3/28 329/3/28
f 329/3/29 330/3/29 332/3/29 331/3/29
f 331/3/30 332/3/30 334/3/30 333/3/30
f 333/3/31 334/3/31 336/3/31 335/3/31
f 335/3/32 336/3/32 338/3/32 337/3/32
f 337/3/33 338/3/33 340/3/33 339/3/33
f 339/3/34 340/3/34 342/3/34 341/3/34
f 341/3/35 342/3/35 344/3/35 343/3/35
f 343/3/36 344/3/36 346/3/36 345/3/36
f 345/3/37 346/3/37 348/3/37 347/3/37
f 347/3/38 348/3/38 350/3/38 349/3/38
f 349/3/39 350/3/39 352/3/39 351/3/39
f 351/3/40 352/3/40 354/3/40 353/3/40
f 353/3/41 354/3/41 356/3/41 355/3/41
f 355/3/42 356/3/42 358/3/42 357/3/42
f 357/3/43 358/3/43 360/3/43 359/3/43
f 359/3/44 360/3/44 362/3/44 361/3/44
f 304/3/2 302/3/2 364/3/2 362/3/2 360/3/2 358/3/2 356/3/2 354/3/2 352/3/2 350/3/2 348/3/2 346/3/2 344/3/2 342/3/2 340/3/2 338/3/2 336/3/2 334/3/2 332/3/2 330/3/2 328/3/2 326/3/2 324/3/2 322/3/2 320/3/2 318/3/2 316/3/2 314/3/2 312/3/2 310/3/2 308/3/2 306/3/2
f 361/3/45 362/3/45 364/3/45 363/3/45
f 363/3/46 364/3/46 302/3/46 301/3/46
f 301/3/6 303/3/6 305/3/6 307/3/6 309/3/6 311/3/6 313/3/6 315/3/6 317/3/6 319/3/6 321/3/6 323/3/6 325/3/6 327/3/6 329/3/6 331/3/6 333/3/6 335/3/6 337/3/6 339/3/6 341/3/6 343/3/6 345/3/6 347/3/6 349/3/6 351/3/6 353/3/6 355/3/6 357/3/6 359/3/6 361/3/6 363/3/6
f 406/4/47 405/4/47 403/4/47 404/4/47
f 408/4/48 407/4/48 405/4/48 406/4/48
f 619/4/49 620/4/49 684/4/49 683/4/49
f 512/4/50 511/4/50 509/4/50 510/4/50
f 410/4/51 409/4/51 407/4/51 408/4/51
f 618/4/52 617/4/52 615/4/52 616/4/52
f 510/4/53 509/4/53 507/4/53 508/4/53
f 412/4/54 411/4/54 409/4/54 410/4/54
f 642/4/55 641/4/55 639/4/55 640/4/55
f 508/4/56 507/4/56 505/4/56 506/4/56
f 414/4/57 413/4/57 411/4/57 412/4/57
f 664/4/3 662/4/3 660/4/3 658/4/3 656/4/3 654/4/3 652/4/3 650/4/3 648/4/3 646/4/3 644/4/3 642/4/3 640/4/3 638/4/3 636/4/3 634/4/3 632/4/3 630/4/3 628/4/3 626/4/3 624/4/3 619/4/3 683/4/3 682/4/3 680/4/3 678/4/3 676/4/3 674/4/3 672/4/3 670/4/3 668/4/3 666/4/3
f 506/4/58 505/4/58 503/4/58 504/4/58
f 416/4/59 415/4/59 413/4/59 414/4/59
f 644/4/60 643/4/60 641/4/60 642/4/60
f 504/4/61 503/4/61 501/4/61 502/4/61
f 418/4/62 417/4/62 415/4/62 416/4/62
f 596/4/63 595/4/63 593/4/63 594/4/63
f 502/4/64 501/4/64 499/4/64 500/4/64
f 420/4/65 419/4/65 417/4/65 418/4/65
f 646/4/66 645/4/66 643/4/66 644/4/66
f 500/4/67 499/4/67 497/4/67 498/4/67
f 422/4/68 421/4/68 419/4/68 420/4/68
f 594/4/69 593/4/69 591/4/69 592/4/69
f 498/4/70 497/4/70 495/4/70 496/4/70
f 424/4/71 423/4/71 421/4/71 422/4/71
f 648/4/72 647/4/72 645/4/72 646/4/72
f 427/4/49 428/4/49 556/4/49 555/4/49
f 426/4/52 425/4/52 423/4/52 424/4/52
f 592/4/73 591/4/73 589/4/73 590/4/73
f 514/4/55 513/4/55 511/4/55 512/4/55
f 536/4/3 534/4/3 532/4/3 530/4/3 528/4/3 526/4/3 524/4/3 522/4/3 520/4/3 518/4/3 516/4/3 514/4/3 512/4/3 510/4/3 508/4/3 506/4/3 504/4/3 502/4/3 500/4/3 498/4/3 496/4/3 427/4/3 555/4/3 554/4/3 552/4/3 550/4/3 548/4/3 546/4/3 544/4/3 542/4/3 540/4/3 538/4/3
f 616/4/71 615/4/71 613/4/71 614/4/71
f 516/4/60 515/4/60 513/4/60 514/4/60
f 460/3/15 459/3/15 457/3/15 458/3/15
f 458/3/16 457/3/16 455/3/16 456/3/16
f 456/3/17 455/3/17 453/3/17 454/3/17
f 454/3/18 453/3/18 451/3/18 452/3/18
f 452/3/19 451/3/19 449/3/19 450/3/19
f 450/3/20 449/3/20 447/3/20 448/3/20
f 448/3/21 447/3/21 445/3/21 446/3/21
f 446/3/22 445/3/22 443/3/22 444/3/22
f 444/3/23 443/3/23 441/3/23 442/3/23
f 442/3/24 441/3/24 439/3/24 440/3/24
f 440/3/25 439/3/25 437/3/25 438/3/25
f 438/3/26 437/3/26 435/3/26 436/3/26
f 436/3/27 435/3/27 433/3/27 434/3/27
f 434/3/28 433/3/28 431/3/28 432/3/28
f 432/3/29 431/3/29 429/3/29 430/3/29
f 430/3/30 429/3/30 462/3/30 461/3/30
f 461/3/31 462/3/31 464/3/31 463/3/31
f 463/3/32 464/3/32 466/3/32 465/3/32
f 465/3/33 466/3/33 468/3/33 467/3/33
f 467/3/34 468/3/34 470/3/34 469/3/34
f 469/3/35 470/3/35 472/3/35 471/3/35
f 471/3/36 472/3/36 474/3/36 473/3/36
f 473/3/37 474/3/37 476/3/37 475/3/37
f 475/3/38 476/3/38 478/3/38 477/3/38
f 477/3/39 478/3/39 480/3/39 479/3/39
f 479/3/40 480/3/40 482/3/40 481/3/40
f 481/3/41 482/3/41 484/3/41 483/3/41
f 483/3/42 484/3/42 486/3/42 485/3/42
f 485/3/43 486/3/43 488/3/43 487/3/43
f 487/3/44 488/3/44 490/3/44 489/3/44
f 457/3/2 459/3/2 492/3/2 490/3/2 488/3/2 486/3/2 484/3/2 482/3/2 480/3/2 478/3/2 476/3/2 474/3/2 472/3/2 470/3/2 468/3/2 466/3/2 464/3/2 462/3/2 429/3/2 431/3/2 433/3/2 435/3/2 437/3/2 439/3/2 441/3/2 443/3/2 445/3/2 447/3/2 449/3/2 451/3/2 453/3/2 455/3/2
f 489/3/45 490/3/45 492/3/45 491/3/45
f 491/3/46 492/3/46 459/3/46 460/3/46
f 460/3/6 458/3/6 456/3/6 454/3/6 452/3/6 450/3/6 448/3/6 446/3/6 444/3/6 442/3/6 440/3/6 438/3/6 436/3/6 434/3/6 432/3/6 430/3/6 461/3/6 463/3/6 465/3/6 467/3/6 469/3/6 471/3/6 473/3/6 475/3/6 477/3/6 479/3/6 481/3/6 483/3/6 485/3/6 487/3/6 489/3/6 491/3/6
f 626/4/70 625/4/70 623/4/70 624/4/70
f 404/4/74 403/4/74 401/4/74 402/4/74
f 518/4/66 517/4/66 515/4/66 516/4/66
f 614/4/68 613/4/68 611/4/68 612/4/68
f 402/4/69 401/4/69 399/4/69 400/4/69
f 520/4/72 519/4/72 517/4/72 518/4/72
f 628/4/67 627/4/67 625/4/67 626/4/67
f 400/4/73 399/4/73 397/4/73 398/4/73
f 522/4/75 521/4/75 519/4/75 520/4/75
f 612/4/76 611/4/76 609/4/76 610/4/76
f 398/4/77 397/4/77 395/4/77 396/4/77
f 524/4/78 523/4/78 521/4/78 522/4/78
f 630/4/79 629/4/79 627/4/79 628/4/79
f 396/4/78 395/4/78 393/4/78 394/4/78
f 526/4/77 525/4/77 523/4/77 524/4/77
f 610/4/80 609/4/80 607/4/80 608/4/80
f 394/4/75 393/4/75 391/4/75 392/4/75
f 528/4/73 527/4/73 525/4/73 526/4/73
f 632/4/61 631/4/61 629/4/61 630/4/61
f 392/4/72 391/4/72 389/4/72 390/4/72
f 530/4/69 529/4/69 527/4/69 528/4/69
f 608/4/81 607/4/81 605/4/81 606/4/81
f 390/4/66 389/4/66 387/4/66 388/4/66
f 532/4/74 531/4/74 529/4/74 530/4/74
f 634/4/58 633/4/58 631/4/58 632/4/58
f 388/4/60 387/4/60 385/4/60 386/4/60
f 554/4/52 553/4/52 551/4/52 552/4/52
f 606/4/82 605/4/82 603/4/82 604/4/82
f 386/4/55 385/4/55 383/4/55 384/4/55
f 552/4/71 551/4/71 549/4/71 550/4/71
f 636/4/56 635/4/56 633/4/56 634/4/56
f 384/4/50 383/4/50 381/4/50 382/4/50
f 550/4/68 549/4/68 547/4/68 548/4/68
f 604/4/54 603/4/54 601/4/54 602/4/54
f 382/4/53 381/4/53 379/4/53 380/4/53
f 548/4/65 547/4/65 545/4/65 546/4/65
f 638/4/53 637/4/53 635/4/53 636/4/53
f 380/4/56 379/4/56 377/4/56 378/4/56
f 546/4/62 545/4/62 543/4/62 544/4/62
f 602/4/51 601/4/51 599/4/51 600/4/51
f 378/4/58 377/4/58 375/4/58 376/4/58
f 544/4/59 543/4/59 541/4/59 542/4/59
f 640/4/83 639/4/83 637/4/83 638/4/83
f 376/4/61 375/4/61 373/4/61 374/4/61
f 542/4/57 541/4/57 539/4/57 540/4/57
f 600/4/84 599/4/84 597/4/84 598/4/84
f 374/4/64 373/4/64 371/4/64 372/4/64
f 540/4/54 539/4/54 537/4/54 538/4/54
f 598/4/85 597/4/85 595/4/85 596/4/85
f 372/4/67 371/4/67 369/4/67 370/4/67
f 538/4/51 537/4/51 535/4/51 536/4/51
f 533/4/4 535/4/4 537/4/4 539/4/4 541/4/4 543/4/4 545/4/4 547/4/4 549/4/4 551/4/4 553/4/4 556/4/4 428/4/4 495/4/4 497/4/4 499/4/4 501/4/4 503/4/4 505/4/4 507/4/4 509/4/4 511/4/4 513/4/4 515/4/4 517/4/4 519/4/4 521/4/4 523/4/4 525/4/4 527/4/4 529/4/4 531/4/4
f 370/4/70 369/4/70 367/4/70 368/4/70
f 536/4/48 535/4/48 533/4/48 534/4/48
f 555/4/86 556/4/86 553/4/86 554/4/86
f 368/4/87 367/4/87 365/4/87 366/4/87
f 534/4/47 533/4/47 531/4/47 532/4/47
f 408/4/3 406/4/3 404/4/3 402/4/3 400/4/3 398/4/3 396/4/3 394/4/3 392/4/3 390/4/3 388/4/3 386/4/3 384/4/3 382/4/3 380/4/3 378/4/3 376/4/3 374/4/3 372/4/3 370/4/3 368/4/3 366/4/3 493/4/3 426/4/3 424/4/3 422/4/3 420/4/3 418/4/3 416/4/3 414/4/3 412/4/3 410/4/3
f 366/4/49 365/4/49 494/4/49 493/4/49
f 496/4/87 495/4/87 428/4/87 427/4/87
f 650/4/75 649/4/75 647/4/75 648/4/75
f 493/4/86 494/4/86 425/4/86 426/4/86
f 405/4/4 407/4/4 409/4/4 411/4/4 413/4/4 415/4/4 417/4/4 419/4/4 421/4/4 423/4/4 425/4/4 494/4/4 365/4/4 367/4/4 369/4/4 371/4/4 373/4/4 375/4/4 377/4/4 379/4/4 381/4/4 383/4/4 385/4/4 387/4/4 389/4/4 391/4/4 393/4/4 395/4/4 397/4/4 399/4/4 401/4/4 403/4/4
f 590/4/77 589/4/77 587/4/77 588/4/77
f 652/4/78 651/4/78 649/4/78 650/4/78
f 588/4/78 587/4/78 585/4/78 586/4/78
f 654/4/77 653/4/77 651/4/77 652/4/77
f 586/4/75 585/4/75 583/4/75 584/4/75
f 656/4/73 655/4/73 653/4/73 654/4/73
f 584/4/72 583/4/72 581/4/72 582/4/72
f 658/4/69 657/4/69 655/4/69 656/4/69
f 582/4/66 581/4/66 579/4/66 580/4/66
f 660/4/63 659/4/63 657/4/63 658/4/63
f 580/4/60 579/4/60 577/4/60 578/4/60
f 682/4/52 681/4/52 679/4/52 680/4/52
f 578/4/55 577/4/55 575/4/55 576/4/55
f 680/4/71 679/4/71 677/4/71 678/4/71
f 576/4/83 575/4/83 573/4/83 574/4/83
f 678/4/68 677/4/68 675/4/68 676/4/68
f 574/4/53 573/4/53 571/4/53 572/4/53
f 676/4/76 675/4/76 673/4/76 674/4/76
f 572/4/56 571/4/56 569/4/56 570/4/56
f 674/4/80 673/4/80 671/4/80 672/4/80
f 570/4/58 569/4/58 567/4/58 568/4/58
f 672/4/81 671/4/81 669/4/81 670/4/81
f 568/4/61 567/4/61 565/4/61 566/4/61
f 670/4/82 669/4/82 667/4/82 668/4/82
f 566/4/79 565/4/79 563/4/79 564/4/79
f 668/4/54 667/4/54 665/4/54 666/4/54
f 564/4/67 563/4/67 561/4/67 562/4/67
f 666/4/51 665/4/51 663/4/51 664/4/51
f 661/4/4 663/4/4 665/4/4 667/4/4 669/4/4 671/4/4 673/4/4 675/4/4 677/4/4 679/4/4 681/4/4 684/4/4 620/4/4 623/4/4 625/4/4 627/4/4 629/4/4 631/4/4 633/4/4 635/4/4 637/4/4 639/4/4 641/4/4 643/4/4 645/4/4 647/4/4 649/4/4 651/4/4 653/4/4 655/4/4 657/4/4 659/4/4
f 562/4/70 561/4/70 559/4/70 560/4/70
f 664/4/84 663/4/84 661/4/84 662/4/84
f 683/4/86 684/4/86 681/4/86 682/4/86
f 560/4/87 559/4/87 557/4/87 558/4/87
f 662/4/85 661/4/85 659/4/85 660/4/85
f 600/4/3 598/4/3 596/4/3 594/4/3 592/4/3 590/4/3 588/4/3 586/4/3 584/4/3 582/4/3 580/4/3 578/4/3 576/4/3 574/4/3 572/4/3 570/4/3 568/4/3 566/4/3 564/4/3 562/4/3 560/4/3 558/4/3 621/4/3 618/4/3 616/4/3 614/4/3 612/4/3 610/4/3 608/4/3 606/4/3 604/4/3 602/4/3
f 558/4/49 557/4/49 622/4/49 621/4/49
f 624/4/87 623/4/87 620/4/87 619/4/87
f 621/4/86 622/4/86 617/4/86 618/4/86
f 597/4/4 599/4/4 601/4/4 603/4/4 605/4/4 607/4/4 609/4/4 611/4/4 613/4/4 615/4/4 617/4/4 622/4/4 557/4/4 559/4/4 561/4/4 563/4/4 565/4/4 567/4/4 569/4/4 571/4/4 573/4/4 575/4/4 577/4/4 579/4/4 581/4/4 583/4/4 585/4/4 587/4/4 589/4/4 591/4/4 593/4/4 595/4/4
f 685/2/5 686/2/5 688/2/5 687/2/5
f 696/2/6 694/2/6 701/2/6 703/2/6
f 691/2/1 692/2/1 690/2/1 689/2/1
f 689/2/6 690/2/6 686/2/6 685/2/6
f 685/2/5 687/2/5 693/2/5 694/2/5
f 692/2/4 688/2/4 686/2/4 690/2/4
f 691/2/1 689/2/1 696/2/1 695/2/1
f 689/2/6 685/2/6 694/2/6 696/2/6
f 702/2/2 704/2/2 705/2/2 706/2/2
f 695/2/88 696/2/88 703/2/88 699/2/88
f 694/2/89 693/2/89 697/2/89 701/2/89
f 702/2/3 698/2/3 701/2/3 697/2/3
f 704/2/3 702/2/3 697/2/3 699/2/3
f 700/2/3 704/2/3 699/2/3 703/2/3
f 698/2/3 700/2/3 703/2/3 701/2/3
f 705/2/4 708/2/4 718/2/4 709/2/4
f 700/2/6 698/2/6 707/2/6 708/2/6
f 704/2/1 700/2/1 708/2/1 705/2/1
f 698/2/5 702/2/5 706/2/5 707/2/5
f 709/2/1 718/2/1 720/2/1 713/2/1
f 706/2/4 705/2/4 709/2/4 710/2/4
f 708/2/4 707/2/4 717/2/4 718/2/4
f 707/2/4 706/2/4 710/2/4 717/2/4
f 714/2/3 713/2/3 720/2/3 719/2/3
f 715/2/3 716/2/3 724/2/3 723/2/3
f 717/2/5 710/2/5 714/2/5 719/2/5
f 711/2/6 712/2/6 718/2/6 717/2/6
f 716/2/6 715/2/6 719/2/6 720/2/6
f 712/2/6 716/2/6 720/2/6 718/2/6
f 715/2/6 711/2/6 717/2/6 719/2/6
f 722/2/6 721/2/6 723/2/6 724/2/6
f 716/2/1 712/2/1 722/2/1 724/2/1
f 712/2/4 711/2/4 721/2/4 722/2/4
f 711/2/5 715/2/5 723/2/5 721/2/5
f 725/2/5 726/2/5 728/2/5 727/2/5
f 727/2/2 728/2/2 732/2/2 731/2/2
f 731/2/1 732/2/1 730/2/1 729/2/1
f 729/2/6 730/2/6 726/2/6 725/2/6
f 727/2/3 731/2/3 729/2/3 725/2/3
f 732/2/4 728/2/4 726/2/4 730/2/4
f 733/2/5 734/2/5 736/2/5 735/2/5
f 735/2/2 736/2/2 740/2/2 739/2/2
f 739/2/1 740/2/1 738/2/1 737/2/1
f 737/2/6 738/2/6 734/2/6 733/2/6
f 742/2/5 735/2/5 746/2/5 750/2/5
f 740/2/4 736/2/4 734/2/4 738/2/4
f 742/2/3 744/2/3 743/2/3 741/2/3
f 737/2/4 733/2/4 747/2/4 748/2/4
f 733/2/5 735/2/5 742/2/5 741/2/5
f 739/2/1 737/2/1 743/2/1 744/2/1
f 743/2/1 737/2/1 748/2/1 752/2/1
f 735/2/4 739/2/4 745/2/4 746/2/4
f 741/2/90 743/2/90 752/2/90 751/2/90
f 744/2/91 742/2/91 750/2/91 749/2/91
f 739/2/1 744/2/1 749/2/1 745/2/1
f 733/2/5 741/2/5 751/2/5 747/2/5
f 823/2/5 751/2/5 759/2/5 825/2/5
f 756/2/6 755/2/6 763/2/6 764/2/6
f 759/2/4 760/2/4 776/2/4 775/2/4
f 791/2/5 759/2/5 775/2/5 799/2/5
f 827/2/1 749/2/1 757/2/1 831/2/1
f 749/2/6 750/2/6 758/2/6 757/2/6
f 824/2/1 756/2/1 764/2/1 826/2/1
f 829/2/5 754/2/5 762/2/5 832/2/5
f 754/2/2 753/2/2 761/2/2 762/2/2
f 751/2/2 752/2/2 760/2/2 759/2/2
f 757/2/4 758/2/4 774/2/4 773/2/4
f 760/2/1 792/2/1 800/2/1 776/2/1
f 773/2/6 774/2/6 798/2/6 797/2/6
f 778/2/2 777/2/2 801/2/2 802/2/2
f 780/2/6 779/2/6 803/2/6 804/2/6
f 775/2/2 776/2/2 800/2/2 799/2/2
f 788/2/6 787/2/6 819/2/6 820/2/6
f 763/2/5 795/2/5 803/2/5 779/2/5
f 761/2/1 793/2/1 801/2/1 777/2/1
f 762/2/4 761/2/4 777/2/4 778/2/4
f 770/2/5 786/2/5 818/2/5 810/2/5
f 794/2/5 762/2/5 778/2/5 802/2/5
f 764/2/4 763/2/4 779/2/4 780/2/4
f 786/2/2 785/2/2 817/2/2 818/2/2
f 758/2/5 790/2/5 798/2/5 774/2/5
f 785/2/1 769/2/1 809/2/1 817/2/1
f 789/2/1 757/2/1 773/2/1 797/2/1
f 796/2/1 764/2/1 780/2/1 804/2/1
f 765/2/3 766/2/3 790/2/3 789/2/3
f 767/2/3 768/2/3 792/2/3 791/2/3
f 770/2/3 769/2/3 793/2/3 794/2/3
f 772/2/3 771/2/3 795/2/3 796/2/3
f 782/2/3 781/2/3 797/2/3 798/2/3
f 784/2/3 783/2/3 799/2/3 800/2/3
f 785/2/3 786/2/3 802/2/3 801/2/3
f 787/2/3 788/2/3 804/2/3 803/2/3
f 768/2/3 784/2/3 800/2/3 792/2/3
f 783/2/3 767/2/3 791/2/3 799/2/3
f 781/2/3 765/2/3 789/2/3 797/2/3
f 766/2/3 782/2/3 798/2/3 790/2/3
f 771/2/3 787/2/3 803/2/3 795/2/3
f 769/2/3 785/2/3 801/2/3 793/2/3
f 786/2/3 770/2/3 794/2/3 802/2/3
f 788/2/3 772/2/3 796/2/3 804/2/3
f 806/2/3 805/2/3 813/2/3 814/2/3
f 808/2/3 807/2/3 815/2/3 816/2/3
f 809/2/3 810/2/3 818/2/3 817/2/3
f 811/2/3 812/2/3 820/2/3 819/2/3
f 766/2/2 765/2/2 805/2/2 806/2/2
f 772/2/1 788/2/1 820/2/1 812/2/1
f 784/2/1 768/2/1 808/2/1 816/2/1
f 768/2/6 767/2/6 807/2/6 808/2/6
f 767/2/5 783/2/5 815/2/5 807/2/5
f 769/2/6 770/2/6 810/2/6 809/2/6
f 765/2/1 781/2/1 813/2/1 805/2/1
f 771/2/2 772/2/2 812/2/2 811/2/2
f 782/2/5 766/2/5 806/2/5 814/2/5
f 781/2/6 782/2/6 814/2/6 813/2/6
f 787/2/5 771/2/5 811/2/5 819/2/5
f 783/2/2 784/2/2 816/2/2 815/2/2
f 752/2/1 824/2/1 826/2/1 760/2/1
f 752/2/1 748/2/1 822/2/1 824/2/1
f 755/2/5 823/2/5 825/2/5 763/2/5
f 747/2/5 751/2/5 823/2/5 821/2/5
f 748/2/4 747/2/4 821/2/4 822/2/4
f 750/2/5 829/2/5 832/2/5 758/2/5
f 753/2/1 827/2/1 831/2/1 761/2/1
f 750/2/5 746/2/5 830/2/5 829/2/5
f 746/2/4 745/2/4 828/2/4 830/2/4
f 745/2/1 749/2/1 827/2/1 828/2/1
f 833/2/5 834/2/5 835/2/5
f 836/2/1 837/2/1 838/2/1
f 839/2/1 840/2/1 841/2/1
f 842/2/5 843/2/5 844/2/5
f 836/2/3 834/2/3 833/2/3 837/2/3
f 842/2/3 840/2/3 839/2/3 843/2/3
f 763/2/5 825/2/5 835/2/5 834/2/5 795/2/5
f 791/2/92 792/2/92 837/2/92 833/2/92
f 825/2/5 759/2/5 791/2/5 833/2/5 835/2/5
f 834/2/93 836/2/93 796/2/93 795/2/93
f 760/2/1 826/2/1 838/2/1 837/2/1 792/2/1
f 826/2/1 764/2/1 796/2/1 836/2/1 838/2/1
f 761/2/1 831/2/1 841/2/1 840/2/1 793/2/1
f 789/2/93 790/2/93 843/2/93 839/2/93
f 831/2/1 757/2/1 789/2/1 839/2/1 841/2/1
f 840/2/92 842/2/92 794/2/92 793/2/92
f 832/2/5 762/2/5 794/2/5 842/2/5 844/2/5
f 758/2/5 832/2/5 844/2/5 843/2/5 790/2/5
f 845/2/94 848/2/94 847/2/94 846/2/94
f 849/2/95 852/2/95 851/2/95 850/2/95
f 830/2/4 828/2/4 846/2/4 847/2/4
f 848/2/2 845/2/2 753/2/2 754/2/2
f 828/2/1 827/2/1 753/2/1 845/2/1 846/2/1
f 829/2/5 830/2/5 847/2/5 848/2/5 754/2/5
f 852/2/6 849/2/6 755/2/6 756/2/6
f 821/2/5 823/2/5 755/2/5 849/2/5 850/2/5
f 822/2/4 821/2/4 850/2/4 851/2/4
f 824/2/1 822/2/1 851/2/1 852/2/1 756/2/1
f 853/2/5 854/2/5 856/2/5 855/2/5
f 855/2/2 856/2/2 860/2/2 859/2/2
f 859/2/1 860/2/1 858/2/1 857/2/1
f 857/2/6 858/2/6 854/2/6 853/2/6
f 862/2/5 855/2/5 866/2/5 870/2/5
f 860/2/4 856/2/4 854/2/4 858/2/4
f 862/2/3 864/2/3 863/2/3 861/2/3
f 857/2/4 853/2/4 867/2/4 868/2/4
f 853/2/5 855/2/5 862/2/5 861/2/5
f 859/2/1 857/2/1 863/2/1 864/2/1
f 863/2/1 857/2/1 868/2/1 872/2/1
f 855/2/4 859/2/4 865/2/4 866/2/4
f 861/2/90 863/2/90 872/2/90 871/2/90
f 864/2/91 862/2/91 870/2/91 869/2/91
f 859/2/1 864/2/1 869/2/1 865/2/1
f 853/2/5 861/2/5 871/2/5 867/2/5
f 943/2/5 871/2/5 879/2/5 945/2/5
f 876/2/6 875/2/6 883/2/6 884/2/6
f 879/2/4 880/2/4 896/2/4 895/2/4
f 911/2/5 879/2/5 895/2/5 919/2/5
f 947/2/1 869/2/1 877/2/1 951/2/1
f 869/2/6 870/2/6 878/2/6 877/2/6
f 944/2/1 876/2/1 884/2/1 946/2/1
f 949/2/5 874/2/5 882/2/5 952/2/5
f 874/2/2 873/2/2 881/2/2 882/2/2
f 871/2/2 872/2/2 880/2/2 879/2/2
f 877/2/4 878/2/4 894/2/4 893/2/4
f 880/2/1 912/2/1 920/2/1 896/2/1
f 893/2/6 894/2/6 918/2/6 917/2/6
f 898/2/2 897/2/2 921/2/2 922/2/2
f 900/2/6 899/2/6 923/2/6 924/2/6
f 895/2/2 896/2/2 920/2/2 919/2/2
f 908/2/6 907/2/6 939/2/6 940/2/6
f 883/2/5 915/2/5 923/2/5 899/2/5
f 881/2/1 913/2/1 921/2/1 897/2/1
f 882/2/4 881/2/4 897/2/4 898/2/4
f 890/2/5 906/2/5 938/2/5 930/2/5
f 914/2/5 882/2/5 898/2/5 922/2/5
f 884/2/4 883/2/4 899/2/4 900/2/4
f 906/2/2 905/2/2 937/2/2 938/2/2
f 878/2/5 910/2/5 918/2/5 894/2/5
f 905/2/1 889/2/1 929/2/1 937/2/1
f 909/2/1 877/2/1 893/2/1 917/2/1
f 916/2/1 884/2/1 900/2/1 924/2/1
f 885/2/3 886/2/3 910/2/3 909/2/3
f 887/2/3 888/2/3 912/2/3 911/2/3
f 890/2/3 889/2/3 913/2/3 914/2/3
f 892/2/3 891/2/3 915/2/3 916/2/3
f 902/2/3 901/2/3 917/2/3 918/2/3
f 904/2/3 903/2/3 919/2/3 920/2/3
f 905/2/3 906/2/3 922/2/3 921/2/3
f 907/2/3 908/2/3 924/2/3 923/2/3
f 888/2/3 904/2/3 920/2/3 912/2/3
f 903/2/3 887/2/3 911/2/3 919/2/3
f 901/2/3 885/2/3 909/2/3 917/2/3
f 886/2/3 902/2/3 918/2/3 910/2/3
f 891/2/3 907/2/3 923/2/3 915/2/3
f 889/2/3 905/2/3 921/2/3 913/2/3
f 906/2/3 890/2/3 914/2/3 922/2/3
f 908/2/3 892/2/3 916/2/3 924/2/3
f 926/2/3 925/2/3 933/2/3 934/2/3
f 928/2/3 927/2/3 935/2/3 936/2/3
f 929/2/3 930/2/3 938/2/3 937/2/3
f 931/2/3 932/2/3 940/2/3 939/2/3
f 886/2/2 885/2/2 925/2/2 926/2/2
f 892/2/1 908/2/1 940/2/1 932/2/1
f 904/2/1 888/2/1 928/2/1 936/2/1
f 888/2/6 887/2/6 927/2/6 928/2/6
f 887/2/5 903/2/5 935/2/5 927/2/5
f 889/2/6 890/2/6 930/2/6 929/2/6
f 885/2/1 901/2/1 933/2/1 925/2/1
f 891/2/2 892/2/2 932/2/2 931/2/2
f 902/2/5 886/2/5 926/2/5 934/2/5
f 901/2/6 902/2/6 934/2/6 933/2/6
f 907/2/5 891/2/5 931/2/5 939/2/5
f 903/2/2 904/2/2 936/2/2 935/2/2
f 872/2/1 944/2/1 946/2/1 880/2/1
f 872/2/1 868/2/1 942/2/1 944/2/1
f 875/2/5 943/2/5 945/2/5 883/2/5
f 867/2/5 871/2/5 943/2/5 941/2/5
f 868/2/4 867/2/4 941/2/4 942/2/4
f 870/2/5 949/2/5 952/2/5 878/2/5
f 873/2/1 947/2/1 951/2/1 881/2/1
f 870/2/5 866/2/5 950/2/5 949/2/5
f 866/2/4 865/2/4 948/2/4 950/2/4
f 865/2/1 869/2/1 947/2/1 948/2/1
f 953/2/5 954/2/5 955/2/5
f 956/2/1 957/2/1 958/2/1
f 959/2/1 960/2/1 961/2/1
f 962/2/5 963/2/5 964/2/5
f 956/2/3 954/2/3 953/2/3 957/2/3
f 962/2/3 960/2/3 959/2/3 963/2/3
f 883/2/5 945/2/5 955/2/5 954/2/5 915/2/5
f 911/2/92 912/2/92 957/2/92 953/2/92
f 945/2/5 879/2/5 911/2/5 953/2/5 955/2/5
f 954/2/93 956/2/93 916/2/93 915/2/93
f 880/2/1 946/2/1 958/2/1 957/2/1 912/2/1
f 946/2/1 884/2/1 916/2/1 956/2/1 958/2/1
f 881/2/1 951/2/1 961/2/1 960/2/1 913/2/1
f 909/2/93 910/2/93 963/2/93 959/2/93
f 951/2/1 877/2/1 909/2/1 959/2/1 961/2/1
f 960/2/92 962/2/92 914/2/92 913/2/92
f 952/2/5 882/2/5 914/2/5 962/2/5 964/2/5
f 878/2/5 952/2/5 964/2/5 963/2/5 910/2/5
f 965/2/94 968/2/94 967/2/94 966/2/94
f 969/2/95 972/2/95 971/2/95 970/2/95
f 950/2/4 948/2/4 966/2/4 967/2/4
f 968/2/2 965/2/2 873/2/2 874/2/2
f 948/2/1 947/2/1 873/2/1 965/2/1 966/2/1
f 949/2/5 950/2/5 967/2/5 968/2/5 874/2/5
f 972/2/6 969/2/6 875/2/6 876/2/6
f 941/2/5 943/2/5 875/2/5 969/2/5 970/2/5
f 942/2/4 941/2/4 970/2/4 971/2/4
f 944/2/1 942/2/1 971/2/1 972/2/1 876/2/1
f 7/1/1 975/1/1 976/1/1 8/1/1
f 976/1/6 981/1/6 982/1/6 974/1/6
f 5/1/3 973/1/3 975/1/3 7/1/3
f 8/1/4 976/1/4 974/1/4 6/1/4
f 973/1/5 5/1/5 6/1/5 974/1/5
f 980/1/2 977/1/2 978/1/2 979/1/2
f 975/1/1 980/1/1 979/1/1 976/1/1
f 974/1/5 978/1/5 977/1/5 973/1/5
f 973/1/3 977/1/3 980/1/3 975/1/3
f 981/1/3 21/1/3 22/1/3 982/1/3
f 974/1/5 982/1/5 984/1/5 978/1/5
f 979/1/1 983/1/1 981/1/1 976/1/1
f 978/1/2 984/1/2 983/1/2 979/1/2
f 985/1/4 987/1/4 988/1/4 986/1/4
f 983/1/1 987/1/1 985/1/1 981/1/1
f 984/1/2 988/1/2 987/1/2 983/1/2
f 982/1/5 986/1/5 988/1/5 984/1/5
f 982/1/5 22/1/5 24/1/5 986/1/5
f 986/1/4 24/1/4 23/1/4 985/1/4
f 985/1/1 23/1/1 21/1/1 981/1/1
f 31/1/1 991/1/1 992/1/1 32/1/1
f 992/1/6 997/1/6 998/1/6 990/1/6
f 29/1/3 989/1/3 991/1/3 31/1/3
f 32/1/4 992/1/4 990/1/4 30/1/4
f 989/1/5 29/1/5 30/1/5 990/1/5
f 996/1/2 993/1/2 994/1/2 995/1/2
f 991/1/1 996/1/1 995/1/1 992/1/1
f 990/1/5 994/1/5 993/1/5 989/1/5
f 989/1/3 993/1/3 996/1/3 991/1/3
f 997/1/3 45/1/3 46/1/3 998/1/3
f 990/1/5 998/1/5 1000/1/5 994/1/5
f 995/1/1 999/1/1 997/1/1 992/1/1
f 994/1/2 1000/1/2 999/1/2 995/1/2
f 1001/1/4 1003/1/4 1004/1/4 1002/1/4
f 999/1/1 1003/1/1 1001/1/1 997/1/1
f 1000/1/2 1004/1/2 1003/1/2 999/1/2
f 998/1/5 1002/1/5 1004/1/5 1000/1/5
f 998/1/5 46/1/5 48/1/5 1002/1/5
f 1002/1/4 48/1/4 47/1/4 1001/1/4
f 1001/1/1 47/1/1 45/1/1 997/1/1
f 1005/1/5 1007/1/5 1008/1/5 1006/1/5
f 1007/1/6 1011/1/6 1012/1/6 1008/1/6
f 1011/1/1 1009/1/1 1010/1/1 1012/1/1
f 1009/1/2 1005/1/2 1006/1/2 1010/1/2
f 1007/1/3 1005/1/3 1009/1/3 1011/1/3
f 1012/1/4 1010/1/4 1006/1/4 1008/1/4
f 1013/1/7 1015/1/7 1016/1/7 1014/1/7
f 1015/1/6 1019/1/6 1020/1/6 1016/1/6
f 1019/1/8 1017/1/8 1018/1/8 1020/1/8
f 1017/1/2 1013/1/2 1014/1/2 1018/1/2
f 1015/1/9 1013/1/9 1017/1/9 1019/1/9
f 1020/1/10 1018/1/10 1014/1/10 1016/1/10
f 1034/1/1 1046/1/1 99/1/1 79/1/1
f 1043/1/3 1052/1/3 1055/1/3 1047/1/3
f 1021/1/6 1029/1/6 1022/1/6 1033/1/6
f 1034/1/1 79/1/1 80/1/1 1023/1/1
f 1039/1/6 1026/1/6 1036/1/6 1027/1/6
f 1099/1/5 1086/1/5 1082/1/5 1115/1/5
f 1031/1/11 1023/1/11 1021/1/11 1030/1/11
f 1023/1/12 1032/1/12 1029/1/12 1021/1/12
f 1039/1/4 1049/1/4 1051/1/4 1026/1/4
f 1023/1/12 80/1/12 82/1/12 1032/1/12
f 1056/1/3 1063/1/3 1061/1/3 1041/1/3
f 1035/1/13 1027/1/13 1025/1/13 1038/1/13
f 1084/1/5 1078/1/5 1077/1/5 1080/1/5
f 1026/1/6 1024/1/6 1068/1/6 1036/1/6
f 1079/1/2 1082/1/2 1086/1/2 1083/1/2
f 1052/1/6 1071/1/6 1070/1/6 1051/1/6
f 1027/1/13 1036/1/13 1037/1/13 1025/1/13
f 1037/1/13 91/1/13 89/1/13 1025/1/13
f 1025/1/5 89/1/5 92/1/5 1040/1/5
f 1076/1/6 1072/1/6 1074/1/6 1075/1/6
f 1045/1/3 1041/1/3 1042/1/3 1046/1/3
f 1115/1/4 1082/1/4 1081/1/4 1116/1/4
f 1044/1/3 1043/1/3 1047/1/3 1048/1/3
f 1042/1/3 100/1/3 99/1/3 1046/1/3
f 1048/1/3 104/1/3 103/1/3 1044/1/3
f 1036/1/4 1068/1/4 1067/1/4 1037/1/4
f 92/1/5 104/1/5 1048/1/5 1040/1/5
f 1041/1/3 1061/1/3 1062/1/3 1042/1/3
f 1042/1/3 1062/1/3 114/1/3 100/1/3
f 1053/1/6 1056/1/6 1054/1/6 1050/1/6
f 1049/1/6 1055/1/6 1052/1/6 1051/1/6
f 1085/1/3 1075/1/3 1074/1/3 1086/1/3
f 1022/1/4 1053/1/4 1050/1/4 1033/1/4
f 1044/1/3 1069/1/3 1065/1/3 1043/1/3
f 1117/1/4 1080/1/4 1079/1/4 1118/1/4
f 1022/1/4 1057/1/4 1064/1/4 1053/1/4
f 1045/1/3 1054/1/3 1056/1/3 1041/1/3
f 1059/1/5 1060/1/5 1058/1/5 1057/1/5
f 1060/1/5 119/1/5 113/1/5 1058/1/5
f 113/1/5 114/1/5 1062/1/5 1058/1/5
f 1058/1/5 1062/1/5 1061/1/5 1057/1/5
f 1061/1/5 1063/1/5 1064/1/5 1057/1/5
f 1029/1/6 1059/1/6 1057/1/6 1022/1/6
f 1032/1/4 1060/1/4 1059/1/4 1029/1/4
f 1053/1/6 1064/1/6 1063/1/6 1056/1/6
f 82/1/4 119/1/4 1060/1/4 1032/1/4
f 1067/1/1 1068/1/1 1024/1/1 1066/1/1
f 1066/1/1 129/1/1 128/1/1 1067/1/1
f 1024/1/1 1065/1/1 1069/1/1 1066/1/1
f 1066/1/1 1069/1/1 131/1/1 129/1/1
f 1024/1/1 1070/1/1 1071/1/1 1065/1/1
f 1043/1/3 1065/1/3 1071/1/3 1052/1/3
f 1037/1/4 1067/1/4 128/1/4 91/1/4
f 1051/1/4 1070/1/4 1024/1/4 1026/1/4
f 103/1/3 131/1/3 1069/1/3 1044/1/3
f 1118/1/1 1079/1/1 1083/1/1 1102/1/1
f 1100/1/3 1085/1/3 1086/1/3 1099/1/3
f 1073/1/4 1072/1/4 1082/1/4 1079/1/4
f 1028/1/6 1074/1/6 1072/1/6 1073/1/6
f 1083/1/3 1086/1/3 1074/1/3 1028/1/3
f 1083/1/3 1028/1/3 1078/1/3 1084/1/3
f 1081/1/1 1076/1/1 1075/1/1 1085/1/1
f 1080/1/4 1077/1/4 1073/1/4 1079/1/4
f 1082/1/4 1072/1/4 1076/1/4 1081/1/4
f 1073/1/6 1077/1/6 1078/1/6 1028/1/6
f 1101/1/5 1084/1/5 1080/1/5 1117/1/5
f 1092/1/6 1091/1/6 1108/1/6 1107/1/6
f 1094/1/6 1093/1/6 1110/1/6 1109/1/6
f 1100/1/3 1099/1/3 1112/1/3 1111/1/3
f 1102/1/3 1101/1/3 1114/1/3 1113/1/3
f 1106/1/2 1105/1/2 1090/1/2 1089/1/2
f 1104/1/2 1103/1/2 1088/1/2 1087/1/2
f 1102/1/3 1083/1/3 1084/1/3 1101/1/3
f 1116/1/1 1081/1/1 1085/1/1 1100/1/1
f 1091/1/4 1092/1/4 1098/1/4 1097/1/4
f 1093/1/4 1094/1/4 1096/1/4 1095/1/4
f 1111/1/3 1112/1/3 1089/1/3 1090/1/3
f 1113/1/3 1114/1/3 1087/1/3 1088/1/3
f 1097/1/2 1098/1/2 1105/1/2 1106/1/2
f 1095/1/2 1096/1/2 1103/1/2 1104/1/2
f 1115/1/4 1116/1/4 1107/1/4 1108/1/4
f 1117/1/4 1118/1/4 1109/1/4 1110/1/4
f 1114/1/3 1045/1/3 1046/1/3 1087/1/3
f 1089/1/2 1088/1/2 1103/1/2 1106/1/2
f 1087/1/2 1046/1/2 1034/1/2 1104/1/2
f 1112/1/3 1113/1/3 1088/1/3 1089/1/3
f 1128/1/3 1133/1/3 1123/1/3 1120/1/3
f 1121/1/4 1119/1/4 1132/1/4 1129/1/4
f 1094/1/4 1091/1/4 1097/1/4 1096/1/4
f 1109/1/6 1108/1/6 1091/1/6 1094/1/6
f 1030/1/6 1021/1/6 1033/1/6 1110/1/6 1093/1/6
f 1031/1/4 1030/1/4 1093/1/4 1095/1/4
f 1104/1/2 1034/1/2 1023/1/2 1031/1/2 1095/1/2
f 1106/1/2 1103/1/2 1096/1/2 1097/1/2
f 1150/1/1 1131/1/1 1134/1/1 1135/1/1
f 1138/1/5 1127/1/5 1130/1/5 1147/1/5
f 1149/1/4 1132/1/4 1131/1/4 1150/1/4
f 1102/1/6 1099/1/6 1115/1/6 1118/1/6
f 1099/1/3 1102/1/3 1113/1/3 1112/1/3
f 1101/1/3 1054/1/3 1045/1/3 1114/1/3
f 1050/1/6 1054/1/6 1101/1/6 1117/1/6
f 1118/1/4 1115/1/4 1108/1/4 1109/1/4
f 1033/1/4 1050/1/4 1117/1/4 1110/1/4
f 1129/1/2 1132/1/2 1133/1/2 1128/1/2
f 1134/1/3 1124/1/3 1123/1/3 1133/1/3
f 1120/1/6 1123/1/6 1119/1/6 1121/1/6
f 1132/1/4 1119/1/4 1122/1/4 1131/1/4
f 1127/1/5 1126/1/5 1125/1/5 1130/1/5
f 1128/1/3 1120/1/3 1126/1/3 1127/1/3
f 1123/1/6 1124/1/6 1122/1/6 1119/1/6
f 1121/1/6 1125/1/6 1126/1/6 1120/1/6
f 1148/1/1 1129/1/1 1128/1/1 1137/1/1
f 1135/1/3 1134/1/3 1133/1/3 1136/1/3
f 1147/1/4 1130/1/4 1129/1/4 1148/1/4
f 1131/1/1 1122/1/1 1124/1/1 1134/1/1
f 1130/1/4 1125/1/4 1121/1/4 1129/1/4
f 1166/1/3 1165/1/3 1158/1/3 1157/1/3
f 1164/1/3 1163/1/3 1156/1/3 1155/1/3
f 1144/1/2 1143/1/2 1154/1/2 1153/1/2
f 1152/1/2 1151/1/2 1146/1/2 1145/1/2
f 1160/1/6 1159/1/6 1140/1/6 1139/1/6
f 1142/1/6 1141/1/6 1162/1/6 1161/1/6
f 1137/1/3 1128/1/3 1127/1/3 1138/1/3
f 1136/1/5 1133/1/5 1132/1/5 1149/1/5
f 1139/1/4 1140/1/4 1153/1/4 1154/1/4
f 1141/1/4 1142/1/4 1151/1/4 1152/1/4
f 1135/1/3 1136/1/3 1165/1/3 1166/1/3
f 1137/1/3 1138/1/3 1163/1/3 1164/1/3
f 1149/1/4 1150/1/4 1159/1/4 1160/1/4
f 1147/1/4 1148/1/4 1161/1/4 1162/1/4
f 1157/1/2 1158/1/2 1143/1/2 1144/1/2
f 1145/1/2 1146/1/2 1155/1/2 1156/1/2
f 1135/1/6 1055/1/6 1049/1/6 1150/1/6
f 1136/1/3 1137/1/3 1164/1/3 1165/1/3
f 1047/1/3 1055/1/3 1135/1/3 1166/1/3
f 1137/1/6 1136/1/6 1149/1/6 1148/1/6
f 1138/1/3 1100/1/3 1111/1/3 1163/1/3
f 1100/1/6 1138/1/6 1147/1/6 1116/1/6
f 1140/1/4 1035/1/4 1038/1/4 1153/1/4
f 1159/1/6 1039/1/6 1027/1/6 1035/1/6 1140/1/6
f 1142/1/4 1139/1/4 1154/1/4 1151/1/4
f 1161/1/6 1160/1/6 1139/1/6 1142/1/6
f 1107/1/6 1162/1/6 1141/1/6 1092/1/6
f 1092/1/4 1141/1/4 1152/1/4 1098/1/4
f 1040/1/2 1144/1/2 1153/1/2 1038/1/2 1025/1/2
f 1158/1/2 1155/1/2 1146/1/2 1143/1/2
f 1143/1/2 1146/1/2 1151/1/2 1154/1/2
f 1040/1/2 1048/1/2 1157/1/2 1144/1/2
f 1156/1/2 1090/1/2 1105/1/2 1145/1/2
f 1145/1/2 1105/1/2 1098/1/2 1152/1/2
f 1116/1/4 1147/1/4 1162/1/4 1107/1/4
f 1148/1/4 1149/1/4 1160/1/4 1161/1/4
f 1150/1/4 1049/1/4 1039/1/4 1159/1/4
f 1163/1/3 1111/1/3 1090/1/3 1156/1/3
f 1165/1/3 1164/1/3 1155/1/3 1158/1/3
f 1047/1/3 1166/1/3 1157/1/3 1048/1/3
f 1167/1/5 1169/1/5 1170/1/5 1168/1/5
f 1169/1/6 1173/1/6 1174/1/6 1170/1/6
f 1173/1/1 1171/1/1 1172/1/1 1174/1/1
f 1171/1/2 1167/1/2 1168/1/2 1172/1/2
f 1169/1/3 1167/1/3 1171/1/3 1173/1/3
f 1174/1/4 1172/1/4 1168/1/4 1170/1/4
f 1175/1/5 239/1/5 240/1/5 1176/1/5
f 243/1/1 1177/1/1 1178/1/1 244/1/1
f 1177/1/2 1175/1/2 1176/1/2 1178/1/2
f 239/1/3 1175/1/3 1177/1/3 243/1/3
f 244/1/4 1178/1/4 1176/1/4 240/1/4
f 1195/1/5 247/1/5 248/1/5 1196/1/5
f 1197/1/1 1181/1/1 1182/1/1 1198/1/1
f 1181/1/2 1179/1/2 1180/1/2 1182/1/2
f 1195/1/3 1179/1/3 1181/1/3 1197/1/3
f 1198/1/4 1182/1/4 1180/1/4 1196/1/4
f 1183/1/14 1185/1/14 1186/1/14 1184/1/14
f 1185/1/6 1189/1/6 1190/1/6 1186/1/6
f 1189/1/8 1187/1/8 1188/1/8 1190/1/8
f 1187/1/2 1183/1/2 1184/1/2 1188/1/2
f 1185/1/9 1183/1/9 1187/1/9 1189/1/9
f 1190/1/10 1188/1/10 1184/1/10 1186/1/10
f 1191/1/5 263/1/5 264/1/5 1192/1/5
f 267/1/1 1193/1/1 1194/1/1 268/1/1
f 1193/1/2 1191/1/2 1192/1/2 1194/1/2
f 263/1/3 1191/1/3 1193/1/3 267/1/3
f 268/1/4 1194/1/4 1192/1/4 264/1/4
f 252/1/4 1198/1/4 1196/1/4 248/1/4
f 247/1/3 1195/1/3 1197/1/3 251/1/3
f 251/1/1 1197/1/1 1198/1/1 252/1/1
f 1179/1/2 1200/1/2 1201/1/2 1180/1/2
f 1200/1/5 1199/1/5 1202/1/5 1201/1/5
f 1196/1/6 1202/1/6 1199/1/6 1195/1/6
f 1180/1/4 1201/1/4 1202/1/4 1196/1/4
f 1195/1/3 1199/1/3 1200/1/3 1179/1/3
f 1203/1/5 1205/1/5 1206/1/5 1204/1/5
f 1205/1/6 1209/1/6 1210/1/6 1206/1/6
f 1209/1/1 1207/1/1 1208/1/1 1210/1/1
f 1207/1/2 1203/1/2 1204/1/2 1208/1/2
f 1205/1/3 1203/1/3 1207/1/3 1209/1/3
f 1210/1/4 1208/1/4 1204/1/4 1206/1/4
f 1211/1/5 1213/1/5 1214/1/5 1212/1/5
f 1213/1/6 1217/1/6 1218/1/6 1214/1/6
f 1217/1/1 1215/1/1 1216/1/1 1218/1/1
f 1215/1/2 1211/1/2 1212/1/2 1216/1/2
f 1213/1/3 1211/1/3 1215/1/3 1217/1/3
f 1218/1/4 1216/1/4 1212/1/4 1214/1/4
f 1219/2/5 295/2/5 296/2/5 1220/2/5
f 299/2/1 1221/2/1 1222/2/1 300/2/1
f 1221/2/2 1219/2/2 1220/2/2 1222/2/2
f 295/2/3 1219/2/3 1221/2/3 299/2/3
f 300/2/4 1222/2/4 1220/2/4 296/2/4
f 1223/3/15 1225/3/15 1226/3/15 1224/3/15
f 1225/3/16 1227/3/16 1228/3/16 1226/3/16
f 1227/3/17 1229/3/17 1230/3/17 1228/3/17
f 1229/3/18 1231/3/18 1232/3/18 1230/3/18
f 1231/3/19 1233/3/19 1234/3/19 1232/3/19
f 1233/3/20 1235/3/20 1236/3/20 1234/3/20
f 1235/3/21 1237/3/21 1238/3/21 1236/3/21
f 1237/3/22 1239/3/22 1240/3/22 1238/3/22
f 1239/3/23 1241/3/23 1242/3/23 1240/3/23
f 1241/3/24 1243/3/24 1244/3/24 1242/3/24
f 1243/3/25 1245/3/25 1246/3/25 1244/3/25
f 1245/3/26 1247/3/26 1248/3/26 1246/3/26
f 1247/3/27 1249/3/27 1250/3/27 1248/3/27
f 1249/3/28 1251/3/28 1252/3/28 1250/3/28
f 1251/3/29 1253/3/29 1254/3/29 1252/3/29
f 1253/3/30 1255/3/30 1256/3/30 1254/3/30
f 1255/3/31 1257/3/31 1258/3/31 1256/3/31
f 1257/3/32 1259/3/32 1260/3/32 1258/3/32
f 1259/3/33 1261/3/33 1262/3/33 1260/3/33
f 1261/3/34 1263/3/34 1264/3/34 1262/3/34
f 1263/3/35 1265/3/35 1266/3/35 1264/3/35
f 1265/3/36 1267/3/36 1268/3/36 1266/3/36
f 1267/3/37 1269/3/37 1270/3/37 1268/3/37
f 1269/3/38 1271/3/38 1272/3/38 1270/3/38
f 1271/3/39 1273/3/39 1274/3/39 1272/3/39
f 1273/3/40 1275/3/40 1276/3/40 1274/3/40
f 1275/3/41 1277/3/41 1278/3/41 1276/3/41
f 1277/3/42 1279/3/42 1280/3/42 1278/3/42
f 1279/3/43 1281/3/43 1282/3/43 1280/3/43
f 1281/3/44 1283/3/44 1284/3/44 1282/3/44
f 1226/3/6 1228/3/6 1230/3/6 1232/3/6 1234/3/6 1236/3/6 1238/3/6 1240/3/6 1242/3/6 1244/3/6 1246/3/6 1248/3/6 1250/3/6 1252/3/6 1254/3/6 1256/3/6 1258/3/6 1260/3/6 1262/3/6 1264/3/6 1266/3/6 1268/3/6 1270/3/6 1272/3/6 1274/3/6 1276/3/6 1278/3/6 1280/3/6 1282/3/6 1284/3/6 1286/3/6 1224/3/6
f 1283/3/45 1285/3/45 1286/3/45 1284/3/45
f 1285/3/46 1223/3/46 1224/3/46 1286/3/46
f 1223/3/2 1285/3/2 1283/3/2 1281/3/2 1279/3/2 1277/3/2 1275/3/2 1273/3/2 1271/3/2 1269/3/2 1267/3/2 1265/3/2 1263/3/2 1261/3/2 1259/3/2 1257/3/2 1255/3/2 1253/3/2 1251/3/2 1249/3/2 1247/3/2 1245/3/2 1243/3/2 1241/3/2 1239/3/2 1237/3/2 1235/3/2 1233/3/2 1231/3/2 1229/3/2 1227/3/2 1225/3/2
f 1328/4/59 1326/4/59 1325/4/59 1327/4/59
f 1330/4/57 1328/4/57 1327/4/57 1329/4/57
f 1541/4/72 1605/4/72 1606/4/72 1542/4/72
f 1434/4/64 1432/4/64 1431/4/64 1433/4/64
f 1332/4/54 1330/4/54 1329/4/54 1331/4/54
f 1540/4/78 1538/4/78 1537/4/78 1539/4/78
f 1432/4/61 1430/4/61 1429/4/61 1431/4/61
f 1334/4/51 1332/4/51 1331/4/51 1333/4/51
f 1564/4/67 1562/4/67 1561/4/67 1563/4/67
f 1430/4/58 1428/4/58 1427/4/58 1429/4/58
f 1336/4/48 1334/4/48 1333/4/48 1335/4/48
f 1586/4/3 1588/4/3 1590/4/3 1592/4/3 1594/4/3 1596/4/3 1598/4/3 1600/4/3 1602/4/3 1604/4/3 1605/4/3 1541/4/3 1546/4/3 1548/4/3 1550/4/3 1552/4/3 1554/4/3 1556/4/3 1558/4/3 1560/4/3 1562/4/3 1564/4/3 1566/4/3 1568/4/3 1570/4/3 1572/4/3 1574/4/3 1576/4/3 1578/4/3 1580/4/3 1582/4/3 1584/4/3
f 1428/4/56 1426/4/56 1425/4/56 1427/4/56
f 1338/4/47 1336/4/47 1335/4/47 1337/4/47
f 1566/4/70 1564/4/70 1563/4/70 1565/4/70
f 1426/4/53 1424/4/53 1423/4/53 1425/4/53
f 1340/4/74 1338/4/74 1337/4/74 1339/4/74
f 1518/4/96 1516/4/96 1515/4/96 1517/4/96
f 1424/4/50 1422/4/50 1421/4/50 1423/4/50
f 1342/4/69 1340/4/69 1339/4/69 1341/4/69
f 1568/4/87 1566/4/87 1565/4/87 1567/4/87
f 1422/4/55 1420/4/55 1419/4/55 1421/4/55
f 1344/4/73 1342/4/73 1341/4/73 1343/4/73
f 1516/4/65 1514/4/65 1513/4/65 1515/4/65
f 1420/4/60 1418/4/60 1417/4/60 1419/4/60
f 1346/4/77 1344/4/77 1343/4/77 1345/4/77
f 1570/4/49 1568/4/49 1567/4/49 1569/4/49
f 1349/4/72 1477/4/72 1478/4/72 1350/4/72
f 1348/4/78 1346/4/78 1345/4/78 1347/4/78
f 1514/4/68 1512/4/68 1511/4/68 1513/4/68
f 1436/4/67 1434/4/67 1433/4/67 1435/4/67
f 1458/4/3 1460/4/3 1462/4/3 1464/4/3 1466/4/3 1468/4/3 1470/4/3 1472/4/3 1474/4/3 1476/4/3 1477/4/3 1349/4/3 1418/4/3 1420/4/3 1422/4/3 1424/4/3 1426/4/3 1428/4/3 1430/4/3 1432/4/3 1434/4/3 1436/4/3 1438/4/3 1440/4/3 1442/4/3 1444/4/3 1446/4/3 1448/4/3 1450/4/3 1452/4/3 1454/4/3 1456/4/3
f 1538/4/77 1536/4/77 1535/4/77 1537/4/77
f 1438/4/70 1436/4/70 1435/4/70 1437/4/70
f 1382/3/15 1380/3/15 1379/3/15 1381/3/15
f 1380/3/16 1378/3/16 1377/3/16 1379/3/16
f 1378/3/17 1376/3/17 1375/3/17 1377/3/17
f 1376/3/18 1374/3/18 1373/3/18 1375/3/18
f 1374/3/19 1372/3/19 1371/3/19 1373/3/19
f 1372/3/20 1370/3/20 1369/3/20 1371/3/20
f 1370/3/21 1368/3/21 1367/3/21 1369/3/21
f 1368/3/22 1366/3/22 1365/3/22 1367/3/22
f 1366/3/23 1364/3/23 1363/3/23 1365/3/23
f 1364/3/24 1362/3/24 1361/3/24 1363/3/24
f 1362/3/25 1360/3/25 1359/3/25 1361/3/25
f 1360/3/26 1358/3/26 1357/3/26 1359/3/26
f 1358/3/27 1356/3/27 1355/3/27 1357/3/27
f 1356/3/28 1354/3/28 1353/3/28 1355/3/28
f 1354/3/29 1352/3/29 1351/3/29 1353/3/29
f 1352/3/30 1383/3/30 1384/3/30 1351/3/30
f 1383/3/31 1385/3/31 1386/3/31 1384/3/31
f 1385/3/32 1387/3/32 1388/3/32 1386/3/32
f 1387/3/33 1389/3/33 1390/3/33 1388/3/33
f 1389/3/34 1391/3/34 1392/3/34 1390/3/34
f 1391/3/35 1393/3/35 1394/3/35 1392/3/35
f 1393/3/36 1395/3/36 1396/3/36 1394/3/36
f 1395/3/37 1397/3/37 1398/3/37 1396/3/37
f 1397/3/38 1399/3/38 1400/3/38 1398/3/38
f 1399/3/39 1401/3/39 1402/3/39 1400/3/39
f 1401/3/40 1403/3/40 1404/3/40 1402/3/40
f 1403/3/41 1405/3/41 1406/3/41 1404/3/41
f 1405/3/42 1407/3/42 1408/3/42 1406/3/42
f 1407/3/43 1409/3/43 1410/3/43 1408/3/43
f 1409/3/44 1411/3/44 1412/3/44 1410/3/44
f 1379/3/6 1377/3/6 1375/3/6 1373/3/6 1371/3/6 1369/3/6 1367/3/6 1365/3/6 1363/3/6 1361/3/6 1359/3/6 1357/3/6 1355/3/6 1353/3/6 1351/3/6 1384/3/6 1386/3/6 1388/3/6 1390/3/6 1392/3/6 1394/3/6 1396/3/6 1398/3/6 1400/3/6 1402/3/6 1404/3/6 1406/3/6 1408/3/6 1410/3/6 1412/3/6 1414/3/6 1381/3/6
f 1411/3/45 1413/3/45 1414/3/45 1412/3/45
f 1413/3/46 1382/3/46 1381/3/46 1414/3/46
f 1382/3/2 1413/3/2 1411/3/2 1409/3/2 1407/3/2 1405/3/2 1403/3/2 1401/3/2 1399/3/2 1397/3/2 1395/3/2 1393/3/2 1391/3/2 1389/3/2 1387/3/2 1385/3/2 1383/3/2 1352/3/2 1354/3/2 1356/3/2 1358/3/2 1360/3/2 1362/3/2 1364/3/2 1366/3/2 1368/3/2 1370/3/2 1372/3/2 1374/3/2 1376/3/2 1378/3/2 1380/3/2
f 1548/4/60 1546/4/60 1545/4/60 1547/4/60
f 1326/4/62 1324/4/62 1323/4/62 1325/4/62
f 1440/4/87 1438/4/87 1437/4/87 1439/4/87
f 1536/4/73 1534/4/73 1533/4/73 1535/4/73
f 1324/4/65 1322/4/65 1321/4/65 1323/4/65
f 1442/4/49 1440/4/49 1439/4/49 1441/4/49
f 1550/4/55 1548/4/55 1547/4/55 1549/4/55
f 1322/4/68 1320/4/68 1319/4/68 1321/4/68
f 1444/4/86 1442/4/86 1441/4/86 1443/4/86
f 1534/4/97 1532/4/97 1531/4/97 1533/4/97
f 1320/4/71 1318/4/71 1317/4/71 1319/4/71
f 1446/4/52 1444/4/52 1443/4/52 1445/4/52
f 1552/4/83 1550/4/83 1549/4/83 1551/4/83
f 1318/4/52 1316/4/52 1315/4/52 1317/4/52
f 1448/4/71 1446/4/71 1445/4/71 1447/4/71
f 1532/4/98 1530/4/98 1529/4/98 1531/4/98
f 1316/4/86 1314/4/86 1313/4/86 1315/4/86
f 1450/4/68 1448/4/68 1447/4/68 1449/4/68
f 1554/4/53 1552/4/53 1551/4/53 1553/4/53
f 1314/4/49 1312/4/49 1311/4/49 1313/4/49
f 1452/4/65 1450/4/65 1449/4/65 1451/4/65
f 1530/4/85 1528/4/85 1527/4/85 1529/4/85
f 1312/4/87 1310/4/87 1309/4/87 1311/4/87
f 1454/4/62 1452/4/62 1451/4/62 1453/4/62
f 1556/4/56 1554/4/56 1553/4/56 1555/4/56
f 1310/4/70 1308/4/70 1307/4/70 1309/4/70
f 1476/4/78 1474/4/78 1473/4/78 1475/4/78
f 1528/4/84 1526/4/84 1525/4/84 1527/4/84
f 1308/4/67 1306/4/67 1305/4/67 1307/4/67
f 1474/4/77 1472/4/77 1471/4/77 1473/4/77
f 1558/4/58 1556/4/58 1555/4/58 1557/4/58
f 1306/4/64 1304/4/64 1303/4/64 1305/4/64
f 1472/4/73 1470/4/73 1469/4/73 1471/4/73
f 1526/4/51 1524/4/51 1523/4/51 1525/4/51
f 1304/4/61 1302/4/61 1301/4/61 1303/4/61
f 1470/4/69 1468/4/69 1467/4/69 1469/4/69
f 1560/4/61 1558/4/61 1557/4/61 1559/4/61
f 1302/4/58 1300/4/58 1299/4/58 1301/4/58
f 1468/4/74 1466/4/74 1465/4/74 1467/4/74
f 1524/4/54 1522/4/54 1521/4/54 1523/4/54
f 1300/4/56 1298/4/56 1297/4/56 1299/4/56
f 1466/4/47 1464/4/47 1463/4/47 1465/4/47
f 1562/4/79 1560/4/79 1559/4/79 1561/4/79
f 1298/4/53 1296/4/53 1295/4/53 1297/4/53
f 1464/4/48 1462/4/48 1461/4/48 1463/4/48
f 1522/4/82 1520/4/82 1519/4/82 1521/4/82
f 1296/4/50 1294/4/50 1293/4/50 1295/4/50
f 1462/4/51 1460/4/51 1459/4/51 1461/4/51
f 1520/4/81 1518/4/81 1517/4/81 1519/4/81
f 1294/4/55 1292/4/55 1291/4/55 1293/4/55
f 1460/4/54 1458/4/54 1457/4/54 1459/4/54
f 1455/4/4 1453/4/4 1451/4/4 1449/4/4 1447/4/4 1445/4/4 1443/4/4 1441/4/4 1439/4/4 1437/4/4 1435/4/4 1433/4/4 1431/4/4 1429/4/4 1427/4/4 1425/4/4 1423/4/4 1421/4/4 1419/4/4 1417/4/4 1350/4/4 1478/4/4 1475/4/4 1473/4/4 1471/4/4 1469/4/4 1467/4/4 1465/4/4 1463/4/4 1461/4/4 1459/4/4 1457/4/4
f 1292/4/60 1290/4/60 1289/4/60 1291/4/60
f 1458/4/57 1456/4/57 1455/4/57 1457/4/57
f 1477/4/75 1476/4/75 1475/4/75 1478/4/75
f 1290/4/66 1288/4/66 1287/4/66 1289/4/66
f 1456/4/59 1454/4/59 1453/4/59 1455/4/59
f 1330/4/3 1332/4/3 1334/4/3 1336/4/3 1338/4/3 1340/4/3 1342/4/3 1344/4/3 1346/4/3 1348/4/3 1415/4/3 1288/4/3 1290/4/3 1292/4/3 1294/4/3 1296/4/3 1298/4/3 1300/4/3 1302/4/3 1304/4/3 1306/4/3 1308/4/3 1310/4/3 1312/4/3 1314/4/3 1316/4/3 1318/4/3 1320/4/3 1322/4/3 1324/4/3 1326/4/3 1328/4/3
f 1288/4/72 1415/4/72 1416/4/72 1287/4/72
f 1418/4/66 1349/4/66 1350/4/66 1417/4/66
f 1572/4/86 1570/4/86 1569/4/86 1571/4/86
f 1415/4/75 1348/4/75 1347/4/75 1416/4/75
f 1327/4/4 1325/4/4 1323/4/4 1321/4/4 1319/4/4 1317/4/4 1315/4/4 1313/4/4 1311/4/4 1309/4/4 1307/4/4 1305/4/4 1303/4/4 1301/4/4 1299/4/4 1297/4/4 1295/4/4 1293/4/4 1291/4/4 1289/4/4 1287/4/4 1416/4/4 1347/4/4 1345/4/4 1343/4/4 1341/4/4 1339/4/4 1337/4/4 1335/4/4 1333/4/4 1331/4/4 1329/4/4
f 1512/4/71 1510/4/71 1509/4/71 1511/4/71
f 1574/4/52 1572/4/52 1571/4/52 1573/4/52
f 1510/4/52 1508/4/52 1507/4/52 1509/4/52
f 1576/4/71 1574/4/71 1573/4/71 1575/4/71
f 1508/4/86 1506/4/86 1505/4/86 1507/4/86
f 1578/4/68 1576/4/68 1575/4/68 1577/4/68
f 1506/4/49 1504/4/49 1503/4/49 1505/4/49
f 1580/4/65 1578/4/65 1577/4/65 1579/4/65
f 1504/4/87 1502/4/87 1501/4/87 1503/4/87
f 1582/4/96 1580/4/96 1579/4/96 1581/4/96
f 1502/4/70 1500/4/70 1499/4/70 1501/4/70
f 1604/4/78 1602/4/78 1601/4/78 1603/4/78
f 1500/4/67 1498/4/67 1497/4/67 1499/4/67
f 1602/4/77 1600/4/77 1599/4/77 1601/4/77
f 1498/4/79 1496/4/79 1495/4/79 1497/4/79
f 1600/4/73 1598/4/73 1597/4/73 1599/4/73
f 1496/4/61 1494/4/61 1493/4/61 1495/4/61
f 1598/4/97 1596/4/97 1595/4/97 1597/4/97
f 1494/4/58 1492/4/58 1491/4/58 1493/4/58
f 1596/4/98 1594/4/98 1593/4/98 1595/4/98
f 1492/4/56 1490/4/56 1489/4/56 1491/4/56
f 1594/4/85 1592/4/85 1591/4/85 1593/4/85
f 1490/4/53 1488/4/53 1487/4/53 1489/4/53
f 1592/4/84 1590/4/84 1589/4/84 1591/4/84
f 1488/4/83 1486/4/83 1485/4/83 1487/4/83
f 1590/4/51 1588/4/51 1587/4/51 1589/4/51
f 1486/4/55 1484/4/55 1483/4/55 1485/4/55
f 1588/4/54 1586/4/54 1585/4/54 1587/4/54
f 1583/4/4 1581/4/4 1579/4/4 1577/4/4 1575/4/4 1573/4/4 1571/4/4 1569/4/4 1567/4/4 1565/4/4 1563/4/4 1561/4/4 1559/4/4 1557/4/4 1555/4/4 1553/4/4 1551/4/4 1549/4/4 1547/4/4 1545/4/4 1542/4/4 1606/4/4 1603/4/4 1601/4/4 1599/4/4 1597/4/4 1595/4/4 1593/4/4 1591/4/4 1589/4/4 1587/4/4 1585/4/4
f 1484/4/60 1482/4/60 1481/4/60 1483/4/60
f 1586/4/82 1584/4/82 1583/4/82 1585/4/82
f 1605/4/75 1604/4/75 1603/4/75 1606/4/75
f 1482/4/66 1480/4/66 1479/4/66 1481/4/66
f 1584/4/81 1582/4/81 1581/4/81 1583/4/81
f 1522/4/3 1524/4/3 1526/4/3 1528/4/3 1530/4/3 1532/4/3 1534/4/3 1536/4/3 1538/4/3 1540/4/3 1543/4/3 1480/4/3 1482/4/3 1484/4/3 1486/4/3 1488/4/3 1490/4/3 1492/4/3 1494/4/3 1496/4/3 1498/4/3 1500/4/3 1502/4/3 1504/4/3 1506/4/3 1508/4/3 1510/4/3 1512/4/3 1514/4/3 1516/4/3 1518/4/3 1520/4/3
f 1480/4/72 1543/4/72 1544/4/72 1479/4/72
f 1546/4/66 1541/4/66 1542/4/66 1545/4/66
f 1543/4/75 1540/4/75 1539/4/75 1544/4/75
f 1519/4/4 1517/4/4 1515/4/4 1513/4/4 1511/4/4 1509/4/4 1507/4/4 1505/4/4 1503/4/4 1501/4/4 1499/4/4 1497/4/4 1495/4/4 1493/4/4 1491/4/4 1489/4/4 1487/4/4 1485/4/4 1483/4/4 1481/4/4 1479/4/4 1544/4/4 1539/4/4 1537/4/4 1535/4/4 1533/4/4 1531/4/4 1529/4/4 1527/4/4 1525/4/4 1523/4/4 1521/4/4
f 1607/2/5 687/2/5 688/2/5 1608/2/5
f 1612/2/2 1617/2/2 1615/2/2 1611/2/2
f 691/2/1 1609/2/1 1610/2/1 692/2/1
f 1609/2/2 1607/2/2 1608/2/2 1610/2/2
f 1607/2/5 1611/2/5 693/2/5 687/2/5
f 692/2/4 1610/2/4 1608/2/4 688/2/4
f 691/2/1 695/2/1 1612/2/1 1609/2/1
f 1609/2/2 1612/2/2 1611/2/2 1607/2/2
f 1616/2/6 1620/2/6 1619/2/6 1618/2/6
f 695/2/88 699/2/88 1617/2/88 1612/2/88
f 1611/2/89 1615/2/89 697/2/89 693/2/89
f 1616/2/3 697/2/3 1615/2/3 1613/2/3
f 1618/2/3 699/2/3 697/2/3 1616/2/3
f 1614/2/3 1617/2/3 699/2/3 1618/2/3
f 1613/2/3 1615/2/3 1617/2/3 1614/2/3
f 1619/2/4 709/2/4 1628/2/4 1622/2/4
f 1614/2/2 1622/2/2 1621/2/2 1613/2/2
f 1618/2/1 1619/2/1 1622/2/1 1614/2/1
f 1613/2/5 1621/2/5 1620/2/5 1616/2/5
f 709/2/1 713/2/1 1630/2/1 1628/2/1
f 1620/2/4 710/2/4 709/2/4 1619/2/4
f 1622/2/4 1628/2/4 1627/2/4 1621/2/4
f 1621/2/4 1627/2/4 710/2/4 1620/2/4
f 714/2/3 1629/2/3 1630/2/3 713/2/3
f 1625/2/3 1633/2/3 1634/2/3 1626/2/3
f 1627/2/5 1629/2/5 714/2/5 710/2/5
f 1623/2/2 1627/2/2 1628/2/2 1624/2/2
f 1626/2/2 1630/2/2 1629/2/2 1625/2/2
f 1624/2/2 1628/2/2 1630/2/2 1626/2/2
f 1625/2/2 1629/2/2 1627/2/2 1623/2/2
f 1632/2/2 1634/2/2 1633/2/2 1631/2/2
f 1626/2/1 1634/2/1 1632/2/1 1624/2/1
f 1624/2/4 1632/2/4 1631/2/4 1623/2/4
f 1623/2/5 1631/2/5 1633/2/5 1625/2/5
f 1635/2/5 1637/2/5 1638/2/5 1636/2/5
f 1637/2/6 1641/2/6 1642/2/6 1638/2/6
f 1641/2/1 1639/2/1 1640/2/1 1642/2/1
f 1639/2/2 1635/2/2 1636/2/2 1640/2/2
f 1637/2/3 1635/2/3 1639/2/3 1641/2/3
f 1642/2/4 1640/2/4 1636/2/4 1638/2/4
f 1643/2/5 1645/2/5 1646/2/5 1644/2/5
f 1645/2/6 1649/2/6 1650/2/6 1646/2/6
f 1649/2/1 1647/2/1 1648/2/1 1650/2/1
f 1647/2/2 1643/2/2 1644/2/2 1648/2/2
f 1652/2/5 1660/2/5 1656/2/5 1645/2/5
f 1650/2/4 1648/2/4 1644/2/4 1646/2/4
f 1652/2/3 1651/2/3 1653/2/3 1654/2/3
f 1647/2/4 1658/2/4 1657/2/4 1643/2/4
f 1643/2/5 1651/2/5 1652/2/5 1645/2/5
f 1649/2/1 1654/2/1 1653/2/1 1647/2/1
f 1653/2/1 1662/2/1 1658/2/1 1647/2/1
f 1645/2/4 1656/2/4 1655/2/4 1649/2/4
f 1651/2/91 1661/2/91 1662/2/91 1653/2/91
f 1654/2/90 1659/2/90 1660/2/90 1652/2/90
f 1649/2/1 1655/2/1 1659/2/1 1654/2/1
f 1643/2/5 1657/2/5 1661/2/5 1651/2/5
f 1733/2/5 1735/2/5 1669/2/5 1661/2/5
f 1666/2/2 1674/2/2 1673/2/2 1665/2/2
f 1669/2/4 1685/2/4 1686/2/4 1670/2/4
f 1701/2/5 1709/2/5 1685/2/5 1669/2/5
f 1737/2/1 1741/2/1 1667/2/1 1659/2/1
f 1659/2/2 1667/2/2 1668/2/2 1660/2/2
f 1734/2/1 1736/2/1 1674/2/1 1666/2/1
f 1739/2/5 1742/2/5 1672/2/5 1664/2/5
f 1664/2/6 1672/2/6 1671/2/6 1663/2/6
f 1661/2/6 1669/2/6 1670/2/6 1662/2/6
f 1667/2/4 1683/2/4 1684/2/4 1668/2/4
f 1670/2/1 1686/2/1 1710/2/1 1702/2/1
f 1683/2/2 1707/2/2 1708/2/2 1684/2/2
f 1688/2/6 1712/2/6 1711/2/6 1687/2/6
f 1690/2/2 1714/2/2 1713/2/2 1689/2/2
f 1685/2/6 1709/2/6 1710/2/6 1686/2/6
f 1698/2/2 1730/2/2 1729/2/2 1697/2/2
f 1673/2/5 1689/2/5 1713/2/5 1705/2/5
f 1671/2/1 1687/2/1 1711/2/1 1703/2/1
f 1672/2/4 1688/2/4 1687/2/4 1671/2/4
f 1680/2/5 1720/2/5 1728/2/5 1696/2/5
f 1704/2/5 1712/2/5 1688/2/5 1672/2/5
f 1674/2/4 1690/2/4 1689/2/4 1673/2/4
f 1696/2/6 1728/2/6 1727/2/6 1695/2/6
f 1668/2/5 1684/2/5 1708/2/5 1700/2/5
f 1695/2/1 1727/2/1 1719/2/1 1679/2/1
f 1699/2/1 1707/2/1 1683/2/1 1667/2/1
f 1706/2/1 1714/2/1 1690/2/1 1674/2/1
f 1675/2/3 1699/2/3 1700/2/3 1676/2/3
f 1677/2/3 1701/2/3 1702/2/3 1678/2/3
f 1680/2/3 1704/2/3 1703/2/3 1679/2/3
f 1682/2/3 1706/2/3 1705/2/3 1681/2/3
f 1692/2/3 1708/2/3 1707/2/3 1691/2/3
f 1694/2/3 1710/2/3 1709/2/3 1693/2/3
f 1695/2/3 1711/2/3 1712/2/3 1696/2/3
f 1697/2/3 1713/2/3 1714/2/3 1698/2/3
f 1678/2/3 1702/2/3 1710/2/3 1694/2/3
f 1693/2/3 1709/2/3 1701/2/3 1677/2/3
f 1691/2/3 1707/2/3 1699/2/3 1675/2/3
f 1676/2/3 1700/2/3 1708/2/3 1692/2/3
f 1681/2/3 1705/2/3 1713/2/3 1697/2/3
f 1679/2/3 1703/2/3 1711/2/3 1695/2/3
f 1696/2/3 1712/2/3 1704/2/3 1680/2/3
f 1698/2/3 1714/2/3 1706/2/3 1682/2/3
f 1716/2/3 1724/2/3 1723/2/3 1715/2/3
f 1718/2/3 1726/2/3 1725/2/3 1717/2/3
f 1719/2/3 1727/2/3 1728/2/3 1720/2/3
f 1721/2/3 1729/2/3 1730/2/3 1722/2/3
f 1676/2/6 1716/2/6 1715/2/6 1675/2/6
f 1682/2/1 1722/2/1 1730/2/1 1698/2/1
f 1694/2/1 1726/2/1 1718/2/1 1678/2/1
f 1678/2/2 1718/2/2 1717/2/2 1677/2/2
f 1677/2/5 1717/2/5 1725/2/5 1693/2/5
f 1679/2/2 1719/2/2 1720/2/2 1680/2/2
f 1675/2/1 1715/2/1 1723/2/1 1691/2/1
f 1681/2/6 1721/2/6 1722/2/6 1682/2/6
f 1692/2/5 1724/2/5 1716/2/5 1676/2/5
f 1691/2/2 1723/2/2 1724/2/2 1692/2/2
f 1697/2/5 1729/2/5 1721/2/5 1681/2/5
f 1693/2/6 1725/2/6 1726/2/6 1694/2/6
f 1662/2/1 1670/2/1 1736/2/1 1734/2/1
f 1662/2/1 1734/2/1 1732/2/1 1658/2/1
f 1665/2/5 1673/2/5 1735/2/5 1733/2/5
f 1657/2/5 1731/2/5 1733/2/5 1661/2/5
f 1658/2/4 1732/2/4 1731/2/4 1657/2/4
f 1660/2/5 1668/2/5 1742/2/5 1739/2/5
f 1663/2/1 1671/2/1 1741/2/1 1737/2/1
f 1660/2/5 1739/2/5 1740/2/5 1656/2/5
f 1656/2/4 1740/2/4 1738/2/4 1655/2/4
f 1655/2/1 1738/2/1 1737/2/1 1659/2/1
f 1743/2/5 1745/2/5 1744/2/5
f 1746/2/1 1748/2/1 1747/2/1
f 1749/2/1 1751/2/1 1750/2/1
f 1752/2/5 1754/2/5 1753/2/5
f 1746/2/3 1747/2/3 1743/2/3 1744/2/3
f 1752/2/3 1753/2/3 1749/2/3 1750/2/3
f 1673/2/5 1705/2/5 1744/2/5 1745/2/5 1735/2/5
f 1701/2/93 1743/2/93 1747/2/93 1702/2/93
f 1735/2/5 1745/2/5 1743/2/5 1701/2/5 1669/2/5
f 1744/2/92 1705/2/92 1706/2/92 1746/2/92
f 1670/2/1 1702/2/1 1747/2/1 1748/2/1 1736/2/1
f 1736/2/1 1748/2/1 1746/2/1 1706/2/1 1674/2/1
f 1671/2/1 1703/2/1 1750/2/1 1751/2/1 1741/2/1
f 1699/2/92 1749/2/92 1753/2/92 1700/2/92
f 1741/2/1 1751/2/1 1749/2/1 1699/2/1 1667/2/1
f 1750/2/93 1703/2/93 1704/2/93 1752/2/93
f 1742/2/5 1754/2/5 1752/2/5 1704/2/5 1672/2/5
f 1668/2/5 1700/2/5 1753/2/5 1754/2/5 1742/2/5
f 1755/2/95 1756/2/95 1757/2/95 1758/2/95
f 1759/2/94 1760/2/94 1761/2/94 1762/2/94
f 1740/2/4 1757/2/4 1756/2/4 1738/2/4
f 1758/2/6 1664/2/6 1663/2/6 1755/2/6
f 1738/2/1 1756/2/1 1755/2/1 1663/2/1 1737/2/1
f 1739/2/5 1664/2/5 1758/2/5 1757/2/5 1740/2/5
f 1762/2/2 1666/2/2 1665/2/2 1759/2/2
f 1731/2/5 1760/2/5 1759/2/5 1665/2/5 1733/2/5
f 1732/2/4 1761/2/4 1760/2/4 1731/2/4
f 1734/2/1 1666/2/1 1762/2/1 1761/2/1 1732/2/1
f 1763/2/5 1765/2/5 1766/2/5 1764/2/5
f 1765/2/6 1769/2/6 1770/2/6 1766/2/6
f 1769/2/1 1767/2/1 1768/2/1 1770/2/1
f 1767/2/2 1763/2/2 1764/2/2 1768/2/2
f 1772/2/5 1780/2/5 1776/2/5 1765/2/5
f 1770/2/4 1768/2/4 1764/2/4 1766/2/4
f 1772/2/3 1771/2/3 1773/2/3 1774/2/3
f 1767/2/4 1778/2/4 1777/2/4 1763/2/4
f 1763/2/5 1771/2/5 1772/2/5 1765/2/5
f 1769/2/1 1774/2/1 1773/2/1 1767/2/1
f 1773/2/1 1782/2/1 1778/2/1 1767/2/1
f 1765/2/4 1776/2/4 1775/2/4 1769/2/4
f 1771/2/91 1781/2/91 1782/2/91 1773/2/91
f 1774/2/90 1779/2/90 1780/2/90 1772/2/90
f 1769/2/1 1775/2/1 1779/2/1 1774/2/1
f 1763/2/5 1777/2/5 1781/2/5 1771/2/5
f 1853/2/5 1855/2/5 1789/2/5 1781/2/5
f 1786/2/2 1794/2/2 1793/2/2 1785/2/2
f 1789/2/4 1805/2/4 1806/2/4 1790/2/4
f 1821/2/5 1829/2/5 1805/2/5 1789/2/5
f 1857/2/1 1861/2/1 1787/2/1 1779/2/1
f 1779/2/2 1787/2/2 1788/2/2 1780/2/2
f 1854/2/1 1856/2/1 1794/2/1 1786/2/1
f 1859/2/5 1862/2/5 1792/2/5 1784/2/5
f 1784/2/6 1792/2/6 1791/2/6 1783/2/6
f 1781/2/6 1789/2/6 1790/2/6 1782/2/6
f 1787/2/4 1803/2/4 1804/2/4 1788/2/4
f 1790/2/1 1806/2/1 1830/2/1 1822/2/1
f 1803/2/2 1827/2/2 1828/2/2 1804/2/2
f 1808/2/6 1832/2/6 1831/2/6 1807/2/6
f 1810/2/2 1834/2/2 1833/2/2 1809/2/2
f 1805/2/6 1829/2/6 1830/2/6 1806/2/6
f 1818/2/2 1850/2/2 1849/2/2 1817/2/2
f 1793/2/5 1809/2/5 1833/2/5 1825/2/5
f 1791/2/1 1807/2/1 1831/2/1 1823/2/1
f 1792/2/4 1808/2/4 1807/2/4 1791/2/4
f 1800/2/5 1840/2/5 1848/2/5 1816/2/5
f 1824/2/5 1832/2/5 1808/2/5 1792/2/5
f 1794/2/4 1810/2/4 1809/2/4 1793/2/4
f 1816/2/6 1848/2/6 1847/2/6 1815/2/6
f 1788/2/5 1804/2/5 1828/2/5 1820/2/5
f 1815/2/1 1847/2/1 1839/2/1 1799/2/1
f 1819/2/1 1827/2/1 1803/2/1 1787/2/1
f 1826/2/1 1834/2/1 1810/2/1 1794/2/1
f 1795/2/3 1819/2/3 1820/2/3 1796/2/3
f 1797/2/3 1821/2/3 1822/2/3 1798/2/3
f 1800/2/3 1824/2/3 1823/2/3 1799/2/3
f 1802/2/3 1826/2/3 1825/2/3 1801/2/3
f 1812/2/3 1828/2/3 1827/2/3 1811/2/3
f 1814/2/3 1830/2/3 1829/2/3 1813/2/3
f 1815/2/3 1831/2/3 1832/2/3 1816/2/3
f 1817/2/3 1833/2/3 1834/2/3 1818/2/3
f 1798/2/3 1822/2/3 1830/2/3 1814/2/3
f 1813/2/3 1829/2/3 1821/2/3 1797/2/3
f 1811/2/3 1827/2/3 1819/2/3 1795/2/3
f 1796/2/3 1820/2/3 1828/2/3 1812/2/3
f 1801/2/3 1825/2/3 1833/2/3 1817/2/3
f 1799/2/3 1823/2/3 1831/2/3 1815/2/3
f 1816/2/3 1832/2/3 1824/2/3 1800/2/3
f 1818/2/3 1834/2/3 1826/2/3 1802/2/3
f 1836/2/3 1844/2/3 1843/2/3 1835/2/3
f 1838/2/3 1846/2/3 1845/2/3 1837/2/3
f 1839/2/3 1847/2/3 1848/2/3 1840/2/3
f 1841/2/3 1849/2/3 1850/2/3 1842/2/3
f 1796/2/6 1836/2/6 1835/2/6 1795/2/6
f 1802/2/1 1842/2/1 1850/2/1 1818/2/1
f 1814/2/1 1846/2/1 1838/2/1 1798/2/1
f 1798/2/2 1838/2/2 1837/2/2 1797/2/2
f 1797/2/5 1837/2/5 1845/2/5 1813/2/5
f 1799/2/2 1839/2/2 1840/2/2 1800/2/2
f 1795/2/1 1835/2/1 1843/2/1 1811/2/1
f 1801/2/6 1841/2/6 1842/2/6 1802/2/6
f 1812/2/5 1844/2/5 1836/2/5 1796/2/5
f 1811/2/2 1843/2/2 1844/2/2 1812/2/2
f 1817/2/5 1849/2/5 1841/2/5 1801/2/5
f 1813/2/6 1845/2/6 1846/2/6 1814/2/6
f 1782/2/1 1790/2/1 1856/2/1 1854/2/1
f 1782/2/1 1854/2/1 1852/2/1 1778/2/1
f 1785/2/5 1793/2/5 1855/2/5 1853/2/5
f 1777/2/5 1851/2/5 1853/2/5 1781/2/5
f 1778/2/4 1852/2/4 1851/2/4 1777/2/4
f 1780/2/5 1788/2/5 1862/2/5 1859/2/5
f 1783/2/1 1791/2/1 1861/2/1 1857/2/1
f 1780/2/5 1859/2/5 1860/2/5 1776/2/5
f 1776/2/4 1860/2/4 1858/2/4 1775/2/4
f 1775/2/1 1858/2/1 1857/2/1 1779/2/1
f 1863/2/5 1865/2/5 1864/2/5
f 1866/2/1 1868/2/1 1867/2/1
f 1869/2/1 1871/2/1 1870/2/1
f 1872/2/5 1874/2/5 1873/2/5
f 1866/2/3 1867/2/3 1863/2/3 1864/2/3
f 1872/2/3 1873/2/3 1869/2/3 1870/2/3
f 1793/2/5 1825/2/5 1864/2/5 1865/2/5 1855/2/5
f 1821/2/93 1863/2/93 1867/2/93 1822/2/93
f 1855/2/5 1865/2/5 1863/2/5 1821/2/5 1789/2/5
f 1864/2/92 1825/2/92 1826/2/92 1866/2/92
f 1790/2/1 1822/2/1 1867/2/1 1868/2/1 1856/2/1
f 1856/2/1 1868/2/1 1866/2/1 1826/2/1 1794/2/1
f 1791/2/1 1823/2/1 1870/2/1 1871/2/1 1861/2/1
f 1819/2/92 1869/2/92 1873/2/92 1820/2/92
f 1861/2/1 1871/2/1 1869/2/1 1819/2/1 1787/2/1
f 1870/2/93 1823/2/93 1824/2/93 1872/2/93
f 1862/2/5 1874/2/5 1872/2/5 1824/2/5 1792/2/5
f 1788/2/5 1820/2/5 1873/2/5 1874/2/5 1862/2/5
f 1875/2/95 1876/2/95 1877/2/95 1878/2/95
f 1879/2/94 1880/2/94 1881/2/94 1882/2/94
f 1860/2/4 1877/2/4 1876/2/4 1858/2/4
f 1878/2/6 1784/2/6 1783/2/6 1875/2/6
f 1858/2/1 1876/2/1 1875/2/1 1783/2/1 1857/2/1
f 1859/2/5 1784/2/5 1878/2/5 1877/2/5 1860/2/5
f 1882/2/2 1786/2/2 1785/2/2 1879/2/2
f 1851/2/5 1880/2/5 1879/2/5 1785/2/5 1853/2/5
f 1852/2/4 1881/2/4 1880/2/4 1851/2/4
f 1854/2/1 1786/2/1 1882/2/1 1881/2/1 1852/2/1
o Cube.052
v 3.813147 3.747105 0.349187
v 3.813147 3.523445 0.349187
v 3.813147 3.747105 0.383324
v 3.813147 3.523445 0.383324
v 3.779010 3.747105 0.349187
v 3.779010 3.523445 0.349187
v 3.779010 3.747105 0.383324
v 3.779010 3.523445 0.383324
v 3.813147 3.751400 0.348146
v 3.813147 3.755856 0.381990
v 3.779010 3.751400 0.348146
v 3.779010 3.755856 0.381990
v 3.813147 3.755522 0.346553
v 3.813147 3.764357 0.379526
v 3.779010 3.755522 0.346553
v 3.779010 3.764357 0.379526
v 3.813147 3.759401 0.344435
v 3.813147 3.772464 0.375973
v 3.779010 3.759401 0.344435
v 3.779010 3.772464 0.375973
v 3.813147 3.762970 0.341829
v 3.813147 3.780038 0.371392
v 3.779010 3.762970 0.341829
v 3.779010 3.780038 0.371392
v 3.813147 3.766169 0.338780
v 3.813147 3.786949 0.365862
v 3.779010 3.766169 0.338780
v 3.779010 3.786949 0.365862
v 3.813147 3.768942 0.335339
v 3.813147 3.793080 0.359478
v 3.779010 3.768942 0.335339
v 3.779010 3.793080 0.359478
v 3.813147 3.771242 0.331566
v 3.813147 3.798324 0.352347
v 3.779010 3.771242 0.331566
v 3.779010 3.798324 0.352347
v 3.813147 3.773031 0.327525
v 3.813147 3.802593 0.344593
v 3.779010 3.773031 0.327525
v 3.779010 3.802593 0.344593
v 3.813147 3.774276 0.323285
v 3.813147 3.805814 0.336348
v 3.779010 3.774276 0.323285
v 3.779010 3.805814 0.336348
v 3.813147 3.774957 0.318918
v 3.813147 3.807930 0.327754
v 3.779010 3.774957 0.318918
v 3.779010 3.807930 0.327754
v 3.813147 3.775063 0.314500
v 3.813147 3.808907 0.318956
v 3.779010 3.775063 0.314500
v 3.779010 3.808907 0.318956
v 3.813147 3.774591 0.310106
v 3.813147 3.808727 0.310107
v 3.779010 3.774591 0.310106
v 3.779010 3.808727 0.310107
v 3.813147 3.774591 0.310106
v 3.813147 3.808727 0.310107
v 3.779010 3.774591 0.310106
v 3.779010 3.808727 0.310107
v 3.813147 3.774593 0.005706
v 3.813147 3.808729 0.005706
v 3.779010 3.774593 0.005706
v 3.779010 3.808729 0.005706
v 3.813147 3.747105 -0.337775
v 3.813147 3.523445 -0.337775
v 3.813147 3.747105 -0.371912
v 3.813147 3.523445 -0.371912
v 3.779010 3.747105 -0.337775
v 3.779010 3.523445 -0.337775
v 3.779010 3.747105 -0.371912
v 3.779010 3.523445 -0.371912
v 3.813147 3.751400 -0.336734
v 3.813147 3.755856 -0.370578
v 3.779010 3.751400 -0.336734
v 3.779010 3.755856 -0.370578
v 3.813147 3.755522 -0.335140
v 3.813147 3.764357 -0.368114
v 3.779010 3.755522 -0.335140
v 3.779010 3.764357 -0.368114
v 3.813147 3.759401 -0.333023
v 3.813147 3.772464 -0.364561
v 3.779010 3.759401 -0.333023
v 3.779010 3.772464 -0.364561
v 3.813147 3.762970 -0.330417
v 3.813147 3.780038 -0.359980
v 3.779010 3.762970 -0.330417
v 3.779010 3.780038 -0.359980
v 3.813147 3.766169 -0.327368
v 3.813147 3.786949 -0.354450
v 3.779010 3.766169 -0.327368
v 3.779010 3.786949 -0.354450
v 3.813147 3.768942 -0.323927
v 3.813147 3.793080 -0.348065
v 3.779010 3.768942 -0.323927
v 3.779010 3.793080 -0.348065
v 3.813147 3.771242 -0.320154
v 3.813147 3.798324 -0.340935
v 3.779010 3.771242 -0.320154
v 3.779010 3.798324 -0.340935
v 3.813147 3.773031 -0.316113
v 3.813147 3.802593 -0.333181
v 3.779010 3.773031 -0.316113
v 3.779010 3.802593 -0.333181
v 3.813147 3.774276 -0.311873
v 3.813147 3.805814 -0.324936
v 3.779010 3.774276 -0.311873
v 3.779010 3.805814 -0.324936
v 3.813147 3.774957 -0.307506
v 3.813147 3.807930 -0.316342
v 3.779010 3.774957 -0.307506
v 3.779010 3.807930 -0.316342
v 3.813147 3.775063 -0.303088
v 3.813147 3.808907 -0.307544
v 3.779010 3.775063 -0.303088
v 3.779010 3.808907 -0.307544
v 3.813147 3.774591 -0.298694
v 3.813147 3.808727 -0.298695
v 3.779010 3.774591 -0.298694
v 3.779010 3.808727 -0.298695
v 3.813147 3.774591 -0.298694
v 3.813147 3.808727 -0.298695
v 3.779010 3.774591 -0.298694
v 3.779010 3.808727 -0.298695
v 3.036147 3.747105 0.349187
v 3.036147 3.523445 0.349187
v 3.036147 3.747105 0.383324
v 3.036147 3.523445 0.383324
v 3.002010 3.747105 0.349187
v 3.002010 3.523445 0.349187
v 3.002010 3.747105 0.383324
v 3.002010 3.523445 0.383324
v 3.036147 3.751400 0.348146
v 3.036147 3.755856 0.381990
v 3.002010 3.751400 0.348146
v 3.002010 3.755856 0.381990
v 3.036147 3.755522 0.346553
v 3.036147 3.764357 0.379526
v 3.002010 3.755522 0.346553
v 3.002010 3.764357 0.379526
v 3.036147 3.759401 0.344435
v 3.036147 3.772464 0.375973
v 3.002010 3.759401 0.344435
v 3.002010 3.772464 0.375973
v 3.036147 3.762970 0.341829
v 3.036147 3.780038 0.371392
v 3.002010 3.762970 0.341829
v 3.002010 3.780038 0.371392
v 3.036147 3.766169 0.338780
v 3.036147 3.786949 0.365862
v 3.002010 3.766169 0.338780
v 3.002010 3.786949 0.365862
v 3.036147 3.768942 0.335339
v 3.036147 3.793080 0.359478
v 3.002010 3.768942 0.335339
v 3.002010 3.793080 0.359478
v 3.036147 3.771242 0.331566
v 3.036147 3.798324 0.352347
v 3.002010 3.771242 0.331566
v 3.002010 3.798324 0.352347
v 3.036147 3.773031 0.327525
v 3.036147 3.802593 0.344593
v 3.002010 3.773031 0.327525
v 3.002010 3.802593 0.344593
v 3.036147 3.774276 0.323285
v 3.036147 3.805814 0.336348
v 3.002010 3.774276 0.323285
v 3.002010 3.805814 0.336348
v 3.036147 3.774957 0.318918
v 3.036147 3.807930 0.327754
v 3.002010 3.774957 0.318918
v 3.002010 3.807930 0.327754
v 3.036147 3.775063 0.314500
v 3.036147 3.808907 0.318956
v 3.002010 3.775063 0.314500
v 3.002010 3.808907 0.318956
v 3.036147 3.774591 0.310106
v 3.036147 3.808727 0.310107
v 3.002010 3.774591 0.310106
v 3.002010 3.808727 0.310107
v 3.036147 3.774591 0.310106
v 3.036147 3.808727 0.310107
v 3.002010 3.774591 0.310106
v 3.002010 3.808727 0.310107
v 3.036147 3.774593 0.005706
v 3.036147 3.808729 0.005706
v 3.002010 3.774593 0.005706
v 3.002010 3.808729 0.005706
v 3.036147 3.747105 -0.337775
v 3.036147 3.523445 -0.337775
v 3.036147 3.747105 -0.371912
v 3.036147 3.523445 -0.371912
v 3.002010 3.747105 -0.337775
v 3.002010 3.523445 -0.337775
v 3.002010 3.747105 -0.371912
v 3.002010 3.523445 -0.371912
v 3.036147 3.751400 -0.336734
v 3.036147 3.755856 -0.370578
v 3.002010 3.751400 -0.336734
v 3.002010 3.755856 -0.370578
v 3.036147 3.755522 -0.335140
v 3.036147 3.764357 -0.368114
v 3.002010 3.755522 -0.335140
v 3.002010 3.764357 -0.368114
v 3.036147 3.759401 -0.333023
v 3.036147 3.772464 -0.364561
v 3.002010 3.759401 -0.333023
v 3.002010 3.772464 -0.364561
v 3.036147 3.762970 -0.330417
v 3.036147 3.780038 -0.359980
v 3.002010 3.762970 -0.330417
v 3.002010 3.780038 -0.359980
v 3.036147 3.766169 -0.327368
v 3.036147 3.786949 -0.354450
v 3.002010 3.766169 -0.327368
v 3.002010 3.786949 -0.354450
v 3.036147 3.768942 -0.323927
v 3.036147 3.793080 -0.348065
v 3.002010 3.768942 -0.323927
v 3.002010 3.793080 -0.348065
v 3.036147 3.771242 -0.320154
v 3.036147 3.798324 -0.340935
v 3.002010 3.771242 -0.320154
v 3.002010 3.798324 -0.340935
v 3.036147 3.773031 -0.316113
v 3.036147 3.802593 -0.333181
v 3.002010 3.773031 -0.316113
v 3.002010 3.802593 -0.333181
v 3.036147 3.774276 -0.311873
v 3.036147 3.805814 -0.324936
v 3.002010 3.774276 -0.311873
v 3.002010 3.805814 -0.324936
v 3.036147 3.774957 -0.307506
v 3.036147 3.807930 -0.316342
v 3.002010 3.774957 -0.307506
v 3.002010 3.807930 -0.316342
v 3.036147 3.775063 -0.303088
v 3.036147 3.808907 -0.307544
v 3.002010 3.775063 -0.303088
v 3.002010 3.808907 -0.307544
v 3.036147 3.774591 -0.298694
v 3.036147 3.808727 -0.298695
v 3.002010 3.774591 -0.298694
v 3.002010 3.808727 -0.298695
v 3.036147 3.774591 -0.298694
v 3.036147 3.808727 -0.298695
v 3.002010 3.774591 -0.298694
v 3.002010 3.808727 -0.298695
v 2.259147 3.747105 0.349187
v 2.259147 3.523445 0.349187
v 2.259147 3.747105 0.383324
v 2.259147 3.523445 0.383324
v 2.225010 3.747105 0.349187
v 2.225010 3.523445 0.349187
v 2.225010 3.747105 0.383324
v 2.225010 3.523445 0.383324
v 2.259147 3.751400 0.348146
v 2.259147 3.755856 0.381990
v 2.225010 3.751400 0.348146
v 2.225010 3.755856 0.381990
v 2.259147 3.755522 0.346553
v 2.259147 3.764357 0.379526
v 2.225010 3.755522 0.346553
v 2.225010 3.764357 0.379526
v 2.259147 3.759401 0.344435
v 2.259147 3.772464 0.375973
v 2.225010 3.759401 0.344435
v 2.225010 3.772464 0.375973
v 2.259147 3.762970 0.341829
v 2.259147 3.780038 0.371392
v 2.225010 3.762970 0.341829
v 2.225010 3.780038 0.371392
v 2.259147 3.766169 0.338780
v 2.259147 3.786949 0.365862
v 2.225010 3.766169 0.338780
v 2.225010 3.786949 0.365862
v 2.259147 3.768942 0.335339
v 2.259147 3.793080 0.359478
v 2.225010 3.768942 0.335339
v 2.225010 3.793080 0.359478
v 2.259147 3.771242 0.331566
v 2.259147 3.798324 0.352347
v 2.225010 3.771242 0.331566
v 2.225010 3.798324 0.352347
v 2.259147 3.773031 0.327525
v 2.259147 3.802593 0.344593
v 2.225010 3.773031 0.327525
v 2.225010 3.802593 0.344593
v 2.259147 3.774276 0.323285
v 2.259147 3.805814 0.336348
v 2.225010 3.774276 0.323285
v 2.225010 3.805814 0.336348
v 2.259147 3.774957 0.318918
v 2.259147 3.807930 0.327754
v 2.225010 3.774957 0.318918
v 2.225010 3.807930 0.327754
v 2.259147 3.775063 0.314500
v 2.259147 3.808907 0.318956
v 2.225010 3.775063 0.314500
v 2.225010 3.808907 0.318956
v 2.259147 3.774591 0.310106
v 2.259147 3.808727 0.310107
v 2.225010 3.774591 0.310106
v 2.225010 3.808727 0.310107
v 2.259147 3.774591 0.310106
v 2.259147 3.808727 0.310107
v 2.225010 3.774591 0.310106
v 2.225010 3.808727 0.310107
v 2.259147 3.774593 0.005706
v 2.259147 3.808729 0.005706
v 2.225010 3.774593 0.005706
v 2.225010 3.808729 0.005706
v 2.259147 3.747105 -0.337775
v 2.259147 3.523445 -0.337775
v 2.259147 3.747105 -0.371912
v 2.259147 3.523445 -0.371912
v 2.225010 3.747105 -0.337775
v 2.225010 3.523445 -0.337775
v 2.225010 3.747105 -0.371912
v 2.225010 3.523445 -0.371912
v 2.259147 3.751400 -0.336734
v 2.259147 3.755856 -0.370578
v 2.225010 3.751400 -0.336734
v 2.225010 3.755856 -0.370578
v 2.259147 3.755522 -0.335140
v 2.259147 3.764357 -0.368114
v 2.225010 3.755522 -0.335140
v 2.225010 3.764357 -0.368114
v 2.259147 3.759401 -0.333023
v 2.259147 3.772464 -0.364561
v 2.225010 3.759401 -0.333023
v 2.225010 3.772464 -0.364561
v 2.259147 3.762970 -0.330417
v 2.259147 3.780038 -0.359980
v 2.225010 3.762970 -0.330417
v 2.225010 3.780038 -0.359980
v 2.259147 3.766169 -0.327368
v 2.259147 3.786949 -0.354450
v 2.225010 3.766169 -0.327368
v 2.225010 3.786949 -0.354450
v 2.259147 3.768942 -0.323927
v 2.259147 3.793080 -0.348065
v 2.225010 3.768942 -0.323927
v 2.225010 3.793080 -0.348065
v 2.259147 3.771242 -0.320154
v 2.259147 3.798324 -0.340935
v 2.225010 3.771242 -0.320154
v 2.225010 3.798324 -0.340935
v 2.259147 3.773031 -0.316113
v 2.259147 3.802593 -0.333181
v 2.225010 3.773031 -0.316113
v 2.225010 3.802593 -0.333181
v 2.259147 3.774276 -0.311873
v 2.259147 3.805814 -0.324936
v 2.225010 3.774276 -0.311873
v 2.225010 3.805814 -0.324936
v 2.259147 3.774957 -0.307506
v 2.259147 3.807930 -0.316342
v 2.225010 3.774957 -0.307506
v 2.225010 3.807930 -0.316342
v 2.259147 3.775063 -0.303088
v 2.259147 3.808907 -0.307544
v 2.225010 3.775063 -0.303088
v 2.225010 3.808907 -0.307544
v 2.259147 3.774591 -0.298694
v 2.259147 3.808727 -0.298695
v 2.225010 3.774591 -0.298694
v 2.225010 3.808727 -0.298695
v 2.259147 3.774591 -0.298694
v 2.259147 3.808727 -0.298695
v 2.225010 3.774591 -0.298694
v 2.225010 3.808727 -0.298695
v 1.482147 3.747105 0.349187
v 1.482147 3.523445 0.349187
v 1.482147 3.747105 0.383324
v 1.482147 3.523445 0.383324
v 1.448010 3.747105 0.349187
v 1.448010 3.523445 0.349187
v 1.448010 3.747105 0.383324
v 1.448010 3.523445 0.383324
v 1.482147 3.751400 0.348146
v 1.482147 3.755856 0.381990
v 1.448010 3.751400 0.348146
v 1.448010 3.755856 0.381990
v 1.482147 3.755522 0.346553
v 1.482147 3.764357 0.379526
v 1.448010 3.755522 0.346553
v 1.448010 3.764357 0.379526
v 1.482147 3.759401 0.344435
v 1.482147 3.772464 0.375973
v 1.448010 3.759401 0.344435
v 1.448010 3.772464 0.375973
v 1.482147 3.762970 0.341829
v 1.482147 3.780038 0.371392
v 1.448010 3.762970 0.341829
v 1.448010 3.780038 0.371392
v 1.482147 3.766169 0.338780
v 1.482147 3.786949 0.365862
v 1.448010 3.766169 0.338780
v 1.448010 3.786949 0.365862
v 1.482147 3.768942 0.335339
v 1.482147 3.793080 0.359478
v 1.448010 3.768942 0.335339
v 1.448010 3.793080 0.359478
v 1.482147 3.771242 0.331566
v 1.482147 3.798324 0.352347
v 1.448010 3.771242 0.331566
v 1.448010 3.798324 0.352347
v 1.482147 3.773031 0.327525
v 1.482147 3.802593 0.344593
v 1.448010 3.773031 0.327525
v 1.448010 3.802593 0.344593
v 1.482147 3.774276 0.323285
v 1.482147 3.805814 0.336348
v 1.448010 3.774276 0.323285
v 1.448010 3.805814 0.336348
v 1.482147 3.774957 0.318918
v 1.482147 3.807930 0.327754
v 1.448010 3.774957 0.318918
v 1.448010 3.807930 0.327754
v 1.482147 3.775063 0.314500
v 1.482147 3.808907 0.318956
v 1.448010 3.775063 0.314500
v 1.448010 3.808907 0.318956
v 1.482147 3.774591 0.310106
v 1.482147 3.808727 0.310107
v 1.448010 3.774591 0.310106
v 1.448010 3.808727 0.310107
v 1.482147 3.774591 0.310106
v 1.482147 3.808727 0.310107
v 1.448010 3.774591 0.310106
v 1.448010 3.808727 0.310107
v 1.482147 3.774593 0.005706
v 1.482147 3.808729 0.005706
v 1.448010 3.774593 0.005706
v 1.448010 3.808729 0.005706
v 1.482147 3.747105 -0.337775
v 1.482147 3.523445 -0.337775
v 1.482147 3.747105 -0.371912
v 1.482147 3.523445 -0.371912
v 1.448010 3.747105 -0.337775
v 1.448010 3.523445 -0.337775
v 1.448010 3.747105 -0.371912
v 1.448010 3.523445 -0.371912
v 1.482147 3.751400 -0.336734
v 1.482147 3.755856 -0.370578
v 1.448010 3.751400 -0.336734
v 1.448010 3.755856 -0.370578
v 1.482147 3.755522 -0.335140
v 1.482147 3.764357 -0.368114
v 1.448010 3.755522 -0.335140
v 1.448010 3.764357 -0.368114
v 1.482147 3.759401 -0.333023
v 1.482147 3.772464 -0.364561
v 1.448010 3.759401 -0.333023
v 1.448010 3.772464 -0.364561
v 1.482147 3.762970 -0.330417
v 1.482147 3.780038 -0.359980
v 1.448010 3.762970 -0.330417
v 1.448010 3.780038 -0.359980
v 1.482147 3.766169 -0.327368
v 1.482147 3.786949 -0.354450
v 1.448010 3.766169 -0.327368
v 1.448010 3.786949 -0.354450
v 1.482147 3.768942 -0.323927
v 1.482147 3.793080 -0.348065
v 1.448010 3.768942 -0.323927
v 1.448010 3.793080 -0.348065
v 1.482147 3.771242 -0.320154
v 1.482147 3.798324 -0.340935
v 1.448010 3.771242 -0.320154
v 1.448010 3.798324 -0.340935
v 1.482147 3.773031 -0.316113
v 1.482147 3.802593 -0.333181
v 1.448010 3.773031 -0.316113
v 1.448010 3.802593 -0.333181
v 1.482147 3.774276 -0.311873
v 1.482147 3.805814 -0.324936
v 1.448010 3.774276 -0.311873
v 1.448010 3.805814 -0.324936
v 1.482147 3.774957 -0.307506
v 1.482147 3.807930 -0.316342
v 1.448010 3.774957 -0.307506
v 1.448010 3.807930 -0.316342
v 1.482147 3.775063 -0.303088
v 1.482147 3.808907 -0.307544
v 1.448010 3.775063 -0.303088
v 1.448010 3.808907 -0.307544
v 1.482147 3.774591 -0.298694
v 1.482147 3.808727 -0.298695
v 1.448010 3.774591 -0.298694
v 1.448010 3.808727 -0.298695
v 1.482147 3.774591 -0.298694
v 1.482147 3.808727 -0.298695
v 1.448010 3.774591 -0.298694
v 1.448010 3.808727 -0.298695
vn -0.0000 -0.0000 1.0000
vn 1.0000 -0.0000 -0.0000
vn -1.0000 -0.0000 -0.0000
vn -0.0000 -1.0000 -0.0000
vn -0.0000 -0.0000 -1.0000
vn -0.0000 -0.2357 -0.9718
vn -0.0000 0.1507 0.9886
vn -0.0000 0.4014 0.9159
vn -0.0000 0.2784 0.9605
vn -0.0000 -0.3605 -0.9328
vn -0.0000 -0.5896 -0.8077
vn -0.0000 -0.4792 -0.8777
vn -0.0000 0.5175 0.8557
vn -0.0000 0.7213 0.6926
vn -0.0000 0.6248 0.7808
vn -0.0000 -0.6900 -0.7238
vn -0.0000 -0.7786 -0.6275
vn -0.0000 0.8056 0.5925
vn -0.0000 -0.8538 -0.5206
vn -0.0000 0.9315 0.3638
vn -0.0000 0.8760 0.4823
vn -0.0000 -0.9145 -0.4046
vn -0.0000 -0.9595 -0.2818
vn -0.0000 0.9710 0.2391
vn -0.0000 -0.9880 -0.1541
vn -0.0000 0.9998 -0.0203
vn -0.0000 0.9939 0.1104
vn -0.0000 -0.9997 -0.0238
vn -0.0000 1.0000 -0.0000
vn -0.0000 -0.9943 0.1068
vn -0.0000 -0.2357 0.9718
vn -0.0000 0.1507 -0.9886
vn -0.0000 0.4014 -0.9159
vn -0.0000 0.2784 -0.9605
vn -0.0000 -0.3605 0.9328
vn -0.0000 -0.5896 0.8077
vn -0.0000 -0.4792 0.8777
vn -0.0000 0.5175 -0.8557
vn -0.0000 0.7213 -0.6926
vn -0.0000 0.6248 -0.7808
vn -0.0000 -0.6900 0.7238
vn -0.0000 -0.7786 0.6275
vn -0.0000 0.8056 -0.5925
vn -0.0000 -0.8538 0.5206
vn -0.0000 0.9315 -0.3638
vn -0.0000 0.8760 -0.4823
vn -0.0000 -0.9145 0.4046
vn -0.0000 -0.9595 0.2818
vn -0.0000 0.9710 -0.2391
vn -0.0000 -0.9880 0.1541
vn -0.0000 0.9998 0.0203
vn -0.0000 0.9939 -0.1104
vn -0.0000 -0.9997 0.0238
vn -0.0000 -0.9943 -0.1068
vt 0.437500 0.937500
s 0
f 1886/5/99 1885/5/99 1889/5/99 1890/5/99
f 1884/5/100 1883/5/100 1885/5/100 1886/5/100
f 1890/5/101 1889/5/101 1887/5/101 1888/5/101
f 1888/5/102 1884/5/102 1886/5/102 1890/5/102
f 1887/5/101 1889/5/101 1894/5/101 1893/5/101
f 1888/5/103 1887/5/103 1883/5/103 1884/5/103
f 1893/5/101 1894/5/101 1898/5/101 1897/5/101
f 1883/5/104 1887/5/104 1893/5/104 1891/5/104
f 1889/5/105 1885/5/105 1892/5/105 1894/5/105
f 1885/5/100 1883/5/100 1891/5/100 1892/5/100
f 1898/5/106 1896/5/106 1900/5/106 1902/5/106
f 1892/5/100 1891/5/100 1895/5/100 1896/5/100
f 1894/5/107 1892/5/107 1896/5/107 1898/5/107
f 1891/5/108 1893/5/108 1897/5/108 1895/5/108
f 1899/5/109 1901/5/109 1905/5/109 1903/5/109
f 1895/5/110 1897/5/110 1901/5/110 1899/5/110
f 1897/5/101 1898/5/101 1902/5/101 1901/5/101
f 1896/5/100 1895/5/100 1899/5/100 1900/5/100
f 1905/5/101 1906/5/101 1910/5/101 1909/5/101
f 1901/5/101 1902/5/101 1906/5/101 1905/5/101
f 1900/5/100 1899/5/100 1903/5/100 1904/5/100
f 1902/5/111 1900/5/111 1904/5/111 1906/5/111
f 1910/5/112 1908/5/112 1912/5/112 1914/5/112
f 1904/5/100 1903/5/100 1907/5/100 1908/5/100
f 1906/5/113 1904/5/113 1908/5/113 1910/5/113
f 1903/5/114 1905/5/114 1909/5/114 1907/5/114
f 1913/5/101 1914/5/101 1918/5/101 1917/5/101
f 1907/5/115 1909/5/115 1913/5/115 1911/5/115
f 1909/5/101 1910/5/101 1914/5/101 1913/5/101
f 1908/5/100 1907/5/100 1911/5/100 1912/5/100
f 1917/5/101 1918/5/101 1922/5/101 1921/5/101
f 1912/5/100 1911/5/100 1915/5/100 1916/5/100
f 1914/5/116 1912/5/116 1916/5/116 1918/5/116
f 1911/5/117 1913/5/117 1917/5/117 1915/5/117
f 1922/5/118 1920/5/118 1924/5/118 1926/5/118
f 1916/5/100 1915/5/100 1919/5/100 1920/5/100
f 1918/5/119 1916/5/119 1920/5/119 1922/5/119
f 1915/5/120 1917/5/120 1921/5/120 1919/5/120
f 1925/5/101 1926/5/101 1930/5/101 1929/5/101
f 1919/5/121 1921/5/121 1925/5/121 1923/5/121
f 1921/5/101 1922/5/101 1926/5/101 1925/5/101
f 1920/5/100 1919/5/100 1923/5/100 1924/5/100
f 1928/5/100 1927/5/100 1931/5/100 1932/5/100
f 1924/5/100 1923/5/100 1927/5/100 1928/5/100
f 1926/5/122 1924/5/122 1928/5/122 1930/5/122
f 1923/5/123 1925/5/123 1929/5/123 1927/5/123
f 1934/5/124 1932/5/124 1936/5/124 1938/5/124
f 1930/5/125 1928/5/125 1932/5/125 1934/5/125
f 1927/5/126 1929/5/126 1933/5/126 1931/5/126
f 1929/5/101 1930/5/101 1934/5/101 1933/5/101
f 1937/5/127 1938/5/127 1942/5/127 1941/5/127
f 1931/5/128 1933/5/128 1937/5/128 1935/5/128
f 1933/5/101 1934/5/101 1938/5/101 1937/5/101
f 1932/5/100 1931/5/100 1935/5/100 1936/5/100
f 1942/5/127 1940/5/127 1944/5/127 1946/5/127
f 1936/5/127 1935/5/127 1939/5/127 1940/5/127
f 1938/5/127 1936/5/127 1940/5/127 1942/5/127
f 1935/5/127 1937/5/127 1941/5/127 1939/5/127
f 1943/5/103 1945/5/103 1946/5/103 1944/5/103
f 1939/5/102 1941/5/102 1945/5/102 1943/5/102
f 1941/5/101 1942/5/101 1946/5/101 1945/5/101
f 1940/5/100 1939/5/100 1943/5/100 1944/5/100
f 1950/5/103 1954/5/103 1953/5/103 1949/5/103
f 1948/5/100 1950/5/100 1949/5/100 1947/5/100
f 1954/5/101 1952/5/101 1951/5/101 1953/5/101
f 1952/5/102 1954/5/102 1950/5/102 1948/5/102
f 1951/5/101 1957/5/101 1958/5/101 1953/5/101
f 1952/5/99 1948/5/99 1947/5/99 1951/5/99
f 1957/5/101 1961/5/101 1962/5/101 1958/5/101
f 1947/5/129 1955/5/129 1957/5/129 1951/5/129
f 1953/5/130 1958/5/130 1956/5/130 1949/5/130
f 1949/5/100 1956/5/100 1955/5/100 1947/5/100
f 1962/5/131 1966/5/131 1964/5/131 1960/5/131
f 1956/5/100 1960/5/100 1959/5/100 1955/5/100
f 1958/5/132 1962/5/132 1960/5/132 1956/5/132
f 1955/5/133 1959/5/133 1961/5/133 1957/5/133
f 1963/5/134 1967/5/134 1969/5/134 1965/5/134
f 1959/5/135 1963/5/135 1965/5/135 1961/5/135
f 1961/5/101 1965/5/101 1966/5/101 1962/5/101
f 1960/5/100 1964/5/100 1963/5/100 1959/5/100
f 1969/5/101 1973/5/101 1974/5/101 1970/5/101
f 1965/5/101 1969/5/101 1970/5/101 1966/5/101
f 1964/5/100 1968/5/100 1967/5/100 1963/5/100
f 1966/5/136 1970/5/136 1968/5/136 1964/5/136
f 1974/5/137 1978/5/137 1976/5/137 1972/5/137
f 1968/5/100 1972/5/100 1971/5/100 1967/5/100
f 1970/5/138 1974/5/138 1972/5/138 1968/5/138
f 1967/5/139 1971/5/139 1973/5/139 1969/5/139
f 1977/5/101 1981/5/101 1982/5/101 1978/5/101
f 1971/5/140 1975/5/140 1977/5/140 1973/5/140
f 1973/5/101 1977/5/101 1978/5/101 1974/5/101
f 1972/5/100 1976/5/100 1975/5/100 1971/5/100
f 1981/5/101 1985/5/101 1986/5/101 1982/5/101
f 1976/5/100 1980/5/100 1979/5/100 1975/5/100
f 1978/5/141 1982/5/141 1980/5/141 1976/5/141
f 1975/5/142 1979/5/142 1981/5/142 1977/5/142
f 1986/5/143 1990/5/143 1988/5/143 1984/5/143
f 1980/5/100 1984/5/100 1983/5/100 1979/5/100
f 1982/5/144 1986/5/144 1984/5/144 1980/5/144
f 1979/5/145 1983/5/145 1985/5/145 1981/5/145
f 1989/5/101 1993/5/101 1994/5/101 1990/5/101
f 1983/5/146 1987/5/146 1989/5/146 1985/5/146
f 1985/5/101 1989/5/101 1990/5/101 1986/5/101
f 1984/5/100 1988/5/100 1987/5/100 1983/5/100
f 1992/5/100 1996/5/100 1995/5/100 1991/5/100
f 1988/5/100 1992/5/100 1991/5/100 1987/5/100
f 1990/5/147 1994/5/147 1992/5/147 1988/5/147
f 1987/5/148 1991/5/148 1993/5/148 1989/5/148
f 1998/5/149 2002/5/149 2000/5/149 1996/5/149
f 1994/5/150 1998/5/150 1996/5/150 1992/5/150
f 1991/5/151 1995/5/151 1997/5/151 1993/5/151
f 1993/5/101 1997/5/101 1998/5/101 1994/5/101
f 2001/5/127 2005/5/127 2006/5/127 2002/5/127
f 1995/5/152 1999/5/152 2001/5/152 1997/5/152
f 1997/5/101 2001/5/101 2002/5/101 1998/5/101
f 1996/5/100 2000/5/100 1999/5/100 1995/5/100
f 2006/5/127 1946/5/127 1944/5/127 2004/5/127
f 2000/5/127 2004/5/127 2003/5/127 1999/5/127
f 2002/5/127 2006/5/127 2004/5/127 2000/5/127
f 1999/5/127 2003/5/127 2005/5/127 2001/5/127
f 2003/5/102 1943/5/102 1945/5/102 2005/5/102
f 2005/5/101 1945/5/101 1946/5/101 2006/5/101
f 2004/5/100 1944/5/100 1943/5/100 2003/5/100
f 2010/5/99 2009/5/99 2013/5/99 2014/5/99
f 2008/5/100 2007/5/100 2009/5/100 2010/5/100
f 2014/5/101 2013/5/101 2011/5/101 2012/5/101
f 2012/5/102 2008/5/102 2010/5/102 2014/5/102
f 2011/5/101 2013/5/101 2018/5/101 2017/5/101
f 2012/5/103 2011/5/103 2007/5/103 2008/5/103
f 2017/5/101 2018/5/101 2022/5/101 2021/5/101
f 2007/5/104 2011/5/104 2017/5/104 2015/5/104
f 2013/5/105 2009/5/105 2016/5/105 2018/5/105
f 2009/5/100 2007/5/100 2015/5/100 2016/5/100
f 2022/5/106 2020/5/106 2024/5/106 2026/5/106
f 2016/5/100 2015/5/100 2019/5/100 2020/5/100
f 2018/5/107 2016/5/107 2020/5/107 2022/5/107
f 2015/5/108 2017/5/108 2021/5/108 2019/5/108
f 2023/5/109 2025/5/109 2029/5/109 2027/5/109
f 2019/5/110 2021/5/110 2025/5/110 2023/5/110
f 2021/5/101 2022/5/101 2026/5/101 2025/5/101
f 2020/5/100 2019/5/100 2023/5/100 2024/5/100
f 2029/5/101 2030/5/101 2034/5/101 2033/5/101
f 2025/5/101 2026/5/101 2030/5/101 2029/5/101
f 2024/5/100 2023/5/100 2027/5/100 2028/5/100
f 2026/5/111 2024/5/111 2028/5/111 2030/5/111
f 2034/5/112 2032/5/112 2036/5/112 2038/5/112
f 2028/5/100 2027/5/100 2031/5/100 2032/5/100
f 2030/5/113 2028/5/113 2032/5/113 2034/5/113
f 2027/5/114 2029/5/114 2033/5/114 2031/5/114
f 2037/5/101 2038/5/101 2042/5/101 2041/5/101
f 2031/5/115 2033/5/115 2037/5/115 2035/5/115
f 2033/5/101 2034/5/101 2038/5/101 2037/5/101
f 2032/5/100 2031/5/100 2035/5/100 2036/5/100
f 2041/5/101 2042/5/101 2046/5/101 2045/5/101
f 2036/5/100 2035/5/100 2039/5/100 2040/5/100
f 2038/5/116 2036/5/116 2040/5/116 2042/5/116
f 2035/5/117 2037/5/117 2041/5/117 2039/5/117
f 2046/5/118 2044/5/118 2048/5/118 2050/5/118
f 2040/5/100 2039/5/100 2043/5/100 2044/5/100
f 2042/5/119 2040/5/119 2044/5/119 2046/5/119
f 2039/5/120 2041/5/120 2045/5/120 2043/5/120
f 2049/5/101 2050/5/101 2054/5/101 2053/5/101
f 2043/5/121 2045/5/121 2049/5/121 2047/5/121
f 2045/5/101 2046/5/101 2050/5/101 2049/5/101
f 2044/5/100 2043/5/100 2047/5/100 2048/5/100
f 2052/5/100 2051/5/100 2055/5/100 2056/5/100
f 2048/5/100 2047/5/100 2051/5/100 2052/5/100
f 2050/5/122 2048/5/122 2052/5/122 2054/5/122
f 2047/5/123 2049/5/123 2053/5/123 2051/5/123
f 2058/5/124 2056/5/124 2060/5/124 2062/5/124
f 2054/5/125 2052/5/125 2056/5/125 2058/5/125
f 2051/5/126 2053/5/126 2057/5/126 2055/5/126
f 2053/5/101 2054/5/101 2058/5/101 2057/5/101
f 2061/5/127 2062/5/127 2066/5/127 2065/5/127
f 2055/5/128 2057/5/128 2061/5/128 2059/5/128
f 2057/5/101 2058/5/101 2062/5/101 2061/5/101
f 2056/5/100 2055/5/100 2059/5/100 2060/5/100
f 2066/5/127 2064/5/127 2068/5/127 2070/5/127
f 2060/5/127 2059/5/127 2063/5/127 2064/5/127
f 2062/5/127 2060/5/127 2064/5/127 2066/5/127
f 2059/5/127 2061/5/127 2065/5/127 2063/5/127
f 2067/5/103 2069/5/103 2070/5/103 2068/5/103
f 2063/5/102 2065/5/102 2069/5/102 2067/5/102
f 2065/5/101 2066/5/101 2070/5/101 2069/5/101
f 2064/5/100 2063/5/100 2067/5/100 2068/5/100
f 2074/5/103 2078/5/103 2077/5/103 2073/5/103
f 2072/5/100 2074/5/100 2073/5/100 2071/5/100
f 2078/5/101 2076/5/101 2075/5/101 2077/5/101
f 2076/5/102 2078/5/102 2074/5/102 2072/5/102
f 2075/5/101 2081/5/101 2082/5/101 2077/5/101
f 2076/5/99 2072/5/99 2071/5/99 2075/5/99
f 2081/5/101 2085/5/101 2086/5/101 2082/5/101
f 2071/5/129 2079/5/129 2081/5/129 2075/5/129
f 2077/5/130 2082/5/130 2080/5/130 2073/5/130
f 2073/5/100 2080/5/100 2079/5/100 2071/5/100
f 2086/5/131 2090/5/131 2088/5/131 2084/5/131
f 2080/5/100 2084/5/100 2083/5/100 2079/5/100
f 2082/5/132 2086/5/132 2084/5/132 2080/5/132
f 2079/5/133 2083/5/133 2085/5/133 2081/5/133
f 2087/5/134 2091/5/134 2093/5/134 2089/5/134
f 2083/5/135 2087/5/135 2089/5/135 2085/5/135
f 2085/5/101 2089/5/101 2090/5/101 2086/5/101
f 2084/5/100 2088/5/100 2087/5/100 2083/5/100
f 2093/5/101 2097/5/101 2098/5/101 2094/5/101
f 2089/5/101 2093/5/101 2094/5/101 2090/5/101
f 2088/5/100 2092/5/100 2091/5/100 2087/5/100
f 2090/5/136 2094/5/136 2092/5/136 2088/5/136
f 2098/5/137 2102/5/137 2100/5/137 2096/5/137
f 2092/5/100 2096/5/100 2095/5/100 2091/5/100
f 2094/5/138 2098/5/138 2096/5/138 2092/5/138
f 2091/5/139 2095/5/139 2097/5/139 2093/5/139
f 2101/5/101 2105/5/101 2106/5/101 2102/5/101
f 2095/5/140 2099/5/140 2101/5/140 2097/5/140
f 2097/5/101 2101/5/101 2102/5/101 2098/5/101
f 2096/5/100 2100/5/100 2099/5/100 2095/5/100
f 2105/5/101 2109/5/101 2110/5/101 2106/5/101
f 2100/5/100 2104/5/100 2103/5/100 2099/5/100
f 2102/5/141 2106/5/141 2104/5/141 2100/5/141
f 2099/5/142 2103/5/142 2105/5/142 2101/5/142
f 2110/5/143 2114/5/143 2112/5/143 2108/5/143
f 2104/5/100 2108/5/100 2107/5/100 2103/5/100
f 2106/5/144 2110/5/144 2108/5/144 2104/5/144
f 2103/5/145 2107/5/145 2109/5/145 2105/5/145
f 2113/5/101 2117/5/101 2118/5/101 2114/5/101
f 2107/5/146 2111/5/146 2113/5/146 2109/5/146
f 2109/5/101 2113/5/101 2114/5/101 2110/5/101
f 2108/5/100 2112/5/100 2111/5/100 2107/5/100
f 2116/5/100 2120/5/100 2119/5/100 2115/5/100
f 2112/5/100 2116/5/100 2115/5/100 2111/5/100
f 2114/5/147 2118/5/147 2116/5/147 2112/5/147
f 2111/5/148 2115/5/148 2117/5/148 2113/5/148
f 2122/5/149 2126/5/149 2124/5/149 2120/5/149
f 2118/5/150 2122/5/150 2120/5/150 2116/5/150
f 2115/5/151 2119/5/151 2121/5/151 2117/5/151
f 2117/5/101 2121/5/101 2122/5/101 2118/5/101
f 2125/5/127 2129/5/127 2130/5/127 2126/5/127
f 2119/5/152 2123/5/152 2125/5/152 2121/5/152
f 2121/5/101 2125/5/101 2126/5/101 2122/5/101
f 2120/5/100 2124/5/100 2123/5/100 2119/5/100
f 2130/5/127 2070/5/127 2068/5/127 2128/5/127
f 2124/5/127 2128/5/127 2127/5/127 2123/5/127
f 2126/5/127 2130/5/127 2128/5/127 2124/5/127
f 2123/5/127 2127/5/127 2129/5/127 2125/5/127
f 2127/5/102 2067/5/102 2069/5/102 2129/5/102
f 2129/5/101 2069/5/101 2070/5/101 2130/5/101
f 2128/5/100 2068/5/100 2067/5/100 2127/5/100
f 2134/5/99 2133/5/99 2137/5/99 2138/5/99
f 2132/5/100 2131/5/100 2133/5/100 2134/5/100
f 2138/5/101 2137/5/101 2135/5/101 2136/5/101
f 2136/5/102 2132/5/102 2134/5/102 2138/5/102
f 2135/5/101 2137/5/101 2142/5/101 2141/5/101
f 2136/5/103 2135/5/103 2131/5/103 2132/5/103
f 2141/5/101 2142/5/101 2146/5/101 2145/5/101
f 2131/5/104 2135/5/104 2141/5/104 2139/5/104
f 2137/5/105 2133/5/105 2140/5/105 2142/5/105
f 2133/5/100 2131/5/100 2139/5/100 2140/5/100
f 2146/5/106 2144/5/106 2148/5/106 2150/5/106
f 2140/5/100 2139/5/100 2143/5/100 2144/5/100
f 2142/5/107 2140/5/107 2144/5/107 2146/5/107
f 2139/5/108 2141/5/108 2145/5/108 2143/5/108
f 2147/5/109 2149/5/109 2153/5/109 2151/5/109
f 2143/5/110 2145/5/110 2149/5/110 2147/5/110
f 2145/5/101 2146/5/101 2150/5/101 2149/5/101
f 2144/5/100 2143/5/100 2147/5/100 2148/5/100
f 2153/5/101 2154/5/101 2158/5/101 2157/5/101
f 2149/5/101 2150/5/101 2154/5/101 2153/5/101
f 2148/5/100 2147/5/100 2151/5/100 2152/5/100
f 2150/5/111 2148/5/111 2152/5/111 2154/5/111
f 2158/5/112 2156/5/112 2160/5/112 2162/5/112
f 2152/5/100 2151/5/100 2155/5/100 2156/5/100
f 2154/5/113 2152/5/113 2156/5/113 2158/5/113
f 2151/5/114 2153/5/114 2157/5/114 2155/5/114
f 2161/5/101 2162/5/101 2166/5/101 2165/5/101
f 2155/5/115 2157/5/115 2161/5/115 2159/5/115
f 2157/5/101 2158/5/101 2162/5/101 2161/5/101
f 2156/5/100 2155/5/100 2159/5/100 2160/5/100
f 2165/5/101 2166/5/101 2170/5/101 2169/5/101
f 2160/5/100 2159/5/100 2163/5/100 2164/5/100
f 2162/5/116 2160/5/116 2164/5/116 2166/5/116
f 2159/5/117 2161/5/117 2165/5/117 2163/5/117
f 2170/5/118 2168/5/118 2172/5/118 2174/5/118
f 2164/5/100 2163/5/100 2167/5/100 2168/5/100
f 2166/5/119 2164/5/119 2168/5/119 2170/5/119
f 2163/5/120 2165/5/120 2169/5/120 2167/5/120
f 2173/5/101 2174/5/101 2178/5/101 2177/5/101
f 2167/5/121 2169/5/121 2173/5/121 2171/5/121
f 2169/5/101 2170/5/101 2174/5/101 2173/5/101
f 2168/5/100 2167/5/100 2171/5/100 2172/5/100
f 2176/5/100 2175/5/100 2179/5/100 2180/5/100
f 2172/5/100 2171/5/100 2175/5/100 2176/5/100
f 2174/5/122 2172/5/122 2176/5/122 2178/5/122
f 2171/5/123 2173/5/123 2177/5/123 2175/5/123
f 2182/5/124 2180/5/124 2184/5/124 2186/5/124
f 2178/5/125 2176/5/125 2180/5/125 2182/5/125
f 2175/5/126 2177/5/126 2181/5/126 2179/5/126
f 2177/5/101 2178/5/101 2182/5/101 2181/5/101
f 2185/5/127 2186/5/127 2190/5/127 2189/5/127
f 2179/5/128 2181/5/128 2185/5/128 2183/5/128
f 2181/5/101 2182/5/101 2186/5/101 2185/5/101
f 2180/5/100 2179/5/100 2183/5/100 2184/5/100
f 2190/5/127 2188/5/127 2192/5/127 2194/5/127
f 2184/5/127 2183/5/127 2187/5/127 2188/5/127
f 2186/5/127 2184/5/127 2188/5/127 2190/5/127
f 2183/5/127 2185/5/127 2189/5/127 2187/5/127
f 2191/5/103 2193/5/103 2194/5/103 2192/5/103
f 2187/5/102 2189/5/102 2193/5/102 2191/5/102
f 2189/5/101 2190/5/101 2194/5/101 2193/5/101
f 2188/5/100 2187/5/100 2191/5/100 2192/5/100
f 2198/5/103 2202/5/103 2201/5/103 2197/5/103
f 2196/5/100 2198/5/100 2197/5/100 2195/5/100
f 2202/5/101 2200/5/101 2199/5/101 2201/5/101
f 2200/5/102 2202/5/102 2198/5/102 2196/5/102
f 2199/5/101 2205/5/101 2206/5/101 2201/5/101
f 2200/5/99 2196/5/99 2195/5/99 2199/5/99
f 2205/5/101 2209/5/101 2210/5/101 2206/5/101
f 2195/5/129 2203/5/129 2205/5/129 2199/5/129
f 2201/5/130 2206/5/130 2204/5/130 2197/5/130
f 2197/5/100 2204/5/100 2203/5/100 2195/5/100
f 2210/5/131 2214/5/131 2212/5/131 2208/5/131
f 2204/5/100 2208/5/100 2207/5/100 2203/5/100
f 2206/5/132 2210/5/132 2208/5/132 2204/5/132
f 2203/5/133 2207/5/133 2209/5/133 2205/5/133
f 2211/5/134 2215/5/134 2217/5/134 2213/5/134
f 2207/5/135 2211/5/135 2213/5/135 2209/5/135
f 2209/5/101 2213/5/101 2214/5/101 2210/5/101
f 2208/5/100 2212/5/100 2211/5/100 2207/5/100
f 2217/5/101 2221/5/101 2222/5/101 2218/5/101
f 2213/5/101 2217/5/101 2218/5/101 2214/5/101
f 2212/5/100 2216/5/100 2215/5/100 2211/5/100
f 2214/5/136 2218/5/136 2216/5/136 2212/5/136
f 2222/5/137 2226/5/137 2224/5/137 2220/5/137
f 2216/5/100 2220/5/100 2219/5/100 2215/5/100
f 2218/5/138 2222/5/138 2220/5/138 2216/5/138
f 2215/5/139 2219/5/139 2221/5/139 2217/5/139
f 2225/5/101 2229/5/101 2230/5/101 2226/5/101
f 2219/5/140 2223/5/140 2225/5/140 2221/5/140
f 2221/5/101 2225/5/101 2226/5/101 2222/5/101
f 2220/5/100 2224/5/100 2223/5/100 2219/5/100
f 2229/5/101 2233/5/101 2234/5/101 2230/5/101
f 2224/5/100 2228/5/100 2227/5/100 2223/5/100
f 2226/5/141 2230/5/141 2228/5/141 2224/5/141
f 2223/5/142 2227/5/142 2229/5/142 2225/5/142
f 2234/5/143 2238/5/143 2236/5/143 2232/5/143
f 2228/5/100 2232/5/100 2231/5/100 2227/5/100
f 2230/5/144 2234/5/144 2232/5/144 2228/5/144
f 2227/5/145 2231/5/145 2233/5/145 2229/5/145
f 2237/5/101 2241/5/101 2242/5/101 2238/5/101
f 2231/5/146 2235/5/146 2237/5/146 2233/5/146
f 2233/5/101 2237/5/101 2238/5/101 2234/5/101
f 2232/5/100 2236/5/100 2235/5/100 2231/5/100
f 2240/5/100 2244/5/100 2243/5/100 2239/5/100
f 2236/5/100 2240/5/100 2239/5/100 2235/5/100
f 2238/5/147 2242/5/147 2240/5/147 2236/5/147
f 2235/5/148 2239/5/148 2241/5/148 2237/5/148
f 2246/5/149 2250/5/149 2248/5/149 2244/5/149
f 2242/5/150 2246/5/150 2244/5/150 2240/5/150
f 2239/5/151 2243/5/151 2245/5/151 2241/5/151
f 2241/5/101 2245/5/101 2246/5/101 2242/5/101
f 2249/5/127 2253/5/127 2254/5/127 2250/5/127
f 2243/5/152 2247/5/152 2249/5/152 2245/5/152
f 2245/5/101 2249/5/101 2250/5/101 2246/5/101
f 2244/5/100 2248/5/100 2247/5/100 2243/5/100
f 2254/5/127 2194/5/127 2192/5/127 2252/5/127
f 2248/5/127 2252/5/127 2251/5/127 2247/5/127
f 2250/5/127 2254/5/127 2252/5/127 2248/5/127
f 2247/5/127 2251/5/127 2253/5/127 2249/5/127
f 2251/5/102 2191/5/102 2193/5/102 2253/5/102
f 2253/5/101 2193/5/101 2194/5/101 2254/5/101
f 2252/5/100 2192/5/100 2191/5/100 2251/5/100
f 2258/5/99 2257/5/99 2261/5/99 2262/5/99
f 2256/5/100 2255/5/100 2257/5/100 2258/5/100
f 2262/5/101 2261/5/101 2259/5/101 2260/5/101
f 2260/5/102 2256/5/102 2258/5/102 2262/5/102
f 2259/5/101 2261/5/101 2266/5/101 2265/5/101
f 2260/5/103 2259/5/103 2255/5/103 2256/5/103
f 2265/5/101 2266/5/101 2270/5/101 2269/5/101
f 2255/5/104 2259/5/104 2265/5/104 2263/5/104
f 2261/5/105 2257/5/105 2264/5/105 2266/5/105
f 2257/5/100 2255/5/100 2263/5/100 2264/5/100
f 2270/5/106 2268/5/106 2272/5/106 2274/5/106
f 2264/5/100 2263/5/100 2267/5/100 2268/5/100
f 2266/5/107 2264/5/107 2268/5/107 2270/5/107
f 2263/5/108 2265/5/108 2269/5/108 2267/5/108
f 2271/5/109 2273/5/109 2277/5/109 2275/5/109
f 2267/5/110 2269/5/110 2273/5/110 2271/5/110
f 2269/5/101 2270/5/101 2274/5/101 2273/5/101
f 2268/5/100 2267/5/100 2271/5/100 2272/5/100
f 2277/5/101 2278/5/101 2282/5/101 2281/5/101
f 2273/5/101 2274/5/101 2278/5/101 2277/5/101
f 2272/5/100 2271/5/100 2275/5/100 2276/5/100
f 2274/5/111 2272/5/111 2276/5/111 2278/5/111
f 2282/5/112 2280/5/112 2284/5/112 2286/5/112
f 2276/5/100 2275/5/100 2279/5/100 2280/5/100
f 2278/5/113 2276/5/113 2280/5/113 2282/5/113
f 2275/5/114 2277/5/114 2281/5/114 2279/5/114
f 2285/5/101 2286/5/101 2290/5/101 2289/5/101
f 2279/5/115 2281/5/115 2285/5/115 2283/5/115
f 2281/5/101 2282/5/101 2286/5/101 2285/5/101
f 2280/5/100 2279/5/100 2283/5/100 2284/5/100
f 2289/5/101 2290/5/101 2294/5/101 2293/5/101
f 2284/5/100 2283/5/100 2287/5/100 2288/5/100
f 2286/5/116 2284/5/116 2288/5/116 2290/5/116
f 2283/5/117 2285/5/117 2289/5/117 2287/5/117
f 2294/5/118 2292/5/118 2296/5/118 2298/5/118
f 2288/5/100 2287/5/100 2291/5/100 2292/5/100
f 2290/5/119 2288/5/119 2292/5/119 2294/5/119
f 2287/5/120 2289/5/120 2293/5/120 2291/5/120
f 2297/5/101 2298/5/101 2302/5/101 2301/5/101
f 2291/5/121 2293/5/121 2297/5/121 2295/5/121
f 2293/5/101 2294/5/101 2298/5/101 2297/5/101
f 2292/5/100 2291/5/100 2295/5/100 2296/5/100
f 2300/5/100 2299/5/100 2303/5/100 2304/5/100
f 2296/5/100 2295/5/100 2299/5/100 2300/5/100
f 2298/5/122 2296/5/122 2300/5/122 2302/5/122
f 2295/5/123 2297/5/123 2301/5/123 2299/5/123
f 2306/5/124 2304/5/124 2308/5/124 2310/5/124
f 2302/5/125 2300/5/125 2304/5/125 2306/5/125
f 2299/5/126 2301/5/126 2305/5/126 2303/5/126
f 2301/5/101 2302/5/101 2306/5/101 2305/5/101
f 2309/5/127 2310/5/127 2314/5/127 2313/5/127
f 2303/5/128 2305/5/128 2309/5/128 2307/5/128
f 2305/5/101 2306/5/101 2310/5/101 2309/5/101
f 2304/5/100 2303/5/100 2307/5/100 2308/5/100
f 2314/5/127 2312/5/127 2316/5/127 2318/5/127
f 2308/5/127 2307/5/127 2311/5/127 2312/5/127
f 2310/5/127 2308/5/127 2312/5/127 2314/5/127
f 2307/5/127 2309/5/127 2313/5/127 2311/5/127
f 2315/5/103 2317/5/103 2318/5/103 2316/5/103
f 2311/5/102 2313/5/102 2317/5/102 2315/5/102
f 2313/5/101 2314/5/101 2318/5/101 2317/5/101
f 2312/5/100 2311/5/100 2315/5/100 2316/5/100
f 2322/5/103 2326/5/103 2325/5/103 2321/5/103
f 2320/5/100 2322/5/100 2321/5/100 2319/5/100
f 2326/5/101 2324/5/101 2323/5/101 2325/5/101
f 2324/5/102 2326/5/102 2322/5/102 2320/5/102
f 2323/5/101 2329/5/101 2330/5/101 2325/5/101
f 2324/5/99 2320/5/99 2319/5/99 2323/5/99
f 2329/5/101 2333/5/101 2334/5/101 2330/5/101
f 2319/5/129 2327/5/129 2329/5/129 2323/5/129
f 2325/5/130 2330/5/130 2328/5/130 2321/5/130
f 2321/5/100 2328/5/100 2327/5/100 2319/5/100
f 2334/5/131 2338/5/131 2336/5/131 2332/5/131
f 2328/5/100 2332/5/100 2331/5/100 2327/5/100
f 2330/5/132 2334/5/132 2332/5/132 2328/5/132
f 2327/5/133 2331/5/133 2333/5/133 2329/5/133
f 2335/5/134 2339/5/134 2341/5/134 2337/5/134
f 2331/5/135 2335/5/135 2337/5/135 2333/5/135
f 2333/5/101 2337/5/101 2338/5/101 2334/5/101
f 2332/5/100 2336/5/100 2335/5/100 2331/5/100
f 2341/5/101 2345/5/101 2346/5/101 2342/5/101
f 2337/5/101 2341/5/101 2342/5/101 2338/5/101
f 2336/5/100 2340/5/100 2339/5/100 2335/5/100
f 2338/5/136 2342/5/136 2340/5/136 2336/5/136
f 2346/5/137 2350/5/137 2348/5/137 2344/5/137
f 2340/5/100 2344/5/100 2343/5/100 2339/5/100
f 2342/5/138 2346/5/138 2344/5/138 2340/5/138
f 2339/5/139 2343/5/139 2345/5/139 2341/5/139
f 2349/5/101 2353/5/101 2354/5/101 2350/5/101
f 2343/5/140 2347/5/140 2349/5/140 2345/5/140
f 2345/5/101 2349/5/101 2350/5/101 2346/5/101
f 2344/5/100 2348/5/100 2347/5/100 2343/5/100
f 2353/5/101 2357/5/101 2358/5/101 2354/5/101
f 2348/5/100 2352/5/100 2351/5/100 2347/5/100
f 2350/5/141 2354/5/141 2352/5/141 2348/5/141
f 2347/5/142 2351/5/142 2353/5/142 2349/5/142
f 2358/5/143 2362/5/143 2360/5/143 2356/5/143
f 2352/5/100 2356/5/100 2355/5/100 2351/5/100
f 2354/5/144 2358/5/144 2356/5/144 2352/5/144
f 2351/5/145 2355/5/145 2357/5/145 2353/5/145
f 2361/5/101 2365/5/101 2366/5/101 2362/5/101
f 2355/5/146 2359/5/146 2361/5/146 2357/5/146
f 2357/5/101 2361/5/101 2362/5/101 2358/5/101
f 2356/5/100 2360/5/100 2359/5/100 2355/5/100
f 2364/5/100 2368/5/100 2367/5/100 2363/5/100
f 2360/5/100 2364/5/100 2363/5/100 2359/5/100
f 2362/5/147 2366/5/147 2364/5/147 2360/5/147
f 2359/5/148 2363/5/148 2365/5/148 2361/5/148
f 2370/5/149 2374/5/149 2372/5/149 2368/5/149
f 2366/5/150 2370/5/150 2368/5/150 2364/5/150
f 2363/5/151 2367/5/151 2369/5/151 2365/5/151
f 2365/5/101 2369/5/101 2370/5/101 2366/5/101
f 2373/5/127 2377/5/127 2378/5/127 2374/5/127
f 2367/5/152 2371/5/152 2373/5/152 2369/5/152
f 2369/5/101 2373/5/101 2374/5/101 2370/5/101
f 2368/5/100 2372/5/100 2371/5/100 2367/5/100
f 2378/5/127 2318/5/127 2316/5/127 2376/5/127
f 2372/5/127 2376/5/127 2375/5/127 2371/5/127
f 2374/5/127 2378/5/127 2376/5/127 2372/5/127
f 2371/5/127 2375/5/127 2377/5/127 2373/5/127
f 2375/5/102 2315/5/102 2317/5/102 2377/5/102
f 2377/5/101 2317/5/101 2318/5/101 2378/5/101
f 2376/5/100 2316/5/100 2315/5/100 2375/5/100
o Cube.053
v -1.859452 3.820551 0.531591
v -1.859452 4.067984 0.531591
v -1.859452 3.820551 -0.519322
v -1.859452 4.067984 -0.519322
v -1.053658 3.820551 0.531591
v -1.053658 4.129981 0.531591
v -1.053658 3.820551 -0.519322
v -1.053658 4.129981 -0.519322
vn -1.0000 -0.0000 -0.0000
vn -0.0000 -0.0000 -1.0000
vn 1.0000 -0.0000 -0.0000
vn -0.0000 -0.0000 1.0000
vn -0.0000 -1.0000 -0.0000
vn -0.0767 0.9971 -0.0000
vt 0.312500 0.937500
s 0
f 2379/6/153 2380/6/153 2382/6/153 2381/6/153
f 2381/6/154 2382/6/154 2386/6/154 2385/6/154
f 2385/6/155 2386/6/155 2384/6/155 2383/6/155
f 2383/6/156 2384/6/156 2380/6/156 2379/6/156
f 2381/6/157 2385/6/157 2383/6/157 2379/6/157
f 2386/6/158 2382/6/158 2380/6/158 2384/6/158
o Cube.054
v -1.941506 4.049906 0.580337
v -1.943841 4.081634 0.580337
v -1.941506 4.049906 -0.568007
v -1.943841 4.081634 -0.568007
v -0.962284 4.121974 0.580337
v -0.964619 4.153703 0.580337
v -0.962284 4.121974 -0.568007
v -0.964619 4.153703 -0.568007
v -1.941506 4.049906 -0.396237
v -1.941506 4.049906 -0.411678
v -1.941506 4.049906 -0.232188
v -1.941506 4.049906 -0.247629
v -1.941506 4.049906 -0.068139
v -1.941506 4.049906 -0.083580
v -1.941506 4.049906 0.095910
v -1.941506 4.049906 0.080469
v -1.941506 4.049906 0.259959
v -1.941506 4.049906 0.244518
v -1.941506 4.049906 0.424009
v -1.941506 4.049906 0.408568
v -1.943841 4.081634 0.408568
v -1.943841 4.081634 0.424009
v -1.943841 4.081634 0.244518
v -1.943841 4.081634 0.259959
v -1.943841 4.081634 0.080469
v -1.943841 4.081634 0.095910
v -1.943841 4.081634 -0.083580
v -1.943841 4.081634 -0.068139
v -1.943841 4.081634 -0.247629
v -1.943841 4.081634 -0.232188
v -1.943841 4.081634 -0.411678
v -1.943841 4.081634 -0.396237
v -0.962284 4.121974 0.408568
v -0.962284 4.121974 0.424009
v -0.962284 4.121974 0.244518
v -0.962284 4.121974 0.259959
v -0.962284 4.121974 0.080469
v -0.962284 4.121974 0.095910
v -0.962284 4.121974 -0.083580
v -0.962284 4.121974 -0.068139
v -0.962284 4.121974 -0.247629
v -0.962284 4.121974 -0.232188
v -0.962284 4.121974 -0.411678
v -0.962284 4.121974 -0.396237
v -0.964619 4.153703 -0.396237
v -0.964619 4.153703 -0.411678
v -0.964619 4.153703 -0.232188
v -0.964619 4.153703 -0.247629
v -0.964619 4.153703 -0.068139
v -0.964619 4.153703 -0.083580
v -0.964619 4.153703 0.095910
v -0.964619 4.153703 0.080469
v -0.964619 4.153703 0.259959
v -0.964619 4.153703 0.244518
v -0.964619 4.153703 0.424009
v -0.964619 4.153703 0.408568
v -1.947196 4.084529 -0.411678
v -1.947196 4.084529 -0.396237
v -0.961724 4.157059 -0.396237
v -0.961724 4.157059 -0.411678
v -1.947196 4.084529 -0.247629
v -1.947196 4.084529 -0.232188
v -0.961724 4.157059 -0.232188
v -0.961724 4.157058 -0.247629
v -1.947196 4.084529 -0.083580
v -1.947196 4.084529 -0.068139
v -0.961724 4.157059 -0.068139
v -0.961724 4.157058 -0.083580
v -1.947196 4.084529 0.080469
v -1.947196 4.084529 0.095910
v -0.961724 4.157059 0.095910
v -0.961724 4.157058 0.080469
v -1.947196 4.084529 0.244518
v -1.947196 4.084529 0.259959
v -0.961724 4.157059 0.259959
v -0.961724 4.157059 0.244518
v -1.947196 4.084529 0.408568
v -1.947196 4.084529 0.424009
v -0.961724 4.157059 0.424009
v -0.961724 4.157059 0.408568
v -0.958929 4.119079 -0.411678
v -0.958929 4.119079 -0.396237
v -1.944401 4.046550 -0.396237
v -1.944401 4.046550 -0.411678
v -0.958929 4.119079 -0.247629
v -0.958929 4.119079 -0.232188
v -1.944401 4.046550 -0.232188
v -1.944401 4.046550 -0.247629
v -0.958929 4.119079 -0.083580
v -0.958929 4.119079 -0.068139
v -1.944401 4.046550 -0.068139
v -1.944401 4.046550 -0.083580
v -0.958929 4.119079 0.080469
v -0.958929 4.119079 0.095910
v -1.944401 4.046550 0.095910
v -1.944401 4.046550 0.080469
v -0.958929 4.119079 0.244518
v -0.958929 4.119079 0.259959
v -1.944401 4.046550 0.259959
v -1.944401 4.046550 0.244518
v -0.958929 4.119079 0.408568
v -0.958929 4.119079 0.424009
v -1.944401 4.046550 0.424009
v -1.944401 4.046550 0.408568
vn -0.0000 -0.0000 -1.0000
vn -0.0000 -0.0000 1.0000
vn 0.0734 -0.9973 -0.0000
vn -0.9973 -0.0734 -0.0000
vn -0.0734 0.9973 -0.0000
vn 0.9973 0.0734 -0.0000
vt 0.562500 0.937500
s 0
f 2389/7/159 2390/7/159 2394/7/159 2393/7/159
f 2391/7/160 2392/7/160 2388/7/160 2387/7/160
f 2415/7/159 2398/7/159 2474/7/159 2447/7/159
f 2422/7/160 2403/7/160 2485/7/160 2484/7/160
f 2437/7/160 2424/7/160 2480/7/160 2457/7/160
f 2396/7/159 2429/7/159 2467/7/159 2470/7/159
f 2399/7/160 2414/7/160 2452/7/160 2477/7/160
f 2412/7/160 2437/7/160 2457/7/160 2456/7/160
f 2425/7/159 2436/7/159 2454/7/159 2475/7/159
f 2413/7/159 2400/7/159 2478/7/159 2451/7/159
f 2402/7/159 2423/7/159 2479/7/159 2482/7/159
f 2435/7/160 2426/7/160 2476/7/160 2453/7/160
f 2430/7/160 2395/7/160 2469/7/160 2468/7/160
f 2401/7/160 2412/7/160 2456/7/160 2481/7/160
f 2436/7/159 2413/7/159 2451/7/159 2454/7/159
f 2427/7/159 2434/7/159 2450/7/159 2471/7/159
f 2411/7/159 2402/7/159 2482/7/159 2455/7/159
f 2424/7/160 2401/7/160 2481/7/160 2480/7/160
f 2433/7/160 2428/7/160 2472/7/160 2449/7/160
f 2442/7/159 2407/7/159 2463/7/159 2466/7/159
f 2403/7/160 2410/7/160 2460/7/160 2485/7/160
f 2414/7/160 2435/7/160 2453/7/160 2452/7/160
f 2429/7/159 2432/7/159 2446/7/159 2467/7/159
f 2409/7/159 2404/7/159 2486/7/159 2459/7/159
f 2400/7/159 2425/7/159 2475/7/159 2478/7/159
f 2431/7/160 2430/7/160 2468/7/160 2445/7/160
f 2389/7/161 2393/7/161 2429/7/161 2396/7/161
f 2398/7/162 2415/7/162 2418/7/162 2395/7/162
f 2395/7/161 2430/7/161 2427/7/161 2398/7/161
f 2396/7/162 2417/7/162 2390/7/162 2389/7/162
f 2400/7/162 2413/7/162 2416/7/162 2397/7/162
f 2397/7/161 2428/7/161 2425/7/161 2400/7/161
f 2402/7/162 2411/7/162 2414/7/162 2399/7/162
f 2399/7/161 2426/7/161 2423/7/161 2402/7/161
f 2404/7/162 2409/7/162 2412/7/162 2401/7/162
f 2401/7/161 2424/7/161 2421/7/161 2404/7/161
f 2406/7/162 2407/7/162 2410/7/162 2403/7/162
f 2403/7/161 2422/7/161 2419/7/161 2406/7/161
f 2387/7/162 2388/7/162 2408/7/162 2405/7/162
f 2405/7/161 2420/7/161 2391/7/161 2387/7/161
f 2441/7/163 2408/7/163 2388/7/163 2392/7/163
f 2439/7/163 2410/7/163 2407/7/163 2442/7/163
f 2437/7/163 2412/7/163 2409/7/163 2440/7/163
f 2435/7/163 2414/7/163 2411/7/163 2438/7/163
f 2433/7/163 2416/7/163 2413/7/163 2436/7/163
f 2431/7/163 2418/7/163 2415/7/163 2434/7/163
f 2394/7/163 2390/7/163 2417/7/163 2432/7/163
f 2422/7/164 2439/7/164 2442/7/164 2419/7/164
f 2420/7/164 2441/7/164 2392/7/164 2391/7/164
f 2424/7/164 2437/7/164 2440/7/164 2421/7/164
f 2426/7/164 2435/7/164 2438/7/164 2423/7/164
f 2428/7/164 2433/7/164 2436/7/164 2425/7/164
f 2430/7/164 2431/7/164 2434/7/164 2427/7/164
f 2393/7/164 2394/7/164 2432/7/164 2429/7/164
f 2444/7/163 2445/7/163 2446/7/163 2443/7/163
f 2448/7/163 2449/7/163 2450/7/163 2447/7/163
f 2452/7/163 2453/7/163 2454/7/163 2451/7/163
f 2456/7/163 2457/7/163 2458/7/163 2455/7/163
f 2460/7/163 2461/7/163 2462/7/163 2459/7/163
f 2464/7/163 2465/7/163 2466/7/163 2463/7/163
f 2468/7/161 2469/7/161 2470/7/161 2467/7/161
f 2472/7/161 2473/7/161 2474/7/161 2471/7/161
f 2476/7/161 2477/7/161 2478/7/161 2475/7/161
f 2480/7/161 2481/7/161 2482/7/161 2479/7/161
f 2484/7/161 2485/7/161 2486/7/161 2483/7/161
f 2488/7/161 2489/7/161 2490/7/161 2487/7/161
f 2445/7/164 2468/7/164 2467/7/164 2446/7/164
f 2449/7/164 2472/7/164 2471/7/164 2450/7/164
f 2453/7/164 2476/7/164 2475/7/164 2454/7/164
f 2457/7/164 2480/7/164 2479/7/164 2458/7/164
f 2461/7/164 2484/7/164 2483/7/164 2462/7/164
f 2465/7/164 2488/7/164 2487/7/164 2466/7/164
f 2463/7/162 2490/7/162 2489/7/162 2464/7/162
f 2459/7/162 2486/7/162 2485/7/162 2460/7/162
f 2455/7/162 2482/7/162 2481/7/162 2456/7/162
f 2451/7/162 2478/7/162 2477/7/162 2452/7/162
f 2447/7/162 2474/7/162 2473/7/162 2448/7/162
f 2443/7/162 2470/7/162 2469/7/162 2444/7/162
f 2418/7/160 2431/7/160 2445/7/160 2444/7/160
f 2423/7/159 2438/7/159 2458/7/159 2479/7/159
f 2438/7/159 2411/7/159 2455/7/159 2458/7/159
f 2397/7/160 2416/7/160 2448/7/160 2473/7/160
f 2428/7/160 2397/7/160 2473/7/160 2472/7/160
f 2439/7/160 2422/7/160 2484/7/160 2461/7/160
f 2404/7/159 2421/7/159 2483/7/159 2486/7/159
f 2417/7/159 2396/7/159 2470/7/159 2443/7/159
f 2432/7/159 2417/7/159 2443/7/159 2446/7/159
f 2421/7/159 2440/7/159 2462/7/159 2483/7/159
f 2410/7/160 2439/7/160 2461/7/160 2460/7/160
f 2395/7/160 2418/7/160 2444/7/160 2469/7/160
f 2398/7/159 2427/7/159 2471/7/159 2474/7/159
f 2441/7/160 2420/7/160 2488/7/160 2465/7/160
f 2420/7/160 2405/7/160 2489/7/160 2488/7/160
f 2416/7/160 2433/7/160 2449/7/160 2448/7/160
f 2419/7/159 2442/7/159 2466/7/159 2487/7/159
f 2440/7/159 2409/7/159 2459/7/159 2462/7/159
f 2426/7/160 2399/7/160 2477/7/160 2476/7/160
f 2407/7/159 2406/7/159 2490/7/159 2463/7/159
f 2406/7/159 2419/7/159 2487/7/159 2490/7/159
f 2434/7/159 2415/7/159 2447/7/159 2450/7/159
f 2405/7/160 2408/7/160 2464/7/160 2489/7/160
f 2408/7/160 2441/7/160 2465/7/160 2464/7/160
o Cube.055
v -0.564046 3.150526 0.167224
v -0.564046 3.379551 0.167224
v -0.564046 3.150526 -0.154030
v -0.564046 3.379551 -0.154030
v -0.241866 3.150526 0.167224
v -0.241866 3.379551 0.167224
v -0.241866 3.150526 -0.154030
v -0.241866 3.379551 -0.154030
v -0.564046 2.992865 -0.154030
v -0.564046 2.992865 0.167224
v -0.292398 2.992865 -0.154030
v -0.292398 2.992865 0.167224
v -0.564046 3.288346 0.167224
v -0.564046 3.288346 -0.154030
v -0.241866 3.288346 -0.154030
v -0.241866 3.288346 0.167224
v -0.472058 3.150526 -0.154030
v -0.472058 3.379551 -0.154030
v -0.472058 3.150526 0.167224
v -0.472058 3.379551 0.167224
v -0.472058 2.992865 -0.154030
v -0.472058 2.992865 0.167224
v -0.472058 3.288346 0.167224
v -0.472058 3.288346 -0.154030
v -0.247281 3.133630 -0.136288
v -0.247281 3.133630 0.149482
v -0.286983 3.009760 0.149482
v -0.286983 3.009760 -0.136288
v -0.454316 3.132783 -0.154030
v -0.266183 3.132783 -0.154030
v -0.305343 3.010607 -0.154030
v -0.454316 3.010607 -0.154030
v -0.241866 3.168267 -0.136288
v -0.241866 3.270604 -0.136288
v -0.241866 3.270604 0.149482
v -0.241866 3.168267 0.149482
v -0.454316 3.168267 -0.154030
v -0.454316 3.270604 -0.154030
v -0.259608 3.270604 -0.154030
v -0.259608 3.168267 -0.154030
v -0.259608 3.168267 0.167224
v -0.259608 3.270604 0.167224
v -0.454316 3.270604 0.167224
v -0.454316 3.168267 0.167224
v -0.266183 3.132783 0.167224
v -0.454316 3.132783 0.167224
v -0.454316 3.010607 0.167224
v -0.305343 3.010607 0.167224
v -0.245870 3.133178 0.149482
v -0.245870 3.133178 -0.136288
v -0.285572 3.009307 -0.136288
v -0.285572 3.009307 0.149482
v -0.266183 3.132783 -0.155512
v -0.454316 3.132783 -0.155512
v -0.454316 3.010607 -0.155512
v -0.305343 3.010607 -0.155512
v -0.240384 3.270604 -0.136288
v -0.240384 3.168267 -0.136288
v -0.240384 3.168267 0.149482
v -0.240384 3.270604 0.149482
v -0.454316 3.270604 -0.155512
v -0.454316 3.168267 -0.155512
v -0.259608 3.168267 -0.155512
v -0.259608 3.270604 -0.155512
v -0.259608 3.270604 0.168706
v -0.259608 3.168267 0.168706
v -0.454316 3.168267 0.168706
v -0.454316 3.270604 0.168706
v -0.454316 3.132783 0.168706
v -0.266183 3.132783 0.168706
v -0.305343 3.010607 0.168706
v -0.454316 3.010607 0.168706
v -0.247373 3.128488 -0.131363
v -0.247373 3.128488 0.144557
v -0.284068 3.013998 0.144557
v -0.284068 3.013998 -0.131363
v -0.449391 3.127858 -0.155512
v -0.272934 3.127858 -0.155512
v -0.308936 3.015532 -0.155512
v -0.449391 3.015532 -0.155512
v -0.240384 3.173193 -0.131363
v -0.240384 3.265679 -0.131363
v -0.240384 3.265679 0.144557
v -0.240384 3.173193 0.144557
v -0.449391 3.173193 -0.155512
v -0.449391 3.265679 -0.155512
v -0.264533 3.265679 -0.155512
v -0.264533 3.173193 -0.155512
v -0.264533 3.173193 0.168706
v -0.264533 3.265679 0.168706
v -0.449391 3.265679 0.168706
v -0.449391 3.173193 0.168706
v -0.272934 3.127858 0.168706
v -0.449391 3.127858 0.168706
v -0.449391 3.015532 0.168706
v -0.308936 3.015532 0.168706
v -0.250664 3.129543 0.144557
v -0.250664 3.129543 -0.131363
v -0.287359 3.015052 -0.131363
v -0.287359 3.015052 0.144557
v -0.272934 3.127858 -0.152056
v -0.449391 3.127858 -0.152056
v -0.449391 3.015532 -0.152056
v -0.308936 3.015532 -0.152056
v -0.243840 3.265679 -0.131363
v -0.243840 3.173193 -0.131363
v -0.243840 3.173193 0.144557
v -0.243840 3.265679 0.144557
v -0.449391 3.265679 -0.152056
v -0.449391 3.173193 -0.152056
v -0.264533 3.173193 -0.152056
v -0.264533 3.265679 -0.152056
v -0.264533 3.265679 0.165250
v -0.264533 3.173193 0.165250
v -0.449391 3.173193 0.165250
v -0.449391 3.265679 0.165250
v -0.449391 3.127858 0.165250
v -0.272934 3.127858 0.165250
v -0.308936 3.015532 0.165250
v -0.449391 3.015532 0.165250
vn -1.0000 -0.0000 -0.0000
vn -0.0000 -0.0000 -1.0000
vn 1.0000 -0.0000 -0.0000
vn -0.0000 -0.0000 1.0000
vn -0.0000 1.0000 -0.0000
vn -0.0000 -1.0000 -0.0000
vn -0.3052 -0.9523 -0.0000
vn 0.9523 -0.3052 -0.0000
vn 0.3052 0.9523 -0.0000
vn -0.9523 0.3052 -0.0000
vt 0.937500 0.062500
s 0
f 2503/8/165 2492/8/165 2494/8/165 2504/8/165
f 2514/8/166 2508/8/166 2498/8/166 2505/8/166
f 2505/8/167 2498/8/167 2496/8/167 2506/8/167
f 2513/8/168 2510/8/168 2492/8/168 2503/8/168
f 2528/8/169 2529/8/169 2554/8/169 2551/8/169
f 2508/8/169 2494/8/169 2492/8/169 2510/8/169
f 2511/8/170 2501/8/170 2502/8/170 2512/8/170
f 2509/8/168 2491/8/168 2500/8/168 2512/8/168
f 2521/8/170 2522/8/170 2545/8/170 2546/8/170
f 2491/8/165 2493/8/165 2499/8/165 2500/8/165
f 2509/8/168 2513/8/168 2503/8/168 2491/8/168
f 2534/8/170 2531/8/170 2556/8/170 2557/8/170
f 2524/8/169 2525/8/169 2550/8/169 2547/8/169
f 2491/8/165 2503/8/165 2504/8/165 2493/8/165
f 2493/8/166 2504/8/166 2514/8/166 2507/8/166
f 2517/8/171 2518/8/171 2541/8/171 2542/8/171
f 2493/8/166 2507/8/166 2511/8/166 2499/8/166
f 2535/8/169 2536/8/169 2559/8/169 2560/8/169
f 2499/8/170 2511/8/170 2512/8/170 2500/8/170
f 2498/8/169 2508/8/169 2510/8/169 2496/8/169
f 2506/8/168 2496/8/168 2510/8/168 2513/8/168
f 2504/8/166 2494/8/166 2508/8/166 2514/8/166
f 2497/8/172 2495/8/172 2516/8/172 2515/8/172
f 2495/8/172 2502/8/172 2517/8/172 2516/8/172
f 2502/8/172 2501/8/172 2518/8/172 2517/8/172
f 2501/8/172 2497/8/172 2515/8/172 2518/8/172
f 2507/8/166 2497/8/166 2520/8/166 2519/8/166
f 2497/8/166 2501/8/166 2521/8/166 2520/8/166
f 2501/8/166 2511/8/166 2522/8/166 2521/8/166
f 2511/8/166 2507/8/166 2519/8/166 2522/8/166
f 2497/8/167 2505/8/167 2524/8/167 2523/8/167
f 2505/8/167 2506/8/167 2525/8/167 2524/8/167
f 2506/8/167 2495/8/167 2526/8/167 2525/8/167
f 2495/8/167 2497/8/167 2523/8/167 2526/8/167
f 2507/8/166 2514/8/166 2528/8/166 2527/8/166
f 2514/8/166 2505/8/166 2529/8/166 2528/8/166
f 2505/8/166 2497/8/166 2530/8/166 2529/8/166
f 2497/8/166 2507/8/166 2527/8/166 2530/8/166
f 2495/8/168 2506/8/168 2532/8/168 2531/8/168
f 2506/8/168 2513/8/168 2533/8/168 2532/8/168
f 2513/8/168 2509/8/168 2534/8/168 2533/8/168
f 2509/8/168 2495/8/168 2531/8/168 2534/8/168
f 2495/8/168 2509/8/168 2536/8/168 2535/8/168
f 2509/8/168 2512/8/168 2537/8/168 2536/8/168
f 2512/8/168 2502/8/168 2538/8/168 2537/8/168
f 2502/8/168 2495/8/168 2535/8/168 2538/8/168
f 2576/8/170 2577/8/170 2602/8/170 2599/8/170
f 2569/8/169 2570/8/169 2593/8/169 2594/8/169
f 2582/8/169 2579/8/169 2604/8/169 2605/8/169
f 2572/8/170 2573/8/170 2598/8/170 2595/8/170
f 2565/8/173 2566/8/173 2589/8/173 2590/8/173
f 2583/8/170 2584/8/170 2607/8/170 2608/8/170
f 2538/8/172 2535/8/172 2560/8/172 2561/8/172
f 2525/8/168 2526/8/168 2549/8/168 2550/8/168
f 2532/8/169 2533/8/169 2558/8/169 2555/8/169
f 2529/8/167 2530/8/167 2553/8/167 2554/8/167
f 2536/8/165 2537/8/165 2562/8/165 2559/8/165
f 2533/8/165 2534/8/165 2557/8/165 2558/8/165
f 2537/8/170 2538/8/170 2561/8/170 2562/8/170
f 2515/8/173 2516/8/173 2539/8/173 2540/8/173
f 2519/8/169 2520/8/169 2543/8/169 2544/8/169
f 2518/8/166 2515/8/166 2540/8/166 2541/8/166
f 2523/8/166 2524/8/166 2547/8/166 2548/8/166
f 2522/8/165 2519/8/165 2544/8/165 2545/8/165
f 2527/8/165 2528/8/165 2551/8/165 2552/8/165
f 2516/8/168 2517/8/168 2542/8/168 2539/8/168
f 2526/8/170 2523/8/170 2548/8/170 2549/8/170
f 2531/8/167 2532/8/167 2555/8/167 2556/8/167
f 2520/8/172 2521/8/172 2546/8/172 2543/8/172
f 2530/8/170 2527/8/170 2552/8/170 2553/8/170
f 2540/8/172 2539/8/172 2564/8/172 2563/8/172
f 2539/8/172 2542/8/172 2565/8/172 2564/8/172
f 2542/8/172 2541/8/172 2566/8/172 2565/8/172
f 2541/8/172 2540/8/172 2563/8/172 2566/8/172
f 2544/8/166 2543/8/166 2568/8/166 2567/8/166
f 2543/8/166 2546/8/166 2569/8/166 2568/8/166
f 2546/8/166 2545/8/166 2570/8/166 2569/8/166
f 2545/8/166 2544/8/166 2567/8/166 2570/8/166
f 2548/8/167 2547/8/167 2572/8/167 2571/8/167
f 2547/8/167 2550/8/167 2573/8/167 2572/8/167
f 2550/8/167 2549/8/167 2574/8/167 2573/8/167
f 2549/8/167 2548/8/167 2571/8/167 2574/8/167
f 2552/8/166 2551/8/166 2576/8/166 2575/8/166
f 2551/8/166 2554/8/166 2577/8/166 2576/8/166
f 2554/8/166 2553/8/166 2578/8/166 2577/8/166
f 2553/8/166 2552/8/166 2575/8/166 2578/8/166
f 2556/8/168 2555/8/168 2580/8/168 2579/8/168
f 2555/8/168 2558/8/168 2581/8/168 2580/8/168
f 2558/8/168 2557/8/168 2582/8/168 2581/8/168
f 2557/8/168 2556/8/168 2579/8/168 2582/8/168
f 2560/8/168 2559/8/168 2584/8/168 2583/8/168
f 2559/8/168 2562/8/168 2585/8/168 2584/8/168
f 2562/8/168 2561/8/168 2586/8/168 2585/8/168
f 2561/8/168 2560/8/168 2583/8/168 2586/8/168
f 2588/8/172 2587/8/172 2590/8/172 2589/8/172
f 2592/8/166 2591/8/166 2594/8/166 2593/8/166
f 2596/8/167 2595/8/167 2598/8/167 2597/8/167
f 2600/8/166 2599/8/166 2602/8/166 2601/8/166
f 2604/8/168 2603/8/168 2606/8/168 2605/8/168
f 2608/8/168 2607/8/168 2610/8/168 2609/8/168
f 2586/8/174 2583/8/174 2608/8/174 2609/8/174
f 2573/8/166 2574/8/166 2597/8/166 2598/8/166
f 2580/8/170 2581/8/170 2606/8/170 2603/8/170
f 2577/8/165 2578/8/165 2601/8/165 2602/8/165
f 2584/8/167 2585/8/167 2610/8/167 2607/8/167
f 2581/8/167 2582/8/167 2605/8/167 2606/8/167
f 2585/8/169 2586/8/169 2609/8/169 2610/8/169
f 2563/8/171 2564/8/171 2587/8/171 2588/8/171
f 2567/8/170 2568/8/170 2591/8/170 2592/8/170
f 2566/8/168 2563/8/168 2588/8/168 2589/8/168
f 2571/8/168 2572/8/168 2595/8/168 2596/8/168
f 2570/8/167 2567/8/167 2592/8/167 2593/8/167
f 2575/8/167 2576/8/167 2599/8/167 2600/8/167
f 2564/8/166 2565/8/166 2590/8/166 2587/8/166
f 2574/8/169 2571/8/169 2596/8/169 2597/8/169
f 2579/8/165 2580/8/165 2603/8/165 2604/8/165
f 2568/8/174 2569/8/174 2594/8/174 2591/8/174
f 2578/8/169 2575/8/169 2600/8/169 2601/8/169
o Cube.056
v 0.852440 0.073130 1.304542
v 0.977992 0.073130 1.304542
v 0.852440 0.060833 1.305753
v 0.977992 0.060833 1.305753
v 0.852440 0.049008 1.309340
v 0.977992 0.049008 1.309340
v 0.852440 0.038110 1.315165
v 0.977992 0.038110 1.315165
v 0.852440 0.028559 1.323004
v 0.977992 0.028559 1.323004
v 0.852440 0.020720 1.332556
v 0.977992 0.020720 1.332556
v 0.852440 0.014895 1.343453
v 0.977992 0.014895 1.343453
v 0.852440 0.011308 1.355278
v 0.977992 0.011308 1.355278
v 0.852440 0.010097 1.367575
v 0.977992 0.010097 1.367575
v 0.852440 0.011308 1.379872
v 0.977992 0.011308 1.379872
v 0.852440 0.014895 1.391697
v 0.977992 0.014895 1.391697
v 0.852440 0.020720 1.402594
v 0.977992 0.020720 1.402594
v 0.852440 0.028559 1.412146
v 0.977992 0.028559 1.412146
v 0.852440 0.038110 1.419985
v 0.977992 0.038110 1.419985
v 0.852440 0.049008 1.425810
v 0.977992 0.049008 1.425810
v 0.852440 0.060833 1.429397
v 0.977992 0.060833 1.429397
v 0.852440 0.073130 1.430608
v 0.977992 0.073130 1.430608
v 0.852440 0.085427 1.429397
v 0.977992 0.085427 1.429397
v 0.852440 0.097251 1.425810
v 0.977992 0.097251 1.425810
v 0.852440 0.108149 1.419985
v 0.977992 0.108149 1.419985
v 0.852440 0.117701 1.412146
v 0.977992 0.117701 1.412146
v 0.852440 0.125540 1.402594
v 0.977992 0.125540 1.402594
v 0.852440 0.131365 1.391697
v 0.977992 0.131365 1.391697
v 0.852440 0.134952 1.379872
v 0.977992 0.134952 1.379872
v 0.852440 0.136163 1.367575
v 0.977992 0.136163 1.367575
v 0.852440 0.134952 1.355278
v 0.977992 0.134952 1.355278
v 0.852440 0.131365 1.343453
v 0.977992 0.131365 1.343453
v 0.852440 0.125540 1.332556
v 0.977992 0.125540 1.332556
v 0.852440 0.117701 1.323004
v 0.977992 0.117701 1.323004
v 0.852440 0.108149 1.315165
v 0.977992 0.108149 1.315165
v 0.852440 0.097251 1.309340
v 0.977992 0.097251 1.309340
v 0.852440 0.085427 1.305753
v 0.977992 0.085427 1.305753
v 0.852440 0.073130 -1.293130
v 0.977992 0.073130 -1.293130
v 0.852440 0.060833 -1.294341
v 0.977992 0.060833 -1.294341
v 0.852440 0.049008 -1.297928
v 0.977992 0.049008 -1.297928
v 0.852440 0.038110 -1.303753
v 0.977992 0.038110 -1.303753
v 0.852440 0.028559 -1.311592
v 0.977992 0.028559 -1.311592
v 0.852440 0.020720 -1.321144
v 0.977992 0.020720 -1.321144
v 0.852440 0.014895 -1.332041
v 0.977992 0.014895 -1.332041
v 0.852440 0.011308 -1.343866
v 0.977992 0.011308 -1.343866
v 0.852440 0.010097 -1.356163
v 0.977992 0.010097 -1.356163
v 0.852440 0.011308 -1.368460
v 0.977992 0.011308 -1.368460
v 0.852440 0.014895 -1.380285
v 0.977992 0.014895 -1.380285
v 0.852440 0.020720 -1.391182
v 0.977992 0.020720 -1.391182
v 0.852440 0.028559 -1.400734
v 0.977992 0.028559 -1.400734
v 0.852440 0.038110 -1.408573
v 0.977992 0.038110 -1.408573
v 0.852440 0.049008 -1.414398
v 0.977992 0.049008 -1.414398
v 0.852440 0.060833 -1.417985
v 0.977992 0.060833 -1.417985
v 0.852440 0.073130 -1.419196
v 0.977992 0.073130 -1.419196
v 0.852440 0.085427 -1.417985
v 0.977992 0.085427 -1.417985
v 0.852440 0.097251 -1.414398
v 0.977992 0.097251 -1.414398
v 0.852440 0.108149 -1.408573
v 0.977992 0.108149 -1.408573
v 0.852440 0.117701 -1.400734
v 0.977992 0.117701 -1.400734
v 0.852440 0.125540 -1.391182
v 0.977992 0.125540 -1.391182
v 0.852440 0.131365 -1.380285
v 0.977992 0.131365 -1.380285
v 0.852440 0.134952 -1.368460
v 0.977992 0.134952 -1.368460
v 0.852440 0.136163 -1.356163
v 0.977992 0.136163 -1.356163
v 0.852440 0.134952 -1.343866
v 0.977992 0.134952 -1.343866
v 0.852440 0.131365 -1.332041
v 0.977992 0.131365 -1.332041
v 0.852440 0.125540 -1.321144
v 0.977992 0.125540 -1.321144
v 0.852440 0.117701 -1.311592
v 0.977992 0.117701 -1.311592
v 0.852440 0.108149 -1.303753
v 0.977992 0.108149 -1.303753
v 0.852440 0.097251 -1.297928
v 0.977992 0.097251 -1.297928
v 0.852440 0.085427 -1.294341
v 0.977992 0.085427 -1.294341
vn -0.0000 -0.0980 -0.9952
vn -0.0000 -0.2903 -0.9569
vn -0.0000 -0.4714 -0.8819
vn -0.0000 -0.6344 -0.7730
vn -0.0000 -0.7730 -0.6344
vn -0.0000 -0.8819 -0.4714
vn -0.0000 -0.9569 -0.2903
vn -0.0000 -0.9952 -0.0980
vn -0.0000 -0.9952 0.0980
vn -0.0000 -0.9569 0.2903
vn -0.0000 -0.8819 0.4714
vn -0.0000 -0.7730 0.6344
vn -0.0000 -0.6344 0.7730
vn -0.0000 -0.4714 0.8819
vn -0.0000 -0.2903 0.9569
vn -0.0000 -0.0980 0.9952
vn -0.0000 0.0980 0.9952
vn -0.0000 0.2903 0.9569
vn -0.0000 0.4714 0.8819
vn -0.0000 0.6344 0.7730
vn -0.0000 0.7730 0.6344
vn -0.0000 0.8819 0.4714
vn -0.0000 0.9569 0.2903
vn -0.0000 0.9952 0.0980
vn -0.0000 0.9952 -0.0980
vn -0.0000 0.9569 -0.2903
vn -0.0000 0.8819 -0.4714
vn -0.0000 0.7730 -0.6344
vn -0.0000 0.6344 -0.7730
vn -0.0000 0.4714 -0.8819
vn 1.0000 -0.0000 -0.0000
vn -0.0000 0.2903 -0.9569
vn -0.0000 0.0980 -0.9952
vn -1.0000 -0.0000 -0.0000
vt 0.187500 0.937500
s 0
f 2611/9/175 2612/9/175 2614/9/175 2613/9/175
f 2613/9/176 2614/9/176 2616/9/176 2615/9/176
f 2615/9/177 2616/9/177 2618/9/177 2617/9/177
f 2617/9/178 2618/9/178 2620/9/178 2619/9/178
f 2619/9/179 2620/9/179 2622/9/179 2621/9/179
f 2621/9/180 2622/9/180 2624/9/180 2623/9/180
f 2623/9/181 2624/9/181 2626/9/181 2625/9/181
f 2625/9/182 2626/9/182 2628/9/182 2627/9/182
f 2627/9/183 2628/9/183 2630/9/183 2629/9/183
f 2629/9/184 2630/9/184 2632/9/184 2631/9/184
f 2631/9/185 2632/9/185 2634/9/185 2633/9/185
f 2633/9/186 2634/9/186 2636/9/186 2635/9/186
f 2635/9/187 2636/9/187 2638/9/187 2637/9/187
f 2637/9/188 2638/9/188 2640/9/188 2639/9/188
f 2639/9/189 2640/9/189 2642/9/189 2641/9/189
f 2641/9/190 2642/9/190 2644/9/190 2643/9/190
f 2643/9/191 2644/9/191 2646/9/191 2645/9/191
f 2645/9/192 2646/9/192 2648/9/192 2647/9/192
f 2647/9/193 2648/9/193 2650/9/193 2649/9/193
f 2649/9/194 2650/9/194 2652/9/194 2651/9/194
f 2651/9/195 2652/9/195 2654/9/195 2653/9/195
f 2653/9/196 2654/9/196 2656/9/196 2655/9/196
f 2655/9/197 2656/9/197 2658/9/197 2657/9/197
f 2657/9/198 2658/9/198 2660/9/198 2659/9/198
f 2659/9/199 2660/9/199 2662/9/199 2661/9/199
f 2661/9/200 2662/9/200 2664/9/200 2663/9/200
f 2663/9/201 2664/9/201 2666/9/201 2665/9/201
f 2665/9/202 2666/9/202 2668/9/202 2667/9/202
f 2667/9/203 2668/9/203 2670/9/203 2669/9/203
f 2669/9/204 2670/9/204 2672/9/204 2671/9/204
f 2614/9/205 2612/9/205 2674/9/205 2672/9/205 2670/9/205 2668/9/205 2666/9/205 2664/9/205 2662/9/205 2660/9/205 2658/9/205 2656/9/205 2654/9/205 2652/9/205 2650/9/205 2648/9/205 2646/9/205 2644/9/205 2642/9/205 2640/9/205 2638/9/205 2636/9/205 2634/9/205 2632/9/205 2630/9/205 2628/9/205 2626/9/205 2624/9/205 2622/9/205 2620/9/205 2618/9/205 2616/9/205
f 2671/9/206 2672/9/206 2674/9/206 2673/9/206
f 2673/9/207 2674/9/207 2612/9/207 2611/9/207
f 2611/9/208 2613/9/208 2615/9/208 2617/9/208 2619/9/208 2621/9/208 2623/9/208 2625/9/208 2627/9/208 2629/9/208 2631/9/208 2633/9/208 2635/9/208 2637/9/208 2639/9/208 2641/9/208 2643/9/208 2645/9/208 2647/9/208 2649/9/208 2651/9/208 2653/9/208 2655/9/208 2657/9/208 2659/9/208 2661/9/208 2663/9/208 2665/9/208 2667/9/208 2669/9/208 2671/9/208 2673/9/208
f 2675/9/190 2677/9/190 2678/9/190 2676/9/190
f 2677/9/189 2679/9/189 2680/9/189 2678/9/189
f 2679/9/188 2681/9/188 2682/9/188 2680/9/188
f 2681/9/187 2683/9/187 2684/9/187 2682/9/187
f 2683/9/186 2685/9/186 2686/9/186 2684/9/186
f 2685/9/185 2687/9/185 2688/9/185 2686/9/185
f 2687/9/184 2689/9/184 2690/9/184 2688/9/184
f 2689/9/183 2691/9/183 2692/9/183 2690/9/183
f 2691/9/182 2693/9/182 2694/9/182 2692/9/182
f 2693/9/181 2695/9/181 2696/9/181 2694/9/181
f 2695/9/180 2697/9/180 2698/9/180 2696/9/180
f 2697/9/179 2699/9/179 2700/9/179 2698/9/179
f 2699/9/178 2701/9/178 2702/9/178 2700/9/178
f 2701/9/177 2703/9/177 2704/9/177 2702/9/177
f 2703/9/176 2705/9/176 2706/9/176 2704/9/176
f 2705/9/175 2707/9/175 2708/9/175 2706/9/175
f 2707/9/207 2709/9/207 2710/9/207 2708/9/207
f 2709/9/206 2711/9/206 2712/9/206 2710/9/206
f 2711/9/204 2713/9/204 2714/9/204 2712/9/204
f 2713/9/203 2715/9/203 2716/9/203 2714/9/203
f 2715/9/202 2717/9/202 2718/9/202 2716/9/202
f 2717/9/201 2719/9/201 2720/9/201 2718/9/201
f 2719/9/200 2721/9/200 2722/9/200 2720/9/200
f 2721/9/199 2723/9/199 2724/9/199 2722/9/199
f 2723/9/198 2725/9/198 2726/9/198 2724/9/198
f 2725/9/197 2727/9/197 2728/9/197 2726/9/197
f 2727/9/196 2729/9/196 2730/9/196 2728/9/196
f 2729/9/195 2731/9/195 2732/9/195 2730/9/195
f 2731/9/194 2733/9/194 2734/9/194 2732/9/194
f 2733/9/193 2735/9/193 2736/9/193 2734/9/193
f 2678/9/205 2680/9/205 2682/9/205 2684/9/205 2686/9/205 2688/9/205 2690/9/205 2692/9/205 2694/9/205 2696/9/205 2698/9/205 2700/9/205 2702/9/205 2704/9/205 2706/9/205 2708/9/205 2710/9/205 2712/9/205 2714/9/205 2716/9/205 2718/9/205 2720/9/205 2722/9/205 2724/9/205 2726/9/205 2728/9/205 2730/9/205 2732/9/205 2734/9/205 2736/9/205 2738/9/205 2676/9/205
f 2735/9/192 2737/9/192 2738/9/192 2736/9/192
f 2737/9/191 2675/9/191 2676/9/191 2738/9/191
f 2675/9/208 2737/9/208 2735/9/208 2733/9/208 2731/9/208 2729/9/208 2727/9/208 2725/9/208 2723/9/208 2721/9/208 2719/9/208 2717/9/208 2715/9/208 2713/9/208 2711/9/208 2709/9/208 2707/9/208 2705/9/208 2703/9/208 2701/9/208 2699/9/208 2697/9/208 2695/9/208 2693/9/208 2691/9/208 2689/9/208 2687/9/208 2685/9/208 2683/9/208 2681/9/208 2679/9/208 2677/9/208
o Cube.057
v 0.852440 0.073130 1.020751
v 0.977992 0.073130 1.020751
v 0.852440 0.060833 1.021962
v 0.977992 0.060833 1.021962
v 0.852440 0.049008 1.025549
v 0.977992 0.049008 1.025549
v 0.852440 0.038110 1.031374
v 0.977992 0.038110 1.031374
v 0.852440 0.028559 1.039213
v 0.977992 0.028559 1.039213
v 0.852440 0.020720 1.048765
v 0.977992 0.020720 1.048765
v 0.852440 0.014895 1.059662
v 0.977992 0.014895 1.059662
v 0.852440 0.011308 1.071487
v 0.977992 0.011308 1.071487
v 0.852440 0.010097 1.083784
v 0.977992 0.010097 1.083784
v 0.852440 0.011308 1.096081
v 0.977992 0.011308 1.096081
v 0.852440 0.014895 1.107906
v 0.977992 0.014895 1.107906
v 0.852440 0.020720 1.118803
v 0.977992 0.020720 1.118803
v 0.852440 0.028559 1.128355
v 0.977992 0.028559 1.128355
v 0.852440 0.038110 1.136194
v 0.977992 0.038110 1.136194
v 0.852440 0.049008 1.142019
v 0.977992 0.049008 1.142019
v 0.852440 0.060833 1.145606
v 0.977992 0.060833 1.145606
v 0.852440 0.073130 1.146817
v 0.977992 0.073130 1.146817
v 0.852440 0.085427 1.145606
v 0.977992 0.085427 1.145606
v 0.852440 0.097251 1.142019
v 0.977992 0.097251 1.142019
v 0.852440 0.108149 1.136194
v 0.977992 0.108149 1.136194
v 0.852440 0.117701 1.128355
v 0.977992 0.117701 1.128355
v 0.852440 0.125540 1.118803
v 0.977992 0.125540 1.118803
v 0.852440 0.131365 1.107906
v 0.977992 0.131365 1.107906
v 0.852440 0.134952 1.096081
v 0.977992 0.134952 1.096081
v 0.852440 0.136163 1.083784
v 0.977992 0.136163 1.083784
v 0.852440 0.134952 1.071487
v 0.977992 0.134952 1.071487
v 0.852440 0.131365 1.059662
v 0.977992 0.131365 1.059662
v 0.852440 0.125540 1.048765
v 0.977992 0.125540 1.048765
v 0.852440 0.117701 1.039213
v 0.977992 0.117701 1.039213
v 0.852440 0.108149 1.031374
v 0.977992 0.108149 1.031374
v 0.852440 0.097251 1.025549
v 0.977992 0.097251 1.025549
v 0.852440 0.085427 1.021962
v 0.977992 0.085427 1.021962
v 0.852440 0.073130 -1.009339
v 0.977992 0.073130 -1.009339
v 0.852440 0.060833 -1.010550
v 0.977992 0.060833 -1.010550
v 0.852440 0.049008 -1.014137
v 0.977992 0.049008 -1.014137
v 0.852440 0.038110 -1.019962
v 0.977992 0.038110 -1.019962
v 0.852440 0.028559 -1.027800
v 0.977992 0.028559 -1.027800
v 0.852440 0.020720 -1.037352
v 0.977992 0.020720 -1.037352
v 0.852440 0.014895 -1.048250
v 0.977992 0.014895 -1.048250
v 0.852440 0.011308 -1.060075
v 0.977992 0.011308 -1.060075
v 0.852440 0.010097 -1.072372
v 0.977992 0.010097 -1.072372
v 0.852440 0.011308 -1.084669
v 0.977992 0.011308 -1.084669
v 0.852440 0.014895 -1.096493
v 0.977992 0.014895 -1.096493
v 0.852440 0.020720 -1.107391
v 0.977992 0.020720 -1.107391
v 0.852440 0.028559 -1.116943
v 0.977992 0.028559 -1.116943
v 0.852440 0.038110 -1.124782
v 0.977992 0.038110 -1.124782
v 0.852440 0.049008 -1.130607
v 0.977992 0.049008 -1.130607
v 0.852440 0.060833 -1.134194
v 0.977992 0.060833 -1.134194
v 0.852440 0.073130 -1.135405
v 0.977992 0.073130 -1.135405
v 0.852440 0.085427 -1.134194
v 0.977992 0.085427 -1.134194
v 0.852440 0.097251 -1.130607
v 0.977992 0.097251 -1.130607
v 0.852440 0.108149 -1.124782
v 0.977992 0.108149 -1.124782
v 0.852440 0.117701 -1.116943
v 0.977992 0.117701 -1.116943
v 0.852440 0.125540 -1.107391
v 0.977992 0.125540 -1.107391
v 0.852440 0.131365 -1.096493
v 0.977992 0.131365 -1.096493
v 0.852440 0.134952 -1.084669
v 0.977992 0.134952 -1.084669
v 0.852440 0.136163 -1.072372
v 0.977992 0.136163 -1.072372
v 0.852440 0.134952 -1.060075
v 0.977992 0.134952 -1.060075
v 0.852440 0.131365 -1.048250
v 0.977992 0.131365 -1.048250
v 0.852440 0.125540 -1.037352
v 0.977992 0.125540 -1.037352
v 0.852440 0.117701 -1.027800
v 0.977992 0.117701 -1.027800
v 0.852440 0.108149 -1.019962
v 0.977992 0.108149 -1.019962
v 0.852440 0.097251 -1.014137
v 0.977992 0.097251 -1.014137
v 0.852440 0.085427 -1.010550
v 0.977992 0.085427 -1.010550
vn -0.0000 -0.0980 -0.9952
vn -0.0000 -0.2903 -0.9569
vn -0.0000 -0.4714 -0.8819
vn -0.0000 -0.6344 -0.7730
vn -0.0000 -0.7730 -0.6344
vn -0.0000 -0.8819 -0.4714
vn -0.0000 -0.9569 -0.2903
vn -0.0000 -0.9952 -0.0980
vn -0.0000 -0.9952 0.0980
vn -0.0000 -0.9569 0.2903
vn -0.0000 -0.8819 0.4714
vn -0.0000 -0.7730 0.6344
vn -0.0000 -0.6344 0.7730
vn -0.0000 -0.4714 0.8819
vn -0.0000 -0.2903 0.9569
vn -0.0000 -0.0980 0.9952
vn -0.0000 0.0980 0.9952
vn -0.0000 0.2903 0.9569
vn -0.0000 0.4714 0.8819
vn -0.0000 0.6344 0.7730
vn -0.0000 0.7730 0.6344
vn -0.0000 0.8819 0.4714
vn -0.0000 0.9569 0.2903
vn -0.0000 0.9952 0.0980
vn -0.0000 0.9952 -0.0980
vn -0.0000 0.9569 -0.2903
vn -0.0000 0.8819 -0.4714
vn -0.0000 0.7730 -0.6344
vn -0.0000 0.6344 -0.7730
vn -0.0000 0.4714 -0.8819
vn 1.0000 -0.0000 -0.0000
vn -0.0000 0.2903 -0.9569
vn -0.0000 0.0980 -0.9952
vn -1.0000 -0.0000 -0.0000
vt 0.187500 0.937500
s 0
f 2739/10/209 2740/10/209 2742/10/209 2741/10/209
f 2741/10/210 2742/10/210 2744/10/210 2743/10/210
f 2743/10/211 2744/10/211 2746/10/211 2745/10/211
f 2745/10/212 2746/10/212 2748/10/212 2747/10/212
f 2747/10/213 2748/10/213 2750/10/213 2749/10/213
f 2749/10/214 2750/10/214 2752/10/214 2751/10/214
f 2751/10/215 2752/10/215 2754/10/215 2753/10/215
f 2753/10/216 2754/10/216 2756/10/216 2755/10/216
f 2755/10/217 2756/10/217 2758/10/217 2757/10/217
f 2757/10/218 2758/10/218 2760/10/218 2759/10/218
f 2759/10/219 2760/10/219 2762/10/219 2761/10/219
f 2761/10/220 2762/10/220 2764/10/220 2763/10/220
f 2763/10/221 2764/10/221 2766/10/221 2765/10/221
f 2765/10/222 2766/10/222 2768/10/222 2767/10/222
f 2767/10/223 2768/10/223 2770/10/223 2769/10/223
f 2769/10/224 2770/10/224 2772/10/224 2771/10/224
f 2771/10/225 2772/10/225 2774/10/225 2773/10/225
f 2773/10/226 2774/10/226 2776/10/226 2775/10/226
f 2775/10/227 2776/10/227 2778/10/227 2777/10/227
f 2777/10/228 2778/10/228 2780/10/228 2779/10/228
f 2779/10/229 2780/10/229 2782/10/229 2781/10/229
f 2781/10/230 2782/10/230 2784/10/230 2783/10/230
f 2783/10/231 2784/10/231 2786/10/231 2785/10/231
f 2785/10/232 2786/10/232 2788/10/232 2787/10/232
f 2787/10/233 2788/10/233 2790/10/233 2789/10/233
f 2789/10/234 2790/10/234 2792/10/234 2791/10/234
f 2791/10/235 2792/10/235 2794/10/235 2793/10/235
f 2793/10/236 2794/10/236 2796/10/236 2795/10/236
f 2795/10/237 2796/10/237 2798/10/237 2797/10/237
f 2797/10/238 2798/10/238 2800/10/238 2799/10/238
f 2742/10/239 2740/10/239 2802/10/239 2800/10/239 2798/10/239 2796/10/239 2794/10/239 2792/10/239 2790/10/239 2788/10/239 2786/10/239 2784/10/239 2782/10/239 2780/10/239 2778/10/239 2776/10/239 2774/10/239 2772/10/239 2770/10/239 2768/10/239 2766/10/239 2764/10/239 2762/10/239 2760/10/239 2758/10/239 2756/10/239 2754/10/239 2752/10/239 2750/10/239 2748/10/239 2746/10/239 2744/10/239
f 2799/10/240 2800/10/240 2802/10/240 2801/10/240
f 2801/10/241 2802/10/241 2740/10/241 2739/10/241
f 2739/10/242 2741/10/242 2743/10/242 2745/10/242 2747/10/242 2749/10/242 2751/10/242 2753/10/242 2755/10/242 2757/10/242 2759/10/242 2761/10/242 2763/10/242 2765/10/242 2767/10/242 2769/10/242 2771/10/242 2773/10/242 2775/10/242 2777/10/242 2779/10/242 2781/10/242 2783/10/242 2785/10/242 2787/10/242 2789/10/242 2791/10/242 2793/10/242 2795/10/242 2797/10/242 2799/10/242 2801/10/242
f 2803/10/224 2805/10/224 2806/10/224 2804/10/224
f 2805/10/223 2807/10/223 2808/10/223 2806/10/223
f 2807/10/222 2809/10/222 2810/10/222 2808/10/222
f 2809/10/221 2811/10/221 2812/10/221 2810/10/221
f 2811/10/220 2813/10/220 2814/10/220 2812/10/220
f 2813/10/219 2815/10/219 2816/10/219 2814/10/219
f 2815/10/218 2817/10/218 2818/10/218 2816/10/218
f 2817/10/217 2819/10/217 2820/10/217 2818/10/217
f 2819/10/216 2821/10/216 2822/10/216 2820/10/216
f 2821/10/215 2823/10/215 2824/10/215 2822/10/215
f 2823/10/214 2825/10/214 2826/10/214 2824/10/214
f 2825/10/213 2827/10/213 2828/10/213 2826/10/213
f 2827/10/212 2829/10/212 2830/10/212 2828/10/212
f 2829/10/211 2831/10/211 2832/10/211 2830/10/211
f 2831/10/210 2833/10/210 2834/10/210 2832/10/210
f 2833/10/209 2835/10/209 2836/10/209 2834/10/209
f 2835/10/241 2837/10/241 2838/10/241 2836/10/241
f 2837/10/240 2839/10/240 2840/10/240 2838/10/240
f 2839/10/238 2841/10/238 2842/10/238 2840/10/238
f 2841/10/237 2843/10/237 2844/10/237 2842/10/237
f 2843/10/236 2845/10/236 2846/10/236 2844/10/236
f 2845/10/235 2847/10/235 2848/10/235 2846/10/235
f 2847/10/234 2849/10/234 2850/10/234 2848/10/234
f 2849/10/233 2851/10/233 2852/10/233 2850/10/233
f 2851/10/232 2853/10/232 2854/10/232 2852/10/232
f 2853/10/231 2855/10/231 2856/10/231 2854/10/231
f 2855/10/230 2857/10/230 2858/10/230 2856/10/230
f 2857/10/229 2859/10/229 2860/10/229 2858/10/229
f 2859/10/228 2861/10/228 2862/10/228 2860/10/228
f 2861/10/227 2863/10/227 2864/10/227 2862/10/227
f 2806/10/239 2808/10/239 2810/10/239 2812/10/239 2814/10/239 2816/10/239 2818/10/239 2820/10/239 2822/10/239 2824/10/239 2826/10/239 2828/10/239 2830/10/239 2832/10/239 2834/10/239 2836/10/239 2838/10/239 2840/10/239 2842/10/239 2844/10/239 2846/10/239 2848/10/239 2850/10/239 2852/10/239 2854/10/239 2856/10/239 2858/10/239 2860/10/239 2862/10/239 2864/10/239 2866/10/239 2804/10/239
f 2863/10/226 2865/10/226 2866/10/226 2864/10/226
f 2865/10/225 2803/10/225 2804/10/225 2866/10/225
f 2803/10/242 2865/10/242 2863/10/242 2861/10/242 2859/10/242 2857/10/242 2855/10/242 2853/10/242 2851/10/242 2849/10/242 2847/10/242 2845/10/242 2843/10/242 2841/10/242 2839/10/242 2837/10/242 2835/10/242 2833/10/242 2831/10/242 2829/10/242 2827/10/242 2825/10/242 2823/10/242 2821/10/242 2819/10/242 2817/10/242 2815/10/242 2813/10/242 2811/10/242 2809/10/242 2807/10/242 2805/10/242
o Cube.060
v -0.916148 0.073130 1.304542
v -0.790595 0.073130 1.304542
v -0.916148 0.060833 1.305753
v -0.790595 0.060833 1.305753
v -0.916148 0.049008 1.309340
v -0.790595 0.049008 1.309340
v -0.916148 0.038110 1.315165
v -0.790595 0.038110 1.315165
v -0.916148 0.028559 1.323004
v -0.790595 0.028559 1.323004
v -0.916148 0.020720 1.332556
v -0.790595 0.020720 1.332556
v -0.916148 0.014895 1.343453
v -0.790595 0.014895 1.343453
v -0.916148 0.011308 1.355278
v -0.790595 0.011308 1.355278
v -0.916148 0.010097 1.367575
v -0.790595 0.010097 1.367575
v -0.916148 0.011308 1.379872
v -0.790595 0.011308 1.379872
v -0.916148 0.014895 1.391697
v -0.790595 0.014895 1.391697
v -0.916148 0.020720 1.402594
v -0.790595 0.020720 1.402594
v -0.916148 0.028559 1.412146
v -0.790595 0.028559 1.412146
v -0.916148 0.038110 1.419985
v -0.790595 0.038110 1.419985
v -0.916148 0.049008 1.425810
v -0.790595 0.049008 1.425810
v -0.916148 0.060833 1.429397
v -0.790595 0.060833 1.429397
v -0.916148 0.073130 1.430608
v -0.790595 0.073130 1.430608
v -0.916148 0.085427 1.429397
v -0.790595 0.085427 1.429397
v -0.916148 0.097251 1.425810
v -0.790595 0.097251 1.425810
v -0.916148 0.108149 1.419985
v -0.790595 0.108149 1.419985
v -0.916148 0.117701 1.412146
v -0.790595 0.117701 1.412146
v -0.916148 0.125540 1.402594
v -0.790595 0.125540 1.402594
v -0.916148 0.131365 1.391697
v -0.790595 0.131365 1.391697
v -0.916148 0.134952 1.379872
v -0.790595 0.134952 1.379872
v -0.916148 0.136163 1.367575
v -0.790595 0.136163 1.367575
v -0.916148 0.134952 1.355278
v -0.790595 0.134952 1.355278
v -0.916148 0.131365 1.343453
v -0.790595 0.131365 1.343453
v -0.916148 0.125540 1.332556
v -0.790595 0.125540 1.332556
v -0.916148 0.117701 1.323004
v -0.790595 0.117701 1.323004
v -0.916148 0.108149 1.315165
v -0.790595 0.108149 1.315165
v -0.916148 0.097251 1.309340
v -0.790595 0.097251 1.309340
v -0.916148 0.085427 1.305753
v -0.790595 0.085427 1.305753
v -0.916148 0.073130 -1.293130
v -0.790595 0.073130 -1.293130
v -0.916148 0.060833 -1.294341
v -0.790595 0.060833 -1.294341
v -0.916148 0.049008 -1.297928
v -0.790595 0.049008 -1.297928
v -0.916148 0.038110 -1.303753
v -0.790595 0.038110 -1.303753
v -0.916148 0.028559 -1.311592
v -0.790595 0.028559 -1.311592
v -0.916148 0.020720 -1.321144
v -0.790595 0.020720 -1.321144
v -0.916148 0.014895 -1.332041
v -0.790595 0.014895 -1.332041
v -0.916148 0.011308 -1.343866
v -0.790595 0.011308 -1.343866
v -0.916148 0.010097 -1.356163
v -0.790595 0.010097 -1.356163
v -0.916148 0.011308 -1.368460
v -0.790595 0.011308 -1.368460
v -0.916148 0.014895 -1.380285
v -0.790595 0.014895 -1.380285
v -0.916148 0.020720 -1.391182
v -0.790595 0.020720 -1.391182
v -0.916148 0.028559 -1.400734
v -0.790595 0.028559 -1.400734
v -0.916148 0.038110 -1.408573
v -0.790595 0.038110 -1.408573
v -0.916148 0.049008 -1.414398
v -0.790595 0.049008 -1.414398
v -0.916148 0.060833 -1.417985
v -0.790595 0.060833 -1.417985
v -0.916148 0.073130 -1.419196
v -0.790595 0.073130 -1.419196
v -0.916148 0.085427 -1.417985
v -0.790595 0.085427 -1.417985
v -0.916148 0.097251 -1.414398
v -0.790595 0.097251 -1.414398
v -0.916148 0.108149 -1.408573
v -0.790595 0.108149 -1.408573
v -0.916148 0.117701 -1.400734
v -0.790595 0.117701 -1.400734
v -0.916148 0.125540 -1.391182
v -0.790595 0.125540 -1.391182
v -0.916148 0.131365 -1.380285
v -0.790595 0.131365 -1.380285
v -0.916148 0.134952 -1.368460
v -0.790595 0.134952 -1.368460
v -0.916148 0.136163 -1.356163
v -0.790595 0.136163 -1.356163
v -0.916148 0.134952 -1.343866
v -0.790595 0.134952 -1.343866
v -0.916148 0.131365 -1.332041
v -0.790595 0.131365 -1.332041
v -0.916148 0.125540 -1.321144
v -0.790595 0.125540 -1.321144
v -0.916148 0.117701 -1.311592
v -0.790595 0.117701 -1.311592
v -0.916148 0.108149 -1.303753
v -0.790595 0.108149 -1.303753
v -0.916148 0.097251 -1.297928
v -0.790595 0.097251 -1.297928
v -0.916148 0.085427 -1.294341
v -0.790595 0.085427 -1.294341
vn -0.0000 -0.0980 -0.9952
vn -0.0000 -0.2903 -0.9569
vn -0.0000 -0.4714 -0.8819
vn -0.0000 -0.6344 -0.7730
vn -0.0000 -0.7730 -0.6344
vn -0.0000 -0.8819 -0.4714
vn -0.0000 -0.9569 -0.2903
vn -0.0000 -0.9952 -0.0980
vn -0.0000 -0.9952 0.0980
vn -0.0000 -0.9569 0.2903
vn -0.0000 -0.8819 0.4714
vn -0.0000 -0.7730 0.6344
vn -0.0000 -0.6344 0.7730
vn -0.0000 -0.4714 0.8819
vn -0.0000 -0.2903 0.9569
vn -0.0000 -0.0980 0.9952
vn -0.0000 0.0980 0.9952
vn -0.0000 0.2903 0.9569
vn -0.0000 0.4714 0.8819
vn -0.0000 0.6344 0.7730
vn -0.0000 0.7730 0.6344
vn -0.0000 0.8819 0.4714
vn -0.0000 0.9569 0.2903
vn -0.0000 0.9952 0.0980
vn -0.0000 0.9952 -0.0980
vn -0.0000 0.9569 -0.2903
vn -0.0000 0.8819 -0.4714
vn -0.0000 0.7730 -0.6344
vn -0.0000 0.6344 -0.7730
vn -0.0000 0.4714 -0.8819
vn 1.0000 -0.0000 -0.0000
vn -0.0000 0.2903 -0.9569
vn -0.0000 0.0980 -0.9952
vn -1.0000 -0.0000 -0.0000
vt 0.187500 0.937500
s 0
f 2867/11/243 2868/11/243 2870/11/243 2869/11/243
f 2869/11/244 2870/11/244 2872/11/244 2871/11/244
f 2871/11/245 2872/11/245 2874/11/245 2873/11/245
f 2873/11/246 2874/11/246 2876/11/246 2875/11/246
f 2875/11/247 2876/11/247 2878/11/247 2877/11/247
f 2877/11/248 2878/11/248 2880/11/248 2879/11/248
f 2879/11/249 2880/11/249 2882/11/249 2881/11/249
f 2881/11/250 2882/11/250 2884/11/250 2883/11/250
f 2883/11/251 2884/11/251 2886/11/251 2885/11/251
f 2885/11/252 2886/11/252 2888/11/252 2887/11/252
f 2887/11/253 2888/11/253 2890/11/253 2889/11/253
f 2889/11/254 2890/11/254 2892/11/254 2891/11/254
f 2891/11/255 2892/11/255 2894/11/255 2893/11/255
f 2893/11/256 2894/11/256 2896/11/256 2895/11/256
f 2895/11/257 2896/11/257 2898/11/257 2897/11/257
f 2897/11/258 2898/11/258 2900/11/258 2899/11/258
f 2899/11/259 2900/11/259 2902/11/259 2901/11/259
f 2901/11/260 2902/11/260 2904/11/260 2903/11/260
f 2903/11/261 2904/11/261 2906/11/261 2905/11/261
f 2905/11/262 2906/11/262 2908/11/262 2907/11/262
f 2907/11/263 2908/11/263 2910/11/263 2909/11/263
f 2909/11/264 2910/11/264 2912/11/264 2911/11/264
f 2911/11/265 2912/11/265 2914/11/265 2913/11/265
f 2913/11/266 2914/11/266 2916/11/266 2915/11/266
f 2915/11/267 2916/11/267 2918/11/267 2917/11/267
f 2917/11/268 2918/11/268 2920/11/268 2919/11/268
f 2919/11/269 2920/11/269 2922/11/269 2921/11/269
f 2921/11/270 2922/11/270 2924/11/270 2923/11/270
f 2923/11/271 2924/11/271 2926/11/271 2925/11/271
f 2925/11/272 2926/11/272 2928/11/272 2927/11/272
f 2870/11/273 2868/11/273 2930/11/273 2928/11/273 2926/11/273 2924/11/273 2922/11/273 2920/11/273 2918/11/273 2916/11/273 2914/11/273 2912/11/273 2910/11/273 2908/11/273 2906/11/273 2904/11/273 2902/11/273 2900/11/273 2898/11/273 2896/11/273 2894/11/273 2892/11/273 2890/11/273 2888/11/273 2886/11/273 2884/11/273 2882/11/273 2880/11/273 2878/11/273 2876/11/273 2874/11/273 2872/11/273
f 2927/11/274 2928/11/274 2930/11/274 2929/11/274
f 2929/11/275 2930/11/275 2868/11/275 2867/11/275
f 2867/11/276 2869/11/276 2871/11/276 2873/11/276 2875/11/276 2877/11/276 2879/11/276 2881/11/276 2883/11/276 2885/11/276 2887/11/276 2889/11/276 2891/11/276 2893/11/276 2895/11/276 2897/11/276 2899/11/276 2901/11/276 2903/11/276 2905/11/276 2907/11/276 2909/11/276 2911/11/276 2913/11/276 2915/11/276 2917/11/276 2919/11/276 2921/11/276 2923/11/276 2925/11/276 2927/11/276 2929/11/276
f 2931/11/258 2933/11/258 2934/11/258 2932/11/258
f 2933/11/257 2935/11/257 2936/11/257 2934/11/257
f 2935/11/256 2937/11/256 2938/11/256 2936/11/256
f 2937/11/255 2939/11/255 2940/11/255 2938/11/255
f 2939/11/254 2941/11/254 2942/11/254 2940/11/254
f 2941/11/253 2943/11/253 2944/11/253 2942/11/253
f 2943/11/252 2945/11/252 2946/11/252 2944/11/252
f 2945/11/251 2947/11/251 2948/11/251 2946/11/251
f 2947/11/250 2949/11/250 2950/11/250 2948/11/250
f 2949/11/249 2951/11/249 2952/11/249 2950/11/249
f 2951/11/248 2953/11/248 2954/11/248 2952/11/248
f 2953/11/247 2955/11/247 2956/11/247 2954/11/247
f 2955/11/246 2957/11/246 2958/11/246 2956/11/246
f 2957/11/245 2959/11/245 2960/11/245 2958/11/245
f 2959/11/244 2961/11/244 2962/11/244 2960/11/244
f 2961/11/243 2963/11/243 2964/11/243 2962/11/243
f 2963/11/275 2965/11/275 2966/11/275 2964/11/275
f 2965/11/274 2967/11/274 2968/11/274 2966/11/274
f 2967/11/272 2969/11/272 2970/11/272 2968/11/272
f 2969/11/271 2971/11/271 2972/11/271 2970/11/271
f 2971/11/270 2973/11/270 2974/11/270 2972/11/270
f 2973/11/269 2975/11/269 2976/11/269 2974/11/269
f 2975/11/268 2977/11/268 2978/11/268 2976/11/268
f 2977/11/267 2979/11/267 2980/11/267 2978/11/267
f 2979/11/266 2981/11/266 2982/11/266 2980/11/266
f 2981/11/265 2983/11/265 2984/11/265 2982/11/265
f 2983/11/264 2985/11/264 2986/11/264 2984/11/264
f 2985/11/263 2987/11/263 2988/11/263 2986/11/263
f 2987/11/262 2989/11/262 2990/11/262 2988/11/262
f 2989/11/261 2991/11/261 2992/11/261 2990/11/261
f 2934/11/273 2936/11/273 2938/11/273 2940/11/273 2942/11/273 2944/11/273 2946/11/273 2948/11/273 2950/11/273 2952/11/273 2954/11/273 2956/11/273 2958/11/273 2960/11/273 2962/11/273 2964/11/273 2966/11/273 2968/11/273 2970/11/273 2972/11/273 2974/11/273 2976/11/273 2978/11/273 2980/11/273 2982/11/273 2984/11/273 2986/11/273 2988/11/273 2990/11/273 2992/11/273 2994/11/273 2932/11/273
f 2991/11/260 2993/11/260 2994/11/260 2992/11/260
f 2993/11/259 2931/11/259 2932/11/259 2994/11/259
f 2931/11/276 2993/11/276 2991/11/276 2989/11/276 2987/11/276 2985/11/276 2983/11/276 2981/11/276 2979/11/276 2977/11/276 2975/11/276 2973/11/276 2971/11/276 2969/11/276 2967/11/276 2965/11/276 2963/11/276 2961/11/276 2959/11/276 2957/11/276 2955/11/276 2953/11/276 2951/11/276 2949/11/276 2947/11/276 2945/11/276 2943/11/276 2941/11/276 2939/11/276 2937/11/276 2935/11/276 2933/11/276
o Cube.061
v -0.916148 0.073130 1.020751
v -0.790595 0.073130 1.020751
v -0.916148 0.060833 1.021962
v -0.790595 0.060833 1.021962
v -0.916148 0.049008 1.025549
v -0.790595 0.049008 1.025549
v -0.916148 0.038110 1.031374
v -0.790595 0.038110 1.031374
v -0.916148 0.028559 1.039213
v -0.790595 0.028559 1.039213
v -0.916148 0.020720 1.048765
v -0.790595 0.020720 1.048765
v -0.916148 0.014895 1.059662
v -0.790595 0.014895 1.059662
v -0.916148 0.011308 1.071487
v -0.790595 0.011308 1.071487
v -0.916148 0.010097 1.083784
v -0.790595 0.010097 1.083784
v -0.916148 0.011308 1.096081
v -0.790595 0.011308 1.096081
v -0.916148 0.014895 1.107906
v -0.790595 0.014895 1.107906
v -0.916148 0.020720 1.118803
v -0.790595 0.020720 1.118803
v -0.916148 0.028559 1.128355
v -0.790595 0.028559 1.128355
v -0.916148 0.038110 1.136194
v -0.790595 0.038110 1.136194
v -0.916148 0.049008 1.142019
v -0.790595 0.049008 1.142019
v -0.916148 0.060833 1.145606
v -0.790595 0.060833 1.145606
v -0.916148 0.073130 1.146817
v -0.790595 0.073130 1.146817
v -0.916148 0.085427 1.145606
v -0.790595 0.085427 1.145606
v -0.916148 0.097251 1.142019
v -0.790595 0.097251 1.142019
v -0.916148 0.108149 1.136194
v -0.790595 0.108149 1.136194
v -0.916148 0.117701 1.128355
v -0.790595 0.117701 1.128355
v -0.916148 0.125540 1.118803
v -0.790595 0.125540 1.118803
v -0.916148 0.131365 1.107906
v -0.790595 0.131365 1.107906
v -0.916148 0.134952 1.096081
v -0.790595 0.134952 1.096081
v -0.916148 0.136163 1.083784
v -0.790595 0.136163 1.083784
v -0.916148 0.134952 1.071487
v -0.790595 0.134952 1.071487
v -0.916148 0.131365 1.059662
v -0.790595 0.131365 1.059662
v -0.916148 0.125540 1.048765
v -0.790595 0.125540 1.048765
v -0.916148 0.117701 1.039213
v -0.790595 0.117701 1.039213
v -0.916148 0.108149 1.031374
v -0.790595 0.108149 1.031374
v -0.916148 0.097251 1.025549
v -0.790595 0.097251 1.025549
v -0.916148 0.085427 1.021962
v -0.790595 0.085427 1.021962
v -0.916148 0.073130 -1.009339
v -0.790595 0.073130 -1.009339
v -0.916148 0.060833 -1.010550
v -0.790595 0.060833 -1.010550
v -0.916148 0.049008 -1.014137
v -0.790595 0.049008 -1.014137
v -0.916148 0.038110 -1.019962
v -0.790595 0.038110 -1.019962
v -0.916148 0.028559 -1.027800
v -0.790595 0.028559 -1.027800
v -0.916148 0.020720 -1.037352
v -0.790595 0.020720 -1.037352
v -0.916148 0.014895 -1.048250
v -0.790595 0.014895 -1.048250
v -0.916148 0.011308 -1.060075
v -0.790595 0.011308 -1.060075
v -0.916148 0.010097 -1.072372
v -0.790595 0.010097 -1.072372
v -0.916148 0.011308 -1.084669
v -0.790595 0.011308 -1.084669
v -0.916148 0.014895 -1.096493
v -0.790595 0.014895 -1.096493
v -0.916148 0.020720 -1.107391
v -0.790595 0.020720 -1.107391
v -0.916148 0.028559 -1.116943
v -0.790595 0.028559 -1.116943
v -0.916148 0.038110 -1.124782
v -0.790595 0.038110 -1.124782
v -0.916148 0.049008 -1.130607
v -0.790595 0.049008 -1.130607
v -0.916148 0.060833 -1.134194
v -0.790595 0.060833 -1.134194
v -0.916148 0.073130 -1.135405
v -0.790595 0.073130 -1.135405
v -0.916148 0.085427 -1.134194
v -0.790595 0.085427 -1.134194
v -0.916148 0.097251 -1.130607
v -0.790595 0.097251 -1.130607
v -0.916148 0.108149 -1.124782
v -0.790595 0.108149 -1.124782
v -0.916148 0.117701 -1.116943
v -0.790595 0.117701 -1.116943
v -0.916148 0.125540 -1.107391
v -0.790595 0.125540 -1.107391
v -0.916148 0.131365 -1.096493
v -0.790595 0.131365 -1.096493
v -0.916148 0.134952 -1.084669
v -0.790595 0.134952 -1.084669
v -0.916148 0.136163 -1.072372
v -0.790595 0.136163 -1.072372
v -0.916148 0.134952 -1.060075
v -0.790595 0.134952 -1.060075
v -0.916148 0.131365 -1.048250
v -0.790595 0.131365 -1.048250
v -0.916148 0.125540 -1.037352
v -0.790595 0.125540 -1.037352
v -0.916148 0.117701 -1.027800
v -0.790595 0.117701 -1.027800
v -0.916148 0.108149 -1.019962
v -0.790595 0.108149 -1.019962
v -0.916148 0.097251 -1.014137
v -0.790595 0.097251 -1.014137
v -0.916148 0.085427 -1.010550
v -0.790595 0.085427 -1.010550
vn -0.0000 -0.0980 -0.9952
vn -0.0000 -0.2903 -0.9569
vn -0.0000 -0.4714 -0.8819
vn -0.0000 -0.6344 -0.7730
vn -0.0000 -0.7730 -0.6344
vn -0.0000 -0.8819 -0.4714
vn -0.0000 -0.9569 -0.2903
vn -0.0000 -0.9952 -0.0980
vn -0.0000 -0.9952 0.0980
vn -0.0000 -0.9569 0.2903
vn -0.0000 -0.8819 0.4714
vn -0.0000 -0.7730 0.6344
vn -0.0000 -0.6344 0.7730
vn -0.0000 -0.4714 0.8819
vn -0.0000 -0.2903 0.9569
vn -0.0000 -0.0980 0.9952
vn -0.0000 0.0980 0.9952
vn -0.0000 0.2903 0.9569
vn -0.0000 0.4714 0.8819
vn -0.0000 0.6344 0.7730
vn -0.0000 0.7730 0.6344
vn -0.0000 0.8819 0.4714
vn -0.0000 0.9569 0.2903
vn -0.0000 0.9952 0.0980
vn -0.0000 0.9952 -0.0980
vn -0.0000 0.9569 -0.2903
vn -0.0000 0.8819 -0.4714
vn -0.0000 0.7730 -0.6344
vn -0.0000 0.6344 -0.7730
vn -0.0000 0.4714 -0.8819
vn 1.0000 -0.0000 -0.0000
vn -0.0000 0.2903 -0.9569
vn -0.0000 0.0980 -0.9952
vn -1.0000 -0.0000 -0.0000
vt 0.187500 0.937500
s 0
f 2995/12/277 2996/12/277 2998/12/277 2997/12/277
f 2997/12/278 2998/12/278 3000/12/278 2999/12/278
f 2999/12/279 3000/12/279 3002/12/279 3001/12/279
f 3001/12/280 3002/12/280 3004/12/280 3003/12/280
f 3003/12/281 3004/12/281 3006/12/281 3005/12/281
f 3005/12/282 3006/12/282 3008/12/282 3007/12/282
f 3007/12/283 3008/12/283 3010/12/283 3009/12/283
f 3009/12/284 3010/12/284 3012/12/284 3011/12/284
f 3011/12/285 3012/12/285 3014/12/285 3013/12/285
f 3013/12/286 3014/12/286 3016/12/286 3015/12/286
f 3015/12/287 3016/12/287 3018/12/287 3017/12/287
f 3017/12/288 3018/12/288 3020/12/288 3019/12/288
f 3019/12/289 3020/12/289 3022/12/289 3021/12/289
f 3021/12/290 3022/12/290 3024/12/290 3023/12/290
f 3023/12/291 3024/12/291 3026/12/291 3025/12/291
f 3025/12/292 3026/12/292 3028/12/292 3027/12/292
f 3027/12/293 3028/12/293 3030/12/293 3029/12/293
f 3029/12/294 3030/12/294 3032/12/294 3031/12/294
f 3031/12/295 3032/12/295 3034/12/295 3033/12/295
f 3033/12/296 3034/12/296 3036/12/296 3035/12/296
f 3035/12/297 3036/12/297 3038/12/297 3037/12/297
f 3037/12/298 3038/12/298 3040/12/298 3039/12/298
f 3039/12/299 3040/12/299 3042/12/299 3041/12/299
f 3041/12/300 3042/12/300 3044/12/300 3043/12/300
f 3043/12/301 3044/12/301 3046/12/301 3045/12/301
f 3045/12/302 3046/12/302 3048/12/302 3047/12/302
f 3047/12/303 3048/12/303 3050/12/303 3049/12/303
f 3049/12/304 3050/12/304 3052/12/304 3051/12/304
f 3051/12/305 3052/12/305 3054/12/305 3053/12/305
f 3053/12/306 3054/12/306 3056/12/306 3055/12/306
f 2998/12/307 2996/12/307 3058/12/307 3056/12/307 3054/12/307 3052/12/307 3050/12/307 3048/12/307 3046/12/307 3044/12/307 3042/12/307 3040/12/307 3038/12/307 3036/12/307 3034/12/307 3032/12/307 3030/12/307 3028/12/307 3026/12/307 3024/12/307 3022/12/307 3020/12/307 3018/12/307 3016/12/307 3014/12/307 3012/12/307 3010/12/307 3008/12/307 3006/12/307 3004/12/307 3002/12/307 3000/12/307
f 3055/12/308 3056/12/308 3058/12/308 3057/12/308
f 3057/12/309 3058/12/309 2996/12/309 2995/12/309
f 2995/12/310 2997/12/310 2999/12/310 3001/12/310 3003/12/310 3005/12/310 3007/12/310 3009/12/310 3011/12/310 3013/12/310 3015/12/310 3017/12/310 3019/12/310 3021/12/310 3023/12/310 3025/12/310 3027/12/310 3029/12/310 3031/12/310 3033/12/310 3035/12/310 3037/12/310 3039/12/310 3041/12/310 3043/12/310 3045/12/310 3047/12/310 3049/12/310 3051/12/310 3053/12/310 3055/12/310 3057/12/310
f 3059/12/292 3061/12/292 3062/12/292 3060/12/292
f 3061/12/291 3063/12/291 3064/12/291 3062/12/291
f 3063/12/290 3065/12/290 3066/12/290 3064/12/290
f 3065/12/289 3067/12/289 3068/12/289 3066/12/289
f 3067/12/288 3069/12/288 3070/12/288 3068/12/288
f 3069/12/287 3071/12/287 3072/12/287 3070/12/287
f 3071/12/286 3073/12/286 3074/12/286 3072/12/286
f 3073/12/285 3075/12/285 3076/12/285 3074/12/285
f 3075/12/284 3077/12/284 3078/12/284 3076/12/284
f 3077/12/283 3079/12/283 3080/12/283 3078/12/283
f 3079/12/282 3081/12/282 3082/12/282 3080/12/282
f 3081/12/281 3083/12/281 3084/12/281 3082/12/281
f 3083/12/280 3085/12/280 3086/12/280 3084/12/280
f 3085/12/279 3087/12/279 3088/12/279 3086/12/279
f 3087/12/278 3089/12/278 3090/12/278 3088/12/278
f 3089/12/277 3091/12/277 3092/12/277 3090/12/277
f 3091/12/309 3093/12/309 3094/12/309 3092/12/309
f 3093/12/308 3095/12/308 3096/12/308 3094/12/308
f 3095/12/306 3097/12/306 3098/12/306 3096/12/306
f 3097/12/305 3099/12/305 3100/12/305 3098/12/305
f 3099/12/304 3101/12/304 3102/12/304 3100/12/304
f 3101/12/303 3103/12/303 3104/12/303 3102/12/303
f 3103/12/302 3105/12/302 3106/12/302 3104/12/302
f 3105/12/301 3107/12/301 3108/12/301 3106/12/301
f 3107/12/300 3109/12/300 3110/12/300 3108/12/300
f 3109/12/299 3111/12/299 3112/12/299 3110/12/299
f 3111/12/298 3113/12/298 3114/12/298 3112/12/298
f 3113/12/297 3115/12/297 3116/12/297 3114/12/297
f 3115/12/296 3117/12/296 3118/12/296 3116/12/296
f 3117/12/295 3119/12/295 3120/12/295 3118/12/295
f 3062/12/307 3064/12/307 3066/12/307 3068/12/307 3070/12/307 3072/12/307 3074/12/307 3076/12/307 3078/12/307 3080/12/307 3082/12/307 3084/12/307 3086/12/307 3088/12/307 3090/12/307 3092/12/307 3094/12/307 3096/12/307 3098/12/307 3100/12/307 3102/12/307 3104/12/307 3106/12/307 3108/12/307 3110/12/307 3112/12/307 3114/12/307 3116/12/307 3118/12/307 3120/12/307 3122/12/307 3060/12/307
f 3119/12/294 3121/12/294 3122/12/294 3120/12/294
f 3121/12/293 3059/12/293 3060/12/293 3122/12/293
f 3059/12/310 3121/12/310 3119/12/310 3117/12/310 3115/12/310 3113/12/310 3111/12/310 3109/12/310 3107/12/310 3105/12/310 3103/12/310 3101/12/310 3099/12/310 3097/12/310 3095/12/310 3093/12/310 3091/12/310 3089/12/310 3087/12/310 3085/12/310 3083/12/310 3081/12/310 3079/12/310 3077/12/310 3075/12/310 3073/12/310 3071/12/310 3069/12/310 3067/12/310 3065/12/310 3063/12/310 3061/12/310
o Cube.064
v 0.852440 0.073130 0.805925
v 0.977992 0.073130 0.805925
v 0.852440 0.060833 0.807136
v 0.977992 0.060833 0.807136
v 0.852440 0.049008 0.810723
v 0.977992 0.049008 0.810723
v 0.852440 0.038110 0.816548
v 0.977992 0.038110 0.816548
v 0.852440 0.028559 0.824387
v 0.977992 0.028559 0.824387
v 0.852440 0.020720 0.833939
v 0.977992 0.020720 0.833939
v 0.852440 0.014895 0.844836
v 0.977992 0.014895 0.844836
v 0.852440 0.011308 0.856661
v 0.977992 0.011308 0.856661
v 0.852440 0.010097 0.868958
v 0.977992 0.010097 0.868958
v 0.852440 0.011308 0.881255
v 0.977992 0.011308 0.881255
v 0.852440 0.014895 0.893080
v 0.977992 0.014895 0.893080
v 0.852440 0.020720 0.903977
v 0.977992 0.020720 0.903977
v 0.852440 0.028559 0.913529
v 0.977992 0.028559 0.913529
v 0.852440 0.038110 0.921368
v 0.977992 0.038110 0.921368
v 0.852440 0.049008 0.927193
v 0.977992 0.049008 0.927193
v 0.852440 0.060833 0.930780
v 0.977992 0.060833 0.930780
v 0.852440 0.073130 0.931991
v 0.977992 0.073130 0.931991
v 0.852440 0.085427 0.930780
v 0.977992 0.085427 0.930780
v 0.852440 0.097251 0.927193
v 0.977992 0.097251 0.927193
v 0.852440 0.108149 0.921368
v 0.977992 0.108149 0.921368
v 0.852440 0.117701 0.913529
v 0.977992 0.117701 0.913529
v 0.852440 0.125540 0.903977
v 0.977992 0.125540 0.903977
v 0.852440 0.131365 0.893080
v 0.977992 0.131365 0.893080
v 0.852440 0.134952 0.881255
v 0.977992 0.134952 0.881255
v 0.852440 0.136163 0.868958
v 0.977992 0.136163 0.868958
v 0.852440 0.134952 0.856661
v 0.977992 0.134952 0.856661
v 0.852440 0.131365 0.844836
v 0.977992 0.131365 0.844836
v 0.852440 0.125540 0.833939
v 0.977992 0.125540 0.833939
v 0.852440 0.117701 0.824387
v 0.977992 0.117701 0.824387
v 0.852440 0.108149 0.816548
v 0.977992 0.108149 0.816548
v 0.852440 0.097251 0.810723
v 0.977992 0.097251 0.810723
v 0.852440 0.085427 0.807136
v 0.977992 0.085427 0.807136
v 0.852440 0.073130 -0.794513
v 0.977992 0.073130 -0.794513
v 0.852440 0.060833 -0.795724
v 0.977992 0.060833 -0.795724
v 0.852440 0.049008 -0.799311
v 0.977992 0.049008 -0.799311
v 0.852440 0.038110 -0.805136
v 0.977992 0.038110 -0.805136
v 0.852440 0.028559 -0.812975
v 0.977992 0.028559 -0.812975
v 0.852440 0.020720 -0.822526
v 0.977992 0.020720 -0.822526
v 0.852440 0.014895 -0.833424
v 0.977992 0.014895 -0.833424
v 0.852440 0.011308 -0.845249
v 0.977992 0.011308 -0.845249
v 0.852440 0.010097 -0.857546
v 0.977992 0.010097 -0.857546
v 0.852440 0.011308 -0.869843
v 0.977992 0.011308 -0.869843
v 0.852440 0.014895 -0.881667
v 0.977992 0.014895 -0.881667
v 0.852440 0.020720 -0.892565
v 0.977992 0.020720 -0.892565
v 0.852440 0.028559 -0.902117
v 0.977992 0.028559 -0.902117
v 0.852440 0.038110 -0.909956
v 0.977992 0.038110 -0.909956
v 0.852440 0.049008 -0.915781
v 0.977992 0.049008 -0.915781
v 0.852440 0.060833 -0.919368
v 0.977992 0.060833 -0.919368
v 0.852440 0.073130 -0.920579
v 0.977992 0.073130 -0.920579
v 0.852440 0.085427 -0.919368
v 0.977992 0.085427 -0.919368
v 0.852440 0.097251 -0.915781
v 0.977992 0.097251 -0.915781
v 0.852440 0.108149 -0.909956
v 0.977992 0.108149 -0.909956
v 0.852440 0.117701 -0.902117
v 0.977992 0.117701 -0.902117
v 0.852440 0.125540 -0.892565
v 0.977992 0.125540 -0.892565
v 0.852440 0.131365 -0.881667
v 0.977992 0.131365 -0.881667
v 0.852440 0.134952 -0.869843
v 0.977992 0.134952 -0.869843
v 0.852440 0.136163 -0.857546
v 0.977992 0.136163 -0.857546
v 0.852440 0.134952 -0.845249
v 0.977992 0.134952 -0.845249
v 0.852440 0.131365 -0.833424
v 0.977992 0.131365 -0.833424
v 0.852440 0.125540 -0.822526
v 0.977992 0.125540 -0.822526
v 0.852440 0.117701 -0.812975
v 0.977992 0.117701 -0.812975
v 0.852440 0.108149 -0.805136
v 0.977992 0.108149 -0.805136
v 0.852440 0.097251 -0.799311
v 0.977992 0.097251 -0.799311
v 0.852440 0.085427 -0.795724
v 0.977992 0.085427 -0.795724
vn -0.0000 -0.0980 -0.9952
vn -0.0000 -0.2903 -0.9569
vn -0.0000 -0.4714 -0.8819
vn -0.0000 -0.6344 -0.7730
vn -0.0000 -0.7730 -0.6344
vn -0.0000 -0.8819 -0.4714
vn -0.0000 -0.9569 -0.2903
vn -0.0000 -0.9952 -0.0980
vn -0.0000 -0.9952 0.0980
vn -0.0000 -0.9569 0.2903
vn -0.0000 -0.8819 0.4714
vn -0.0000 -0.7730 0.6344
vn -0.0000 -0.6344 0.7730
vn -0.0000 -0.4714 0.8819
vn -0.0000 -0.2903 0.9569
vn -0.0000 -0.0980 0.9952
vn -0.0000 0.0980 0.9952
vn -0.0000 0.2903 0.9569
vn -0.0000 0.4714 0.8819
vn -0.0000 0.6344 0.7730
vn -0.0000 0.7730 0.6344
vn -0.0000 0.8819 0.4714
vn -0.0000 0.9569 0.2903
vn -0.0000 0.9952 0.0980
vn -0.0000 0.9952 -0.0980
vn -0.0000 0.9569 -0.2903
vn -0.0000 0.8819 -0.4714
vn -0.0000 0.7730 -0.6344
vn -0.0000 0.6344 -0.7730
vn -0.0000 0.4714 -0.8819
vn 1.0000 -0.0000 -0.0000
vn -0.0000 0.2903 -0.9569
vn -0.0000 0.0980 -0.9952
vn -1.0000 -0.0000 -0.0000
vt 0.187500 0.937500
s 0
f 3123/13/311 3124/13/311 3126/13/311 3125/13/311
f 3125/13/312 3126/13/312 3128/13/312 3127/13/312
f 3127/13/313 3128/13/313 3130/13/313 3129/13/313
f 3129/13/314 3130/13/314 3132/13/314 3131/13/314
f 3131/13/315 3132/13/315 3134/13/315 3133/13/315
f 3133/13/316 3134/13/316 3136/13/316 3135/13/316
f 3135/13/317 3136/13/317 3138/13/317 3137/13/317
f 3137/13/318 3138/13/318 3140/13/318 3139/13/318
f 3139/13/319 3140/13/319 3142/13/319 3141/13/319
f 3141/13/320 3142/13/320 3144/13/320 3143/13/320
f 3143/13/321 3144/13/321 3146/13/321 3145/13/321
f 3145/13/322 3146/13/322 3148/13/322 3147/13/322
f 3147/13/323 3148/13/323 3150/13/323 3149/13/323
f 3149/13/324 3150/13/324 3152/13/324 3151/13/324
f 3151/13/325 3152/13/325 3154/13/325 3153/13/325
f 3153/13/326 3154/13/326 3156/13/326 3155/13/326
f 3155/13/327 3156/13/327 3158/13/327 3157/13/327
f 3157/13/328 3158/13/328 3160/13/328 3159/13/328
f 3159/13/329 3160/13/329 3162/13/329 3161/13/329
f 3161/13/330 3162/13/330 3164/13/330 3163/13/330
f 3163/13/331 3164/13/331 3166/13/331 3165/13/331
f 3165/13/332 3166/13/332 3168/13/332 3167/13/332
f 3167/13/333 3168/13/333 3170/13/333 3169/13/333
f 3169/13/334 3170/13/334 3172/13/334 3171/13/334
f 3171/13/335 3172/13/335 3174/13/335 3173/13/335
f 3173/13/336 3174/13/336 3176/13/336 3175/13/336
f 3175/13/337 3176/13/337 3178/13/337 3177/13/337
f 3177/13/338 3178/13/338 3180/13/338 3179/13/338
f 3179/13/339 3180/13/339 3182/13/339 3181/13/339
f 3181/13/340 3182/13/340 3184/13/340 3183/13/340
f 3126/13/341 3124/13/341 3186/13/341 3184/13/341 3182/13/341 3180/13/341 3178/13/341 3176/13/341 3174/13/341 3172/13/341 3170/13/341 3168/13/341 3166/13/341 3164/13/341 3162/13/341 3160/13/341 3158/13/341 3156/13/341 3154/13/341 3152/13/341 3150/13/341 3148/13/341 3146/13/341 3144/13/341 3142/13/341 3140/13/341 3138/13/341 3136/13/341 3134/13/341 3132/13/341 3130/13/341 3128/13/341
f 3183/13/342 3184/13/342 3186/13/342 3185/13/342
f 3185/13/343 3186/13/343 3124/13/343 3123/13/343
f 3123/13/344 3125/13/344 3127/13/344 3129/13/344 3131/13/344 3133/13/344 3135/13/344 3137/13/344 3139/13/344 3141/13/344 3143/13/344 3145/13/344 3147/13/344 3149/13/344 3151/13/344 3153/13/344 3155/13/344 3157/13/344 3159/13/344 3161/13/344 3163/13/344 3165/13/344 3167/13/344 3169/13/344 3171/13/344 3173/13/344 3175/13/344 3177/13/344 3179/13/344 3181/13/344 3183/13/344 3185/13/344
f 3187/13/326 3189/13/326 3190/13/326 3188/13/326
f 3189/13/325 3191/13/325 3192/13/325 3190/13/325
f 3191/13/324 3193/13/324 3194/13/324 3192/13/324
f 3193/13/323 3195/13/323 3196/13/323 3194/13/323
f 3195/13/322 3197/13/322 3198/13/322 3196/13/322
f 3197/13/321 3199/13/321 3200/13/321 3198/13/321
f 3199/13/320 3201/13/320 3202/13/320 3200/13/320
f 3201/13/319 3203/13/319 3204/13/319 3202/13/319
f 3203/13/318 3205/13/318 3206/13/318 3204/13/318
f 3205/13/317 3207/13/317 3208/13/317 3206/13/317
f 3207/13/316 3209/13/316 3210/13/316 3208/13/316
f 3209/13/315 3211/13/315 3212/13/315 3210/13/315
f 3211/13/314 3213/13/314 3214/13/314 3212/13/314
f 3213/13/313 3215/13/313 3216/13/313 3214/13/313
f 3215/13/312 3217/13/312 3218/13/312 3216/13/312
f 3217/13/311 3219/13/311 3220/13/311 3218/13/311
f 3219/13/343 3221/13/343 3222/13/343 3220/13/343
f 3221/13/342 3223/13/342 3224/13/342 3222/13/342
f 3223/13/340 3225/13/340 3226/13/340 3224/13/340
f 3225/13/339 3227/13/339 3228/13/339 3226/13/339
f 3227/13/338 3229/13/338 3230/13/338 3228/13/338
f 3229/13/337 3231/13/337 3232/13/337 3230/13/337
f 3231/13/336 3233/13/336 3234/13/336 3232/13/336
f 3233/13/335 3235/13/335 3236/13/335 3234/13/335
f 3235/13/334 3237/13/334 3238/13/334 3236/13/334
f 3237/13/333 3239/13/333 3240/13/333 3238/13/333
f 3239/13/332 3241/13/332 3242/13/332 3240/13/332
f 3241/13/331 3243/13/331 3244/13/331 3242/13/331
f 3243/13/330 3245/13/330 3246/13/330 3244/13/330
f 3245/13/329 3247/13/329 3248/13/329 3246/13/329
f 3190/13/341 3192/13/341 3194/13/341 3196/13/341 3198/13/341 3200/13/341 3202/13/341 3204/13/341 3206/13/341 3208/13/341 3210/13/341 3212/13/341 3214/13/341 3216/13/341 3218/13/341 3220/13/341 3222/13/341 3224/13/341 3226/13/341 3228/13/341 3230/13/341 3232/13/341 3234/13/341 3236/13/341 3238/13/341 3240/13/341 3242/13/341 3244/13/341 3246/13/341 3248/13/341 3250/13/341 3188/13/341
f 3247/13/328 3249/13/328 3250/13/328 3248/13/328
f 3249/13/327 3187/13/327 3188/13/327 3250/13/327
f 3187/13/344 3249/13/344 3247/13/344 3245/13/344 3243/13/344 3241/13/344 3239/13/344 3237/13/344 3235/13/344 3233/13/344 3231/13/344 3229/13/344 3227/13/344 3225/13/344 3223/13/344 3221/13/344 3219/13/344 3217/13/344 3215/13/344 3213/13/344 3211/13/344 3209/13/344 3207/13/344 3205/13/344 3203/13/344 3201/13/344 3199/13/344 3197/13/344 3195/13/344 3193/13/344 3191/13/344 3189/13/344
o Cube.065
v 0.852440 0.073130 0.522134
v 0.977992 0.073130 0.522134
v 0.852440 0.060833 0.523345
v 0.977992 0.060833 0.523345
v 0.852440 0.049008 0.526932
v 0.977992 0.049008 0.526932
v 0.852440 0.038110 0.532757
v 0.977992 0.038110 0.532757
v 0.852440 0.028559 0.540595
v 0.977992 0.028559 0.540595
v 0.852440 0.020720 0.550147
v 0.977992 0.020720 0.550147
v 0.852440 0.014895 0.561045
v 0.977992 0.014895 0.561045
v 0.852440 0.011308 0.572869
v 0.977992 0.011308 0.572869
v 0.852440 0.010097 0.585167
v 0.977992 0.010097 0.585167
v 0.852440 0.011308 0.597464
v 0.977992 0.011308 0.597464
v 0.852440 0.014895 0.609288
v 0.977992 0.014895 0.609288
v 0.852440 0.020720 0.620186
v 0.977992 0.020720 0.620186
v 0.852440 0.028559 0.629738
v 0.977992 0.028559 0.629738
v 0.852440 0.038110 0.637577
v 0.977992 0.038110 0.637577
v 0.852440 0.049008 0.643402
v 0.977992 0.049008 0.643402
v 0.852440 0.060833 0.646988
v 0.977992 0.060833 0.646988
v 0.852440 0.073130 0.648200
v 0.977992 0.073130 0.648200
v 0.852440 0.085427 0.646988
v 0.977992 0.085427 0.646988
v 0.852440 0.097251 0.643402
v 0.977992 0.097251 0.643402
v 0.852440 0.108149 0.637577
v 0.977992 0.108149 0.637577
v 0.852440 0.117701 0.629738
v 0.977992 0.117701 0.629738
v 0.852440 0.125540 0.620186
v 0.977992 0.125540 0.620186
v 0.852440 0.131365 0.609288
v 0.977992 0.131365 0.609288
v 0.852440 0.134952 0.597464
v 0.977992 0.134952 0.597464
v 0.852440 0.136163 0.585167
v 0.977992 0.136163 0.585167
v 0.852440 0.134952 0.572869
v 0.977992 0.134952 0.572869
v 0.852440 0.131365 0.561045
v 0.977992 0.131365 0.561045
v 0.852440 0.125540 0.550147
v 0.977992 0.125540 0.550147
v 0.852440 0.117701 0.540595
v 0.977992 0.117701 0.540595
v 0.852440 0.108149 0.532757
v 0.977992 0.108149 0.532757
v 0.852440 0.097251 0.526932
v 0.977992 0.097251 0.526932
v 0.852440 0.085427 0.523345
v 0.977992 0.085427 0.523345
v 0.852440 0.073130 -0.510721
v 0.977992 0.073130 -0.510721
v 0.852440 0.060833 -0.511932
v 0.977992 0.060833 -0.511932
v 0.852440 0.049008 -0.515519
v 0.977992 0.049008 -0.515519
v 0.852440 0.038110 -0.521344
v 0.977992 0.038110 -0.521344
v 0.852440 0.028559 -0.529183
v 0.977992 0.028559 -0.529183
v 0.852440 0.020720 -0.538735
v 0.977992 0.020720 -0.538735
v 0.852440 0.014895 -0.549633
v 0.977992 0.014895 -0.549633
v 0.852440 0.011308 -0.561457
v 0.977992 0.011308 -0.561457
v 0.852440 0.010097 -0.573754
v 0.977992 0.010097 -0.573754
v 0.852440 0.011308 -0.586052
v 0.977992 0.011308 -0.586052
v 0.852440 0.014895 -0.597876
v 0.977992 0.014895 -0.597876
v 0.852440 0.020720 -0.608774
v 0.977992 0.020720 -0.608774
v 0.852440 0.028559 -0.618325
v 0.977992 0.028559 -0.618325
v 0.852440 0.038110 -0.626164
v 0.977992 0.038110 -0.626164
v 0.852440 0.049008 -0.631989
v 0.977992 0.049008 -0.631989
v 0.852440 0.060833 -0.635576
v 0.977992 0.060833 -0.635576
v 0.852440 0.073130 -0.636787
v 0.977992 0.073130 -0.636787
v 0.852440 0.085427 -0.635576
v 0.977992 0.085427 -0.635576
v 0.852440 0.097251 -0.631989
v 0.977992 0.097251 -0.631989
v 0.852440 0.108149 -0.626164
v 0.977992 0.108149 -0.626164
v 0.852440 0.117701 -0.618325
v 0.977992 0.117701 -0.618325
v 0.852440 0.125540 -0.608774
v 0.977992 0.125540 -0.608774
v 0.852440 0.131365 -0.597876
v 0.977992 0.131365 -0.597876
v 0.852440 0.134952 -0.586052
v 0.977992 0.134952 -0.586052
v 0.852440 0.136163 -0.573754
v 0.977992 0.136163 -0.573754
v 0.852440 0.134952 -0.561457
v 0.977992 0.134952 -0.561457
v 0.852440 0.131365 -0.549633
v 0.977992 0.131365 -0.549633
v 0.852440 0.125540 -0.538735
v 0.977992 0.125540 -0.538735
v 0.852440 0.117701 -0.529183
v 0.977992 0.117701 -0.529183
v 0.852440 0.108149 -0.521344
v 0.977992 0.108149 -0.521344
v 0.852440 0.097251 -0.515519
v 0.977992 0.097251 -0.515519
v 0.852440 0.085427 -0.511932
v 0.977992 0.085427 -0.511932
vn -0.0000 -0.0980 -0.9952
vn -0.0000 -0.2903 -0.9569
vn -0.0000 -0.4714 -0.8819
vn -0.0000 -0.6344 -0.7730
vn -0.0000 -0.7730 -0.6344
vn -0.0000 -0.8819 -0.4714
vn -0.0000 -0.9569 -0.2903
vn -0.0000 -0.9952 -0.0980
vn -0.0000 -0.9952 0.0980
vn -0.0000 -0.9569 0.2903
vn -0.0000 -0.8819 0.4714
vn -0.0000 -0.7730 0.6344
vn -0.0000 -0.6344 0.7730
vn -0.0000 -0.4714 0.8819
vn -0.0000 -0.2903 0.9569
vn -0.0000 -0.0980 0.9952
vn -0.0000 0.0980 0.9952
vn -0.0000 0.2903 0.9569
vn -0.0000 0.4714 0.8819
vn -0.0000 0.6344 0.7730
vn -0.0000 0.7730 0.6344
vn -0.0000 0.8819 0.4714
vn -0.0000 0.9569 0.2903
vn -0.0000 0.9952 0.0980
vn -0.0000 0.9952 -0.0980
vn -0.0000 0.9569 -0.2903
vn -0.0000 0.8819 -0.4714
vn -0.0000 0.7730 -0.6344
vn -0.0000 0.6344 -0.7730
vn -0.0000 0.4714 -0.8819
vn 1.0000 -0.0000 -0.0000
vn -0.0000 0.2903 -0.9569
vn -0.0000 0.0980 -0.9952
vn -1.0000 -0.0000 -0.0000
vt 0.187500 0.937500
s 0
f 3251/14/345 3252/14/345 3254/14/345 3253/14/345
f 3253/14/346 3254/14/346 3256/14/346 3255/14/346
f 3255/14/347 3256/14/347 3258/14/347 3257/14/347
f 3257/14/348 3258/14/348 3260/14/348 3259/14/348
f 3259/14/349 3260/14/349 3262/14/349 3261/14/349
f 3261/14/350 3262/14/350 3264/14/350 3263/14/350
f 3263/14/351 3264/14/351 3266/14/351 3265/14/351
f 3265/14/352 3266/14/352 3268/14/352 3267/14/352
f 3267/14/353 3268/14/353 3270/14/353 3269/14/353
f 3269/14/354 3270/14/354 3272/14/354 3271/14/354
f 3271/14/355 3272/14/355 3274/14/355 3273/14/355
f 3273/14/356 3274/14/356 3276/14/356 3275/14/356
f 3275/14/357 3276/14/357 3278/14/357 3277/14/357
f 3277/14/358 3278/14/358 3280/14/358 3279/14/358
f 3279/14/359 3280/14/359 3282/14/359 3281/14/359
f 3281/14/360 3282/14/360 3284/14/360 3283/14/360
f 3283/14/361 3284/14/361 3286/14/361 3285/14/361
f 3285/14/362 3286/14/362 3288/14/362 3287/14/362
f 3287/14/363 3288/14/363 3290/14/363 3289/14/363
f 3289/14/364 3290/14/364 3292/14/364 3291/14/364
f 3291/14/365 3292/14/365 3294/14/365 3293/14/365
f 3293/14/366 3294/14/366 3296/14/366 3295/14/366
f 3295/14/367 3296/14/367 3298/14/367 3297/14/367
f 3297/14/368 3298/14/368 3300/14/368 3299/14/368
f 3299/14/369 3300/14/369 3302/14/369 3301/14/369
f 3301/14/370 3302/14/370 3304/14/370 3303/14/370
f 3303/14/371 3304/14/371 3306/14/371 3305/14/371
f 3305/14/372 3306/14/372 3308/14/372 3307/14/372
f 3307/14/373 3308/14/373 3310/14/373 3309/14/373
f 3309/14/374 3310/14/374 3312/14/374 3311/14/374
f 3254/14/375 3252/14/375 3314/14/375 3312/14/375 3310/14/375 3308/14/375 3306/14/375 3304/14/375 3302/14/375 3300/14/375 3298/14/375 3296/14/375 3294/14/375 3292/14/375 3290/14/375 3288/14/375 3286/14/375 3284/14/375 3282/14/375 3280/14/375 3278/14/375 3276/14/375 3274/14/375 3272/14/375 3270/14/375 3268/14/375 3266/14/375 3264/14/375 3262/14/375 3260/14/375 3258/14/375 3256/14/375
f 3311/14/376 3312/14/376 3314/14/376 3313/14/376
f 3313/14/377 3314/14/377 3252/14/377 3251/14/377
f 3251/14/378 3253/14/378 3255/14/378 3257/14/378 3259/14/378 3261/14/378 3263/14/378 3265/14/378 3267/14/378 3269/14/378 3271/14/378 3273/14/378 3275/14/378 3277/14/378 3279/14/378 3281/14/378 3283/14/378 3285/14/378 3287/14/378 3289/14/378 3291/14/378 3293/14/378 3295/14/378 3297/14/378 3299/14/378 3301/14/378 3303/14/378 3305/14/378 3307/14/378 3309/14/378 3311/14/378 3313/14/378
f 3315/14/360 3317/14/360 3318/14/360 3316/14/360
f 3317/14/359 3319/14/359 3320/14/359 3318/14/359
f 3319/14/358 3321/14/358 3322/14/358 3320/14/358
f 3321/14/357 3323/14/357 3324/14/357 3322/14/357
f 3323/14/356 3325/14/356 3326/14/356 3324/14/356
f 3325/14/355 3327/14/355 3328/14/355 3326/14/355
f 3327/14/354 3329/14/354 3330/14/354 3328/14/354
f 3329/14/353 3331/14/353 3332/14/353 3330/14/353
f 3331/14/352 3333/14/352 3334/14/352 3332/14/352
f 3333/14/351 3335/14/351 3336/14/351 3334/14/351
f 3335/14/350 3337/14/350 3338/14/350 3336/14/350
f 3337/14/349 3339/14/349 3340/14/349 3338/14/349
f 3339/14/348 3341/14/348 3342/14/348 3340/14/348
f 3341/14/347 3343/14/347 3344/14/347 3342/14/347
f 3343/14/346 3345/14/346 3346/14/346 3344/14/346
f 3345/14/345 3347/14/345 3348/14/345 3346/14/345
f 3347/14/377 3349/14/377 3350/14/377 3348/14/377
f 3349/14/376 3351/14/376 3352/14/376 3350/14/376
f 3351/14/374 3353/14/374 3354/14/374 3352/14/374
f 3353/14/373 3355/14/373 3356/14/373 3354/14/373
f 3355/14/372 3357/14/372 3358/14/372 3356/14/372
f 3357/14/371 3359/14/371 3360/14/371 3358/14/371
f 3359/14/370 3361/14/370 3362/14/370 3360/14/370
f 3361/14/369 3363/14/369 3364/14/369 3362/14/369
f 3363/14/368 3365/14/368 3366/14/368 3364/14/368
f 3365/14/367 3367/14/367 3368/14/367 3366/14/367
f 3367/14/366 3369/14/366 3370/14/366 3368/14/366
f 3369/14/365 3371/14/365 3372/14/365 3370/14/365
f 3371/14/364 3373/14/364 3374/14/364 3372/14/364
f 3373/14/363 3375/14/363 3376/14/363 3374/14/363
f 3318/14/375 3320/14/375 3322/14/375 3324/14/375 3326/14/375 3328/14/375 3330/14/375 3332/14/375 3334/14/375 3336/14/375 3338/14/375 3340/14/375 3342/14/375 3344/14/375 3346/14/375 3348/14/375 3350/14/375 3352/14/375 3354/14/375 3356/14/375 3358/14/375 3360/14/375 3362/14/375 3364/14/375 3366/14/375 3368/14/375 3370/14/375 3372/14/375 3374/14/375 3376/14/375 3378/14/375 3316/14/375
f 3375/14/362 3377/14/362 3378/14/362 3376/14/362
f 3377/14/361 3315/14/361 3316/14/361 3378/14/361
f 3315/14/378 3377/14/378 3375/14/378 3373/14/378 3371/14/378 3369/14/378 3367/14/378 3365/14/378 3363/14/378 3361/14/378 3359/14/378 3357/14/378 3355/14/378 3353/14/378 3351/14/378 3349/14/378 3347/14/378 3345/14/378 3343/14/378 3341/14/378 3339/14/378 3337/14/378 3335/14/378 3333/14/378 3331/14/378 3329/14/378 3327/14/378 3325/14/378 3323/14/378 3321/14/378 3319/14/378 3317/14/378
o Cube.058
v -0.916148 0.073130 0.805925
v -0.790595 0.073130 0.805925
v -0.916148 0.060833 0.807136
v -0.790595 0.060833 0.807136
v -0.916148 0.049008 0.810723
v -0.790595 0.049008 0.810723
v -0.916148 0.038110 0.816548
v -0.790595 0.038110 0.816548
v -0.916148 0.028559 0.824387
v -0.790595 0.028559 0.824387
v -0.916148 0.020720 0.833939
v -0.790595 0.020720 0.833939
v -0.916148 0.014895 0.844836
v -0.790595 0.014895 0.844836
v -0.916148 0.011308 0.856661
v -0.790595 0.011308 0.856661
v -0.916148 0.010097 0.868958
v -0.790595 0.010097 0.868958
v -0.916148 0.011308 0.881255
v -0.790595 0.011308 0.881255
v -0.916148 0.014895 0.893080
v -0.790595 0.014895 0.893080
v -0.916148 0.020720 0.903977
v -0.790595 0.020720 0.903977
v -0.916148 0.028559 0.913529
v -0.790595 0.028559 0.913529
v -0.916148 0.038110 0.921368
v -0.790595 0.038110 0.921368
v -0.916148 0.049008 0.927193
v -0.790595 0.049008 0.927193
v -0.916148 0.060833 0.930780
v -0.790595 0.060833 0.930780
v -0.916148 0.073130 0.931991
v -0.790595 0.073130 0.931991
v -0.916148 0.085427 0.930780
v -0.790595 0.085427 0.930780
v -0.916148 0.097251 0.927193
v -0.790595 0.097251 0.927193
v -0.916148 0.108149 0.921368
v -0.790595 0.108149 0.921368
v -0.916148 0.117701 0.913529
v -0.790595 0.117701 0.913529
v -0.916148 0.125540 0.903977
v -0.790595 0.125540 0.903977
v -0.916148 0.131365 0.893080
v -0.790595 0.131365 0.893080
v -0.916148 0.134952 0.881255
v -0.790595 0.134952 0.881255
v -0.916148 0.136163 0.868958
v -0.790595 0.136163 0.868958
v -0.916148 0.134952 0.856661
v -0.790595 0.134952 0.856661
v -0.916148 0.131365 0.844836
v -0.790595 0.131365 0.844836
v -0.916148 0.125540 0.833939
v -0.790595 0.125540 0.833939
v -0.916148 0.117701 0.824387
v -0.790595 0.117701 0.824387
v -0.916148 0.108149 0.816548
v -0.790595 0.108149 0.816548
v -0.916148 0.097251 0.810723
v -0.790595 0.097251 0.810723
v -0.916148 0.085427 0.807136
v -0.790595 0.085427 0.807136
v -0.916148 0.073130 -0.794513
v -0.790595 0.073130 -0.794513
v -0.916148 0.060833 -0.795724
v -0.790595 0.060833 -0.795724
v -0.916148 0.049008 -0.799311
v -0.790595 0.049008 -0.799311
v -0.916148 0.038110 -0.805136
v -0.790595 0.038110 -0.805136
v -0.916148 0.028559 -0.812975
v -0.790595 0.028559 -0.812975
v -0.916148 0.020720 -0.822526
v -0.790595 0.020720 -0.822526
v -0.916148 0.014895 -0.833424
v -0.790595 0.014895 -0.833424
v -0.916148 0.011308 -0.845249
v -0.790595 0.011308 -0.845249
v -0.916148 0.010097 -0.857546
v -0.790595 0.010097 -0.857546
v -0.916148 0.011308 -0.869843
v -0.790595 0.011308 -0.869843
v -0.916148 0.014895 -0.881667
v -0.790595 0.014895 -0.881667
v -0.916148 0.020720 -0.892565
v -0.790595 0.020720 -0.892565
v -0.916148 0.028559 -0.902117
v -0.790595 0.028559 -0.902117
v -0.916148 0.038110 -0.909956
v -0.790595 0.038110 -0.909956
v -0.916148 0.049008 -0.915781
v -0.790595 0.049008 -0.915781
v -0.916148 0.060833 -0.919368
v -0.790595 0.060833 -0.919368
v -0.916148 0.073130 -0.920579
v -0.790595 0.073130 -0.920579
v -0.916148 0.085427 -0.919368
v -0.790595 0.085427 -0.919368
v -0.916148 0.097251 -0.915781
v -0.790595 0.097251 -0.915781
v -0.916148 0.108149 -0.909956
v -0.790595 0.108149 -0.909956
v -0.916148 0.117701 -0.902117
v -0.790595 0.117701 -0.902117
v -0.916148 0.125540 -0.892565
v -0.790595 0.125540 -0.892565
v -0.916148 0.131365 -0.881667
v -0.790595 0.131365 -0.881667
v -0.916148 0.134952 -0.869843
v -0.790595 0.134952 -0.869843
v -0.916148 0.136163 -0.857546
v -0.790595 0.136163 -0.857546
v -0.916148 0.134952 -0.845249
v -0.790595 0.134952 -0.845249
v -0.916148 0.131365 -0.833424
v -0.790595 0.131365 -0.833424
v -0.916148 0.125540 -0.822526
v -0.790595 0.125540 -0.822526
v -0.916148 0.117701 -0.812975
v -0.790595 0.117701 -0.812975
v -0.916148 0.108149 -0.805136
v -0.790595 0.108149 -0.805136
v -0.916148 0.097251 -0.799311
v -0.790595 0.097251 -0.799311
v -0.916148 0.085427 -0.795724
v -0.790595 0.085427 -0.795724
vn -0.0000 -0.0980 -0.9952
vn -0.0000 -0.2903 -0.9569
vn -0.0000 -0.4714 -0.8819
vn -0.0000 -0.6344 -0.7730
vn -0.0000 -0.7730 -0.6344
vn -0.0000 -0.8819 -0.4714
vn -0.0000 -0.9569 -0.2903
vn -0.0000 -0.9952 -0.0980
vn -0.0000 -0.9952 0.0980
vn -0.0000 -0.9569 0.2903
vn -0.0000 -0.8819 0.4714
vn -0.0000 -0.7730 0.6344
vn -0.0000 -0.6344 0.7730
vn -0.0000 -0.4714 0.8819
vn -0.0000 -0.2903 0.9569
vn -0.0000 -0.0980 0.9952
vn -0.0000 0.0980 0.9952
vn -0.0000 0.2903 0.9569
vn -0.0000 0.4714 0.8819
vn -0.0000 0.6344 0.7730
vn -0.0000 0.7730 0.6344
vn -0.0000 0.8819 0.4714
vn -0.0000 0.9569 0.2903
vn -0.0000 0.9952 0.0980
vn -0.0000 0.9952 -0.0980
vn -0.0000 0.9569 -0.2903
vn -0.0000 0.8819 -0.4714
vn -0.0000 0.7730 -0.6344
vn -0.0000 0.6344 -0.7730
vn -0.0000 0.4714 -0.8819
vn 1.0000 -0.0000 -0.0000
vn -0.0000 0.2903 -0.9569
vn -0.0000 0.0980 -0.9952
vn -1.0000 -0.0000 -0.0000
vt 0.187500 0.937500
s 0
f 3379/15/379 3380/15/379 3382/15/379 3381/15/379
f 3381/15/380 3382/15/380 3384/15/380 3383/15/380
f 3383/15/381 3384/15/381 3386/15/381 3385/15/381
f 3385/15/382 3386/15/382 3388/15/382 3387/15/382
f 3387/15/383 3388/15/383 3390/15/383 3389/15/383
f 3389/15/384 3390/15/384 3392/15/384 3391/15/384
f 3391/15/385 3392/15/385 3394/15/385 3393/15/385
f 3393/15/386 3394/15/386 3396/15/386 3395/15/386
f 3395/15/387 3396/15/387 3398/15/387 3397/15/387
f 3397/15/388 3398/15/388 3400/15/388 3399/15/388
f 3399/15/389 3400/15/389 3402/15/389 3401/15/389
f 3401/15/390 3402/15/390 3404/15/390 3403/15/390
f 3403/15/391 3404/15/391 3406/15/391 3405/15/391
f 3405/15/392 3406/15/392 3408/15/392 3407/15/392
f 3407/15/393 3408/15/393 3410/15/393 3409/15/393
f 3409/15/394 3410/15/394 3412/15/394 3411/15/394
f 3411/15/395 3412/15/395 3414/15/395 3413/15/395
f 3413/15/396 3414/15/396 3416/15/396 3415/15/396
f 3415/15/397 3416/15/397 3418/15/397 3417/15/397
f 3417/15/398 3418/15/398 3420/15/398 3419/15/398
f 3419/15/399 3420/15/399 3422/15/399 3421/15/399
f 3421/15/400 3422/15/400 3424/15/400 3423/15/400
f 3423/15/401 3424/15/401 3426/15/401 3425/15/401
f 3425/15/402 3426/15/402 3428/15/402 3427/15/402
f 3427/15/403 3428/15/403 3430/15/403 3429/15/403
f 3429/15/404 3430/15/404 3432/15/404 3431/15/404
f 3431/15/405 3432/15/405 3434/15/405 3433/15/405
f 3433/15/406 3434/15/406 3436/15/406 3435/15/406
f 3435/15/407 3436/15/407 3438/15/407 3437/15/407
f 3437/15/408 3438/15/408 3440/15/408 3439/15/408
f 3382/15/409 3380/15/409 3442/15/409 3440/15/409 3438/15/409 3436/15/409 3434/15/409 3432/15/409 3430/15/409 3428/15/409 3426/15/409 3424/15/409 3422/15/409 3420/15/409 3418/15/409 3416/15/409 3414/15/409 3412/15/409 3410/15/409 3408/15/409 3406/15/409 3404/15/409 3402/15/409 3400/15/409 3398/15/409 3396/15/409 3394/15/409 3392/15/409 3390/15/409 3388/15/409 3386/15/409 3384/15/409
f 3439/15/410 3440/15/410 3442/15/410 3441/15/410
f 3441/15/411 3442/15/411 3380/15/411 3379/15/411
f 3379/15/412 3381/15/412 3383/15/412 3385/15/412 3387/15/412 3389/15/412 3391/15/412 3393/15/412 3395/15/412 3397/15/412 3399/15/412 3401/15/412 3403/15/412 3405/15/412 3407/15/412 3409/15/412 3411/15/412 3413/15/412 3415/15/412 3417/15/412 3419/15/412 3421/15/412 3423/15/412 3425/15/412 3427/15/412 3429/15/412 3431/15/412 3433/15/412 3435/15/412 3437/15/412 3439/15/412 3441/15/412
f 3443/15/394 3445/15/394 3446/15/394 3444/15/394
f 3445/15/393 3447/15/393 3448/15/393 3446/15/393
f 3447/15/392 3449/15/392 3450/15/392 3448/15/392
f 3449/15/391 3451/15/391 3452/15/391 3450/15/391
f 3451/15/390 3453/15/390 3454/15/390 3452/15/390
f 3453/15/389 3455/15/389 3456/15/389 3454/15/389
f 3455/15/388 3457/15/388 3458/15/388 3456/15/388
f 3457/15/387 3459/15/387 3460/15/387 3458/15/387
f 3459/15/386 3461/15/386 3462/15/386 3460/15/386
f 3461/15/385 3463/15/385 3464/15/385 3462/15/385
f 3463/15/384 3465/15/384 3466/15/384 3464/15/384
f 3465/15/383 3467/15/383 3468/15/383 3466/15/383
f 3467/15/382 3469/15/382 3470/15/382 3468/15/382
f 3469/15/381 3471/15/381 3472/15/381 3470/15/381
f 3471/15/380 3473/15/380 3474/15/380 3472/15/380
f 3473/15/379 3475/15/379 3476/15/379 3474/15/379
f 3475/15/411 3477/15/411 3478/15/411 3476/15/411
f 3477/15/410 3479/15/410 3480/15/410 3478/15/410
f 3479/15/408 3481/15/408 3482/15/408 3480/15/408
f 3481/15/407 3483/15/407 3484/15/407 3482/15/407
f 3483/15/406 3485/15/406 3486/15/406 3484/15/406
f 3485/15/405 3487/15/405 3488/15/405 3486/15/405
f 3487/15/404 3489/15/404 3490/15/404 3488/15/404
f 3489/15/403 3491/15/403 3492/15/403 3490/15/403
f 3491/15/402 3493/15/402 3494/15/402 3492/15/402
f 3493/15/401 3495/15/401 3496/15/401 3494/15/401
f 3495/15/400 3497/15/400 3498/15/400 3496/15/400
f 3497/15/399 3499/15/399 3500/15/399 3498/15/399
f 3499/15/398 3501/15/398 3502/15/398 3500/15/398
f 3501/15/397 3503/15/397 3504/15/397 3502/15/397
f 3446/15/409 3448/15/409 3450/15/409 3452/15/409 3454/15/409 3456/15/409 3458/15/409 3460/15/409 3462/15/409 3464/15/409 3466/15/409 3468/15/409 3470/15/409 3472/15/409 3474/15/409 3476/15/409 3478/15/409 3480/15/409 3482/15/409 3484/15/409 3486/15/409 3488/15/409 3490/15/409 3492/15/409 3494/15/409 3496/15/409 3498/15/409 3500/15/409 3502/15/409 3504/15/409 3506/15/409 3444/15/409
f 3503/15/396 3505/15/396 3506/15/396 3504/15/396
f 3505/15/395 3443/15/395 3444/15/395 3506/15/395
f 3443/15/412 3505/15/412 3503/15/412 3501/15/412 3499/15/412 3497/15/412 3495/15/412 3493/15/412 3491/15/412 3489/15/412 3487/15/412 3485/15/412 3483/15/412 3481/15/412 3479/15/412 3477/15/412 3475/15/412 3473/15/412 3471/15/412 3469/15/412 3467/15/412 3465/15/412 3463/15/412 3461/15/412 3459/15/412 3457/15/412 3455/15/412 3453/15/412 3451/15/412 3449/15/412 3447/15/412 3445/15/412
o Cube.059
v -0.916148 0.073130 0.522134
v -0.790595 0.073130 0.522134
v -0.916148 0.060833 0.523345
v -0.790595 0.060833 0.523345
v -0.916148 0.049008 0.526932
v -0.790595 0.049008 0.526932
v -0.916148 0.038110 0.532757
v -0.790595 0.038110 0.532757
v -0.916148 0.028559 0.540595
v -0.790595 0.028559 0.540595
v -0.916148 0.020720 0.550147
v -0.790595 0.020720 0.550147
v -0.916148 0.014895 0.561045
v -0.790595 0.014895 0.561045
v -0.916148 0.011308 0.572869
v -0.790595 0.011308 0.572869
v -0.916148 0.010097 0.585167
v -0.790595 0.010097 0.585167
v -0.916148 0.011308 0.597464
v -0.790595 0.011308 0.597464
v -0.916148 0.014895 0.609288
v -0.790595 0.014895 0.609288
v -0.916148 0.020720 0.620186
v -0.790595 0.020720 0.620186
v -0.916148 0.028559 0.629738
v -0.790595 0.028559 0.629738
v -0.916148 0.038110 0.637577
v -0.790595 0.038110 0.637577
v -0.916148 0.049008 0.643402
v -0.790595 0.049008 0.643402
v -0.916148 0.060833 0.646988
v -0.790595 0.060833 0.646988
v -0.916148 0.073130 0.648200
v -0.790595 0.073130 0.648200
v -0.916148 0.085427 0.646988
v -0.790595 0.085427 0.646988
v -0.916148 0.097251 0.643402
v -0.790595 0.097251 0.643402
v -0.916148 0.108149 0.637577
v -0.790595 0.108149 0.637577
v -0.916148 0.117701 0.629738
v -0.790595 0.117701 0.629738
v -0.916148 0.125540 0.620186
v -0.790595 0.125540 0.620186
v -0.916148 0.131365 0.609288
v -0.790595 0.131365 0.609288
v -0.916148 0.134952 0.597464
v -0.790595 0.134952 0.597464
v -0.916148 0.136163 0.585167
v -0.790595 0.136163 0.585167
v -0.916148 0.134952 0.572869
v -0.790595 0.134952 0.572869
v -0.916148 0.131365 0.561045
v -0.790595 0.131365 0.561045
v -0.916148 0.125540 0.550147
v -0.790595 0.125540 0.550147
v -0.916148 0.117701 0.540595
v -0.790595 0.117701 0.540595
v -0.916148 0.108149 0.532757
v -0.790595 0.108149 0.532757
v -0.916148 0.097251 0.526932
v -0.790595 0.097251 0.526932
v -0.916148 0.085427 0.523345
v -0.790595 0.085427 0.523345
v -0.916148 0.073130 -0.510721
v -0.790595 0.073130 -0.510721
v -0.916148 0.060833 -0.511932
v -0.790595 0.060833 -0.511932
v -0.916148 0.049008 -0.515519
v -0.790595 0.049008 -0.515519
v -0.916148 0.038110 -0.521344
v -0.790595 0.038110 -0.521344
v -0.916148 0.028559 -0.529183
v -0.790595 0.028559 -0.529183
v -0.916148 0.020720 -0.538735
v -0.790595 0.020720 -0.538735
v -0.916148 0.014895 -0.549633
v -0.790595 0.014895 -0.549633
v -0.916148 0.011308 -0.561457
v -0.790595 0.011308 -0.561457
v -0.916148 0.010097 -0.573754
v -0.790595 0.010097 -0.573754
v -0.916148 0.011308 -0.586052
v -0.790595 0.011308 -0.586052
v -0.916148 0.014895 -0.597876
v -0.790595 0.014895 -0.597876
v -0.916148 0.020720 -0.608774
v -0.790595 0.020720 -0.608774
v -0.916148 0.028559 -0.618325
v -0.790595 0.028559 -0.618325
v -0.916148 0.038110 -0.626164
v -0.790595 0.038110 -0.626164
v -0.916148 0.049008 -0.631989
v -0.790595 0.049008 -0.631989
v -0.916148 0.060833 -0.635576
v -0.790595 0.060833 -0.635576
v -0.916148 0.073130 -0.636787
v -0.790595 0.073130 -0.636787
v -0.916148 0.085427 -0.635576
v -0.790595 0.085427 -0.635576
v -0.916148 0.097251 -0.631989
v -0.790595 0.097251 -0.631989
v -0.916148 0.108149 -0.626164
v -0.790595 0.108149 -0.626164
v -0.916148 0.117701 -0.618325
v -0.790595 0.117701 -0.618325
v -0.916148 0.125540 -0.608774
v -0.790595 0.125540 -0.608774
v -0.916148 0.131365 -0.597876
v -0.790595 0.131365 -0.597876
v -0.916148 0.134952 -0.586052
v -0.790595 0.134952 -0.586052
v -0.916148 0.136163 -0.573754
v -0.790595 0.136163 -0.573754
v -0.916148 0.134952 -0.561457
v -0.790595 0.134952 -0.561457
v -0.916148 0.131365 -0.549633
v -0.790595 0.131365 -0.549633
v -0.916148 0.125540 -0.538735
v -0.790595 0.125540 -0.538735
v -0.916148 0.117701 -0.529183
v -0.790595 0.117701 -0.529183
v -0.916148 0.108149 -0.521344
v -0.790595 0.108149 -0.521344
v -0.916148 0.097251 -0.515519
v -0.790595 0.097251 -0.515519
v -0.916148 0.085427 -0.511932
v -0.790595 0.085427 -0.511932
vn -0.0000 -0.0980 -0.9952
vn -0.0000 -0.2903 -0.9569
vn -0.0000 -0.4714 -0.8819
vn -0.0000 -0.6344 -0.7730
vn -0.0000 -0.7730 -0.6344
vn -0.0000 -0.8819 -0.4714
vn -0.0000 -0.9569 -0.2903
vn -0.0000 -0.9952 -0.0980
vn -0.0000 -0.9952 0.0980
vn -0.0000 -0.9569 0.2903
vn -0.0000 -0.8819 0.4714
vn -0.0000 -0.7730 0.6344
vn -0.0000 -0.6344 0.7730
vn -0.0000 -0.4714 0.8819
vn -0.0000 -0.2903 0.9569
vn -0.0000 -0.0980 0.9952
vn -0.0000 0.0980 0.9952
vn -0.0000 0.2903 0.9569
vn -0.0000 0.4714 0.8819
vn -0.0000 0.6344 0.7730
vn -0.0000 0.7730 0.6344
vn -0.0000 0.8819 0.4714
vn -0.0000 0.9569 0.2903
vn -0.0000 0.9952 0.0980
vn -0.0000 0.9952 -0.0980
vn -0.0000 0.9569 -0.2903
vn -0.0000 0.8819 -0.4714
vn -0.0000 0.7730 -0.6344
vn -0.0000 0.6344 -0.7730
vn -0.0000 0.4714 -0.8819
vn 1.0000 -0.0000 -0.0000
vn -0.0000 0.2903 -0.9569
vn -0.0000 0.0980 -0.9952
vn -1.0000 -0.0000 -0.0000
vt 0.187500 0.937500
s 0
f 3507/16/413 3508/16/413 3510/16/413 3509/16/413
f 3509/16/414 3510/16/414 3512/16/414 3511/16/414
f 3511/16/415 3512/16/415 3514/16/415 3513/16/415
f 3513/16/416 3514/16/416 3516/16/416 3515/16/416
f 3515/16/417 3516/16/417 3518/16/417 3517/16/417
f 3517/16/418 3518/16/418 3520/16/418 3519/16/418
f 3519/16/419 3520/16/419 3522/16/419 3521/16/419
f 3521/16/420 3522/16/420 3524/16/420 3523/16/420
f 3523/16/421 3524/16/421 3526/16/421 3525/16/421
f 3525/16/422 3526/16/422 3528/16/422 3527/16/422
f 3527/16/423 3528/16/423 3530/16/423 3529/16/423
f 3529/16/424 3530/16/424 3532/16/424 3531/16/424
f 3531/16/425 3532/16/425 3534/16/425 3533/16/425
f 3533/16/426 3534/16/426 3536/16/426 3535/16/426
f 3535/16/427 3536/16/427 3538/16/427 3537/16/427
f 3537/16/428 3538/16/428 3540/16/428 3539/16/428
f 3539/16/429 3540/16/429 3542/16/429 3541/16/429
f 3541/16/430 3542/16/430 3544/16/430 3543/16/430
f 3543/16/431 3544/16/431 3546/16/431 3545/16/431
f 3545/16/432 3546/16/432 3548/16/432 3547/16/432
f 3547/16/433 3548/16/433 3550/16/433 3549/16/433
f 3549/16/434 3550/16/434 3552/16/434 3551/16/434
f 3551/16/435 3552/16/435 3554/16/435 3553/16/435
f 3553/16/436 3554/16/436 3556/16/436 3555/16/436
f 3555/16/437 3556/16/437 3558/16/437 3557/16/437
f 3557/16/438 3558/16/438 3560/16/438 3559/16/438
f 3559/16/439 3560/16/439 3562/16/439 3561/16/439
f 3561/16/440 3562/16/440 3564/16/440 3563/16/440
f 3563/16/441 3564/16/441 3566/16/441 3565/16/441
f 3565/16/442 3566/16/442 3568/16/442 3567/16/442
f 3510/16/443 3508/16/443 3570/16/443 3568/16/443 3566/16/443 3564/16/443 3562/16/443 3560/16/443 3558/16/443 3556/16/443 3554/16/443 3552/16/443 3550/16/443 3548/16/443 3546/16/443 3544/16/443 3542/16/443 3540/16/443 3538/16/443 3536/16/443 3534/16/443 3532/16/443 3530/16/443 3528/16/443 3526/16/443 3524/16/443 3522/16/443 3520/16/443 3518/16/443 3516/16/443 3514/16/443 3512/16/443
f 3567/16/444 3568/16/444 3570/16/444 3569/16/444
f 3569/16/445 3570/16/445 3508/16/445 3507/16/445
f 3507/16/446 3509/16/446 3511/16/446 3513/16/446 3515/16/446 3517/16/446 3519/16/446 3521/16/446 3523/16/446 3525/16/446 3527/16/446 3529/16/446 3531/16/446 3533/16/446 3535/16/446 3537/16/446 3539/16/446 3541/16/446 3543/16/446 3545/16/446 3547/16/446 3549/16/446 3551/16/446 3553/16/446 3555/16/446 3557/16/446 3559/16/446 3561/16/446 3563/16/446 3565/16/446 3567/16/446 3569/16/446
f 3571/16/428 3573/16/428 3574/16/428 3572/16/428
f 3573/16/427 3575/16/427 3576/16/427 3574/16/427
f 3575/16/426 3577/16/426 3578/16/426 3576/16/426
f 3577/16/425 3579/16/425 3580/16/425 3578/16/425
f 3579/16/424 3581/16/424 3582/16/424 3580/16/424
f 3581/16/423 3583/16/423 3584/16/423 3582/16/423
f 3583/16/422 3585/16/422 3586/16/422 3584/16/422
f 3585/16/421 3587/16/421 3588/16/421 3586/16/421
f 3587/16/420 3589/16/420 3590/16/420 3588/16/420
f 3589/16/419 3591/16/419 3592/16/419 3590/16/419
f 3591/16/418 3593/16/418 3594/16/418 3592/16/418
f 3593/16/417 3595/16/417 3596/16/417 3594/16/417
f 3595/16/416 3597/16/416 3598/16/416 3596/16/416
f 3597/16/415 3599/16/415 3600/16/415 3598/16/415
f 3599/16/414 3601/16/414 3602/16/414 3600/16/414
f 3601/16/413 3603/16/413 3604/16/413 3602/16/413
f 3603/16/445 3605/16/445 3606/16/445 3604/16/445
f 3605/16/444 3607/16/444 3608/16/444 3606/16/444
f 3607/16/442 3609/16/442 3610/16/442 3608/16/442
f 3609/16/441 3611/16/441 3612/16/441 3610/16/441
f 3611/16/440 3613/16/440 3614/16/440 3612/16/440
f 3613/16/439 3615/16/439 3616/16/439 3614/16/439
f 3615/16/438 3617/16/438 3618/16/438 3616/16/438
f 3617/16/437 3619/16/437 3620/16/437 3618/16/437
f 3619/16/436 3621/16/436 3622/16/436 3620/16/436
f 3621/16/435 3623/16/435 3624/16/435 3622/16/435
f 3623/16/434 3625/16/434 3626/16/434 3624/16/434
f 3625/16/433 3627/16/433 3628/16/433 3626/16/433
f 3627/16/432 3629/16/432 3630/16/432 3628/16/432
f 3629/16/431 3631/16/431 3632/16/431 3630/16/431
f 3574/16/443 3576/16/443 3578/16/443 3580/16/443 3582/16/443 3584/16/443 3586/16/443 3588/16/443 3590/16/443 3592/16/443 3594/16/443 3596/16/443 3598/16/443 3600/16/443 3602/16/443 3604/16/443 3606/16/443 3608/16/443 3610/16/443 3612/16/443 3614/16/443 3616/16/443 3618/16/443 3620/16/443 3622/16/443 3624/16/443 3626/16/443 3628/16/443 3630/16/443 3632/16/443 3634/16/443 3572/16/443
f 3631/16/430 3633/16/430 3634/16/430 3632/16/430
f 3633/16/429 3571/16/429 3572/16/429 3634/16/429
f 3571/16/446 3633/16/446 3631/16/446 3629/16/446 3627/16/446 3625/16/446 3623/16/446 3621/16/446 3619/16/446 3617/16/446 3615/16/446 3613/16/446 3611/16/446 3609/16/446 3607/16/446 3605/16/446 3603/16/446 3601/16/446 3599/16/446 3597/16/446 3595/16/446 3593/16/446 3591/16/446 3589/16/446 3587/16/446 3585/16/446 3583/16/446 3581/16/446 3579/16/446 3577/16/446 3575/16/446 3573/16/446
