# Blender 5.0.1
# www.blender.org
o Cube.003
v -1.000000 0.000000 1.000000
v -1.000000 0.431534 1.000000
v -1.000000 0.000000 -1.000000
v -1.000000 0.431534 -1.000000
v 1.000000 0.000000 1.000000
v 1.000000 0.431534 1.000000
v 1.000000 0.000000 -1.000000
v 1.000000 0.431534 -1.000000
v 0.782718 0.589526 -0.813756
v 0.783536 0.589526 -0.814537
v 0.780779 0.589526 -0.826602
v 0.778721 0.589526 -0.837870
v 0.777345 0.589526 -0.848361
v 0.776634 0.589526 -0.858096
v 0.776573 0.589526 -0.867093
v 0.777145 0.589526 -0.875373
v 0.778334 0.589526 -0.882956
v 0.780124 0.589526 -0.889861
v 0.782499 0.589526 -0.896108
v 0.785442 0.589526 -0.901717
v 0.788938 0.589526 -0.906708
v 0.792969 0.589526 -0.911101
v 0.796772 0.589526 -0.914455
v 0.800827 0.589526 -0.917492
v 0.805141 0.589526 -0.920217
v 0.809722 0.589526 -0.922637
v 0.814580 0.589526 -0.924755
v 0.819722 0.589526 -0.926578
v 0.825158 0.589526 -0.928112
v 0.830896 0.589526 -0.929360
v 0.836944 0.589526 -0.930329
v 0.843310 0.589526 -0.931024
v 0.850003 0.589526 -0.931451
v 0.857032 0.589526 -0.931614
v 0.867877 0.589526 -0.881772
v 0.862582 0.589526 -0.881664
v 0.857327 0.589526 -0.881306
v 0.852155 0.589526 -0.880711
v 0.847111 0.589526 -0.879898
v 0.842240 0.589526 -0.878880
v 0.837587 0.589526 -0.877674
v 0.833197 0.589526 -0.876295
v 0.829114 0.589526 -0.874760
v 0.825383 0.589526 -0.873083
v 0.822049 0.589526 -0.871279
v 0.819158 0.589526 -0.869366
v 0.816752 0.589526 -0.867358
v 0.811121 0.589526 -0.861008
v 0.806692 0.589526 -0.853942
v 0.803454 0.589526 -0.846270
v 0.801396 0.589526 -0.838104
v 0.800508 0.589526 -0.829556
v 0.800776 0.589526 -0.820737
v 0.802191 0.589526 -0.811757
v 0.804740 0.589526 -0.802730
v 0.808413 0.589526 -0.793765
v 0.813198 0.589526 -0.784974
v 0.819084 0.589526 -0.776469
v 0.826059 0.589526 -0.768361
v 0.917818 0.589526 -0.672255
v 0.881420 0.589526 -0.637504
v 0.706103 0.589526 -0.821128
v 0.742500 0.589526 -0.855879
v 0.817128 0.589526 -0.603791
v 0.814736 0.589526 -0.595392
v 0.812034 0.589526 -0.587307
v 0.808980 0.589526 -0.579488
v 0.805531 0.589526 -0.571889
v 0.801644 0.589526 -0.564464
v 0.797278 0.589526 -0.557167
v 0.792388 0.589526 -0.549951
v 0.786932 0.589526 -0.542771
v 0.780868 0.589526 -0.535580
v 0.774153 0.589526 -0.528332
v 0.766744 0.589526 -0.520980
v 0.752051 0.589526 -0.508776
v 0.736710 0.589526 -0.499413
v 0.720887 0.589526 -0.492759
v 0.704749 0.589526 -0.488688
v 0.688462 0.589526 -0.487069
v 0.672193 0.589526 -0.487775
v 0.656108 0.589526 -0.490675
v 0.640374 0.589526 -0.495643
v 0.625156 0.589526 -0.502548
v 0.610622 0.589526 -0.511262
v 0.596938 0.589526 -0.521656
v 0.584270 0.589526 -0.533601
v 0.572085 0.589526 -0.547808
v 0.562077 0.589526 -0.562532
v 0.554245 0.589526 -0.577638
v 0.548585 0.589526 -0.592994
v 0.545094 0.589526 -0.608466
v 0.543768 0.589526 -0.623922
v 0.544606 0.589526 -0.639228
v 0.547603 0.589526 -0.654250
v 0.552757 0.589526 -0.668856
v 0.560064 0.589526 -0.682912
v 0.569522 0.589526 -0.696285
v 0.581127 0.589526 -0.708841
v 0.593579 0.589526 -0.719409
v 0.606575 0.589526 -0.727847
v 0.620073 0.589526 -0.734104
v 0.634032 0.589526 -0.738130
v 0.648410 0.589526 -0.739874
v 0.663166 0.589526 -0.739287
v 0.678259 0.589526 -0.736317
v 0.693647 0.589526 -0.730914
v 0.709288 0.589526 -0.723029
v 0.725141 0.589526 -0.712609
v 0.741165 0.589526 -0.699606
v 0.757318 0.589526 -0.683968
v 0.628087 0.589526 -0.560582
v 0.638170 0.589526 -0.553517
v 0.648177 0.589526 -0.547788
v 0.658102 0.589526 -0.543397
v 0.667937 0.589526 -0.540345
v 0.677675 0.589526 -0.538634
v 0.687309 0.589526 -0.538265
v 0.696833 0.589526 -0.539241
v 0.706239 0.589526 -0.541562
v 0.715521 0.589526 -0.545230
v 0.724672 0.589526 -0.550246
v 0.733685 0.589526 -0.556613
v 0.742552 0.589526 -0.564332
v 0.747887 0.589526 -0.569749
v 0.752859 0.589526 -0.575454
v 0.757483 0.589526 -0.581446
v 0.761771 0.589526 -0.587720
v 0.765739 0.589526 -0.594273
v 0.769398 0.589526 -0.601104
v 0.772764 0.589526 -0.608207
v 0.775851 0.589526 -0.615581
v 0.778671 0.589526 -0.623222
v 0.781239 0.589526 -0.631128
v 0.783569 0.589526 -0.639294
v 0.785674 0.589526 -0.647718
v 0.819254 0.589526 -0.612548
v 0.691252 0.589526 -0.679888
v 0.684045 0.589526 -0.685019
v 0.676715 0.589526 -0.689120
v 0.669303 0.589526 -0.692181
v 0.661849 0.589526 -0.694194
v 0.654396 0.589526 -0.695148
v 0.646986 0.589526 -0.695035
v 0.639658 0.589526 -0.693845
v 0.632455 0.589526 -0.691569
v 0.625419 0.589526 -0.688198
v 0.618590 0.589526 -0.683722
v 0.612010 0.589526 -0.678132
v 0.605612 0.589526 -0.671376
v 0.600315 0.589526 -0.664392
v 0.596110 0.589526 -0.657198
v 0.592988 0.589526 -0.649807
v 0.590939 0.589526 -0.642237
v 0.589954 0.589526 -0.634501
v 0.590024 0.589526 -0.626616
v 0.591140 0.589526 -0.618597
v 0.593291 0.589526 -0.610459
v 0.596469 0.589526 -0.602219
v 0.600664 0.589526 -0.593891
v 0.605867 0.589526 -0.585492
v 0.698293 0.589526 -0.673736
v 0.250246 0.589526 -0.339769
v 0.250628 0.589526 -0.348734
v 0.251350 0.589526 -0.357247
v 0.252412 0.589526 -0.365314
v 0.253813 0.589526 -0.372939
v 0.255554 0.589526 -0.380129
v 0.257635 0.589526 -0.386889
v 0.260056 0.589526 -0.393224
v 0.262818 0.589526 -0.399141
v 0.265920 0.589526 -0.404644
v 0.269362 0.589526 -0.409739
v 0.273145 0.589526 -0.414432
v 0.277268 0.589526 -0.418728
v 0.283236 0.589526 -0.423972
v 0.289475 0.589526 -0.428570
v 0.295972 0.589526 -0.432518
v 0.302711 0.589526 -0.435810
v 0.309679 0.589526 -0.438442
v 0.316863 0.589526 -0.440408
v 0.324247 0.589526 -0.441703
v 0.331819 0.589526 -0.442321
v 0.339564 0.589526 -0.442257
v 0.347468 0.589526 -0.441507
v 0.355517 0.589526 -0.440064
v 0.363697 0.589526 -0.437925
v 0.363523 0.589526 -0.446231
v 0.363653 0.589526 -0.454517
v 0.364140 0.589526 -0.462754
v 0.365038 0.589526 -0.470910
v 0.366399 0.589526 -0.478955
v 0.368279 0.589526 -0.486859
v 0.370728 0.589526 -0.494592
v 0.373803 0.589526 -0.502123
v 0.377555 0.589526 -0.509422
v 0.382039 0.589526 -0.516458
v 0.387307 0.589526 -0.523200
v 0.393413 0.589526 -0.529620
v 0.402992 0.589526 -0.537640
v 0.413065 0.589526 -0.543945
v 0.423552 0.589526 -0.548550
v 0.434371 0.589526 -0.551468
v 0.445439 0.589526 -0.552713
v 0.456677 0.589526 -0.552301
v 0.468001 0.589526 -0.550246
v 0.479330 0.589526 -0.546561
v 0.490584 0.589526 -0.541262
v 0.501679 0.589526 -0.534363
v 0.512535 0.589526 -0.525878
v 0.523070 0.589526 -0.515821
v 0.633180 0.589526 -0.400494
v 0.596783 0.589526 -0.365743
v 0.488234 0.589526 -0.479434
v 0.481500 0.589526 -0.485787
v 0.474609 0.589526 -0.490964
v 0.467617 0.589526 -0.495002
v 0.460579 0.589526 -0.497937
v 0.453549 0.589526 -0.499806
v 0.446583 0.589526 -0.500644
v 0.439735 0.589526 -0.500488
v 0.433062 0.589526 -0.499374
v 0.426616 0.589526 -0.497338
v 0.420455 0.589526 -0.494417
v 0.414632 0.589526 -0.490646
v 0.409202 0.589526 -0.486062
v 0.406266 0.589526 -0.483039
v 0.403582 0.589526 -0.479458
v 0.401150 0.589526 -0.475369
v 0.398970 0.589526 -0.470820
v 0.397041 0.589526 -0.465860
v 0.395364 0.589526 -0.460537
v 0.393938 0.589526 -0.454900
v 0.392762 0.589526 -0.448998
v 0.391837 0.589526 -0.442878
v 0.391163 0.589526 -0.436591
v 0.390738 0.589526 -0.430184
v 0.390563 0.589526 -0.423705
v 0.517853 0.589526 -0.290384
v 0.481455 0.589526 -0.255633
v 0.372517 0.589526 -0.369733
v 0.365422 0.589526 -0.376547
v 0.358407 0.589526 -0.382100
v 0.351501 0.589526 -0.386448
v 0.344731 0.589526 -0.389647
v 0.338124 0.589526 -0.391753
v 0.331709 0.589526 -0.392823
v 0.325512 0.589526 -0.392914
v 0.319562 0.589526 -0.392080
v 0.313887 0.589526 -0.390380
v 0.308513 0.589526 -0.387869
v 0.303469 0.589526 -0.384602
v 0.298783 0.589526 -0.380638
v 0.294422 0.589526 -0.376239
v 0.290533 0.589526 -0.371795
v 0.287106 0.589526 -0.367254
v 0.284130 0.589526 -0.362565
v 0.281593 0.589526 -0.357677
v 0.279486 0.589526 -0.352539
v 0.277796 0.589526 -0.347100
v 0.276513 0.589526 -0.341308
v 0.275627 0.589526 -0.335113
v 0.275126 0.589526 -0.328463
v 0.274999 0.589526 -0.321308
v 0.275235 0.589526 -0.313595
v 0.402526 0.589526 -0.180274
v 0.366128 0.589526 -0.145522
v 0.190811 0.589526 -0.329146
v 0.227208 0.589526 -0.363897
v 0.257581 0.589526 -0.086446
v 0.257464 0.589526 -0.078750
v 0.256879 0.589526 -0.071096
v 0.255845 0.589526 -0.063534
v 0.254376 0.589526 -0.056111
v 0.252489 0.589526 -0.048875
v 0.250201 0.589526 -0.041875
v 0.247527 0.589526 -0.035159
v 0.244485 0.589526 -0.028774
v 0.241091 0.589526 -0.022771
v 0.237361 0.589526 -0.017195
v 0.233312 0.589526 -0.012097
v 0.228959 0.589526 -0.007523
v 0.219369 0.589526 0.000582
v 0.209256 0.589526 0.007113
v 0.198693 0.589526 0.012042
v 0.187756 0.589526 0.015341
v 0.176519 0.589526 0.016984
v 0.165055 0.589526 0.016943
v 0.153439 0.589526 0.015191
v 0.141746 0.589526 0.011699
v 0.130048 0.589526 0.006441
v 0.118422 0.589526 -0.000611
v 0.106940 0.589526 -0.009484
v 0.095678 0.589526 -0.020206
v -0.013261 0.589526 -0.134306
v 0.023136 0.589526 -0.169057
v 0.134418 0.589526 -0.052503
v 0.140610 0.589526 -0.046546
v 0.146877 0.589526 -0.041565
v 0.153206 0.589526 -0.037571
v 0.159584 0.589526 -0.034576
v 0.165995 0.589526 -0.032591
v 0.172428 0.589526 -0.031627
v 0.178868 0.589526 -0.031696
v 0.185301 0.589526 -0.032810
v 0.191714 0.589526 -0.034980
v 0.198094 0.589526 -0.038217
v 0.204427 0.589526 -0.042532
v 0.210698 0.589526 -0.047938
v 0.214591 0.589526 -0.052012
v 0.218086 0.589526 -0.056414
v 0.221177 0.589526 -0.061131
v 0.223858 0.589526 -0.066149
v 0.226124 0.589526 -0.071454
v 0.227969 0.589526 -0.077033
v 0.229386 0.589526 -0.082872
v 0.230370 0.589526 -0.088957
v 0.230915 0.589526 -0.095274
v 0.231016 0.589526 -0.101810
v 0.230665 0.589526 -0.108550
v 0.229858 0.589526 -0.115482
v 0.104520 0.589526 -0.246759
v 0.140917 0.589526 -0.281510
v 0.316235 0.589526 -0.097886
v 0.279837 0.589526 -0.063135
v -0.025604 0.589526 -0.037980
v -0.033386 0.589526 -0.036086
v -0.040791 0.589526 -0.033962
v -0.047809 0.589526 -0.031628
v -0.054431 0.589526 -0.029108
v -0.060649 0.589526 -0.026423
v -0.066454 0.589526 -0.023595
v -0.071837 0.589526 -0.020646
v -0.076788 0.589526 -0.017598
v -0.081300 0.589526 -0.014473
v -0.085363 0.589526 -0.011294
v -0.088969 0.589526 -0.008082
v -0.092400 0.589526 -0.004533
v -0.095333 0.589526 -0.000934
v -0.097766 0.589526 0.002688
v -0.099700 0.589526 0.006304
v -0.101132 0.589526 0.009888
v -0.102064 0.589526 0.013411
v -0.102493 0.589526 0.016846
v -0.102420 0.589526 0.020165
v -0.101844 0.589526 0.023339
v -0.100763 0.589526 0.026343
v -0.099179 0.589526 0.029146
v -0.097089 0.589526 0.031723
v -0.094840 0.589526 0.033558
v -0.091963 0.589526 0.034973
v -0.088407 0.589526 0.035967
v -0.084121 0.589526 0.036541
v -0.079053 0.589526 0.036694
v -0.073152 0.589526 0.036426
v -0.066366 0.589526 0.035737
v -0.058644 0.589526 0.034627
v -0.049935 0.589526 0.033095
v -0.040188 0.589526 0.031142
v -0.029350 0.589526 0.028767
v -0.017370 0.589526 0.025969
v -0.005556 0.589526 0.023988
v 0.005238 0.589526 0.022484
v 0.015084 0.589526 0.021478
v 0.024056 0.589526 0.020988
v 0.032227 0.589526 0.021036
v 0.039669 0.589526 0.021640
v 0.046457 0.589526 0.022821
v 0.052663 0.589526 0.024598
v 0.058361 0.589526 0.026991
v 0.063623 0.589526 0.030019
v 0.068523 0.589526 0.033703
v 0.073133 0.589526 0.038062
v 0.080100 0.589526 0.046414
v 0.085592 0.589526 0.055254
v 0.089631 0.589526 0.064489
v 0.092238 0.589526 0.074023
v 0.093435 0.589526 0.083764
v 0.093244 0.589526 0.093617
v 0.091685 0.589526 0.103488
v 0.088782 0.589526 0.113284
v 0.084555 0.589526 0.122910
v 0.079026 0.589526 0.132273
v 0.072216 0.589526 0.141279
v 0.064148 0.589526 0.149833
v 0.058529 0.589526 0.155015
v 0.052887 0.589526 0.159839
v 0.047172 0.589526 0.164331
v 0.041334 0.589526 0.168516
v 0.035326 0.589526 0.172420
v 0.029097 0.589526 0.176067
v 0.022598 0.589526 0.179483
v 0.015781 0.589526 0.182693
v 0.008596 0.589526 0.185722
v 0.000994 0.589526 0.188596
v -0.007075 0.589526 0.191339
v -0.015659 0.589526 0.193978
v -0.053144 0.589526 0.154717
v -0.043525 0.589526 0.153010
v -0.034347 0.589526 0.151046
v -0.025625 0.589526 0.148843
v -0.017373 0.589526 0.146421
v -0.009605 0.589526 0.143799
v -0.002335 0.589526 0.140996
v 0.004421 0.589526 0.138031
v 0.010651 0.589526 0.134924
v 0.016339 0.589526 0.131692
v 0.021471 0.589526 0.128357
v 0.026033 0.589526 0.124936
v 0.030011 0.589526 0.121448
v 0.033318 0.589526 0.117656
v 0.036244 0.589526 0.113738
v 0.038756 0.589526 0.109728
v 0.040819 0.589526 0.105657
v 0.042400 0.589526 0.101558
v 0.043464 0.589526 0.097464
v 0.043977 0.589526 0.093407
v 0.043905 0.589526 0.089420
v 0.043215 0.589526 0.085536
v 0.041871 0.589526 0.081786
v 0.039841 0.589526 0.078203
v 0.037089 0.589526 0.074821
v 0.029557 0.589526 0.070314
v 0.019355 0.589526 0.068983
v 0.006923 0.589526 0.070092
v -0.007303 0.589526 0.072905
v -0.022884 0.589526 0.076686
v -0.039383 0.589526 0.080700
v -0.056362 0.589526 0.084211
v -0.073383 0.589526 0.086484
v -0.090008 0.589526 0.086783
v -0.105800 0.589526 0.084373
v -0.120321 0.589526 0.078518
v -0.133133 0.589526 0.068482
v -0.139816 0.589526 0.060505
v -0.145038 0.589526 0.052154
v -0.148814 0.589526 0.043486
v -0.151159 0.589526 0.034560
v -0.152089 0.589526 0.025433
v -0.151618 0.589526 0.016164
v -0.149763 0.589526 0.006810
v -0.146537 0.589526 -0.002571
v -0.141958 0.589526 -0.011920
v -0.136038 0.589526 -0.021180
v -0.128795 0.589526 -0.030292
v -0.120243 0.589526 -0.039200
v -0.115842 0.589526 -0.043206
v -0.111223 0.589526 -0.047026
v -0.106380 0.589526 -0.050664
v -0.101308 0.589526 -0.054122
v -0.096002 0.589526 -0.057401
v -0.090455 0.589526 -0.060506
v -0.084662 0.589526 -0.063439
v -0.078618 0.589526 -0.066202
v -0.072317 0.589526 -0.068797
v -0.065752 0.589526 -0.071229
v -0.058919 0.589526 -0.073499
v -0.051813 0.589526 -0.075609
v -0.017452 0.589526 -0.039621
v -0.314531 0.589526 0.199459
v -0.314972 0.589526 0.191772
v -0.314860 0.589526 0.184163
v -0.314209 0.589526 0.176664
v -0.313033 0.589526 0.169307
v -0.311344 0.589526 0.162122
v -0.309156 0.589526 0.155142
v -0.306482 0.589526 0.148398
v -0.303334 0.589526 0.141921
v -0.299727 0.589526 0.135745
v -0.295674 0.589526 0.129899
v -0.291188 0.589526 0.124416
v -0.286281 0.589526 0.119328
v -0.277274 0.589526 0.111676
v -0.267676 0.589526 0.105368
v -0.257550 0.589526 0.100484
v -0.246959 0.589526 0.097101
v -0.235966 0.589526 0.095300
v -0.224633 0.589526 0.095159
v -0.213024 0.589526 0.096757
v -0.201202 0.589526 0.100175
v -0.189229 0.589526 0.105489
v -0.177168 0.589526 0.112780
v -0.165083 0.589526 0.122127
v -0.153036 0.589526 0.133609
v -0.044879 0.589526 0.246892
v -0.081276 0.589526 0.281643
v -0.189825 0.589526 0.167951
v -0.196362 0.589526 0.161677
v -0.203057 0.589526 0.156358
v -0.209864 0.589526 0.152003
v -0.216735 0.589526 0.148621
v -0.223623 0.589526 0.146221
v -0.230481 0.589526 0.144814
v -0.237263 0.589526 0.144409
v -0.243921 0.589526 0.145014
v -0.250407 0.589526 0.146640
v -0.256677 0.589526 0.149296
v -0.262681 0.589526 0.152991
v -0.268373 0.589526 0.157735
v -0.272148 0.589526 0.161637
v -0.275506 0.589526 0.165757
v -0.278459 0.589526 0.170137
v -0.281018 0.589526 0.174817
v -0.283197 0.589526 0.179839
v -0.285007 0.589526 0.185245
v -0.286460 0.589526 0.191076
v -0.287569 0.589526 0.197372
v -0.288345 0.589526 0.204177
v -0.288800 0.589526 0.211530
v -0.288947 0.589526 0.219474
v -0.288797 0.589526 0.228049
v -0.163069 0.589526 0.359735
v -0.199466 0.589526 0.394486
v -0.374783 0.589526 0.210862
v -0.338386 0.589526 0.176111
v -0.315349 0.589526 0.200240
v -0.315906 0.589526 0.353616
v -0.305687 0.589526 0.369206
v -0.297886 0.589526 0.385335
v -0.292494 0.589526 0.401857
v -0.289501 0.589526 0.418630
v -0.288899 0.589526 0.435508
v -0.290679 0.589526 0.452348
v -0.294833 0.589526 0.469006
v -0.301350 0.589526 0.485336
v -0.310223 0.589526 0.501195
v -0.321442 0.589526 0.516439
v -0.334999 0.589526 0.530924
v -0.349561 0.589526 0.543226
v -0.364917 0.589526 0.553197
v -0.380896 0.589526 0.560843
v -0.397329 0.589526 0.566171
v -0.414048 0.589526 0.569186
v -0.430883 0.589526 0.569897
v -0.447665 0.589526 0.568309
v -0.464225 0.589526 0.564430
v -0.480392 0.589526 0.558266
v -0.495999 0.589526 0.549823
v -0.510876 0.589526 0.539109
v -0.524853 0.589526 0.526130
v -0.536333 0.589526 0.512383
v -0.545592 0.589526 0.497653
v -0.552636 0.589526 0.482139
v -0.557471 0.589526 0.466038
v -0.560103 0.589526 0.449549
v -0.560538 0.589526 0.432871
v -0.558782 0.589526 0.416202
v -0.554840 0.589526 0.399741
v -0.548720 0.589526 0.383685
v -0.540427 0.589526 0.368234
v -0.529966 0.589526 0.353586
v -0.517345 0.589526 0.339938
v -0.502508 0.589526 0.327310
v -0.486944 0.589526 0.316954
v -0.470822 0.589526 0.308871
v -0.454310 0.589526 0.303064
v -0.437579 0.589526 0.299533
v -0.420798 0.589526 0.298281
v -0.404137 0.589526 0.299309
v -0.387764 0.589526 0.302619
v -0.371850 0.589526 0.308212
v -0.356563 0.589526 0.316090
v -0.342074 0.589526 0.326255
v -0.328551 0.589526 0.338709
v -0.478136 0.589526 0.499558
v -0.468238 0.589526 0.507013
v -0.458029 0.589526 0.512960
v -0.447599 0.589526 0.517401
v -0.437033 0.589526 0.520334
v -0.426420 0.589526 0.521759
v -0.415847 0.589526 0.521675
v -0.405402 0.589526 0.520081
v -0.395171 0.589526 0.516977
v -0.385243 0.589526 0.512362
v -0.375706 0.589526 0.506236
v -0.366645 0.589526 0.498597
v -0.357821 0.589526 0.489206
v -0.350573 0.589526 0.479426
v -0.344903 0.589526 0.469324
v -0.340814 0.589526 0.458965
v -0.338309 0.589526 0.448414
v -0.337392 0.589526 0.437735
v -0.338064 0.589526 0.426995
v -0.340329 0.589526 0.416258
v -0.344190 0.589526 0.405590
v -0.349650 0.589526 0.395056
v -0.356711 0.589526 0.384721
v -0.365376 0.589526 0.374649
v -0.374201 0.589526 0.366480
v -0.383617 0.589526 0.359763
v -0.393517 0.589526 0.354502
v -0.403793 0.589526 0.350698
v -0.414335 0.589526 0.348355
v -0.425036 0.589526 0.347474
v -0.435788 0.589526 0.348058
v -0.446482 0.589526 0.350110
v -0.457010 0.589526 0.353632
v -0.467264 0.589526 0.358627
v -0.477136 0.589526 0.365098
v -0.486517 0.589526 0.373046
v -0.494397 0.589526 0.381577
v -0.500860 0.589526 0.390699
v -0.505907 0.589526 0.400304
v -0.509537 0.589526 0.410284
v -0.511752 0.589526 0.420529
v -0.512552 0.589526 0.430932
v -0.511936 0.589526 0.441385
v -0.509905 0.589526 0.451779
v -0.506460 0.589526 0.462005
v -0.501600 0.589526 0.471956
v -0.495325 0.589526 0.481523
v -0.487637 0.589526 0.490598
v -0.691426 0.589526 0.440719
v -0.703871 0.589526 0.444328
v -0.715740 0.589526 0.448239
v -0.727066 0.589526 0.452471
v -0.737884 0.589526 0.457042
v -0.748227 0.589526 0.461972
v -0.758128 0.589526 0.467278
v -0.767622 0.589526 0.472980
v -0.776743 0.589526 0.479096
v -0.785523 0.589526 0.485645
v -0.793997 0.589526 0.492645
v -0.802199 0.589526 0.500115
v -0.816903 0.589526 0.515929
v -0.829110 0.589526 0.532779
v -0.838808 0.589526 0.550459
v -0.845988 0.589526 0.568763
v -0.850639 0.589526 0.587487
v -0.852751 0.589526 0.606426
v -0.852313 0.589526 0.625373
v -0.849316 0.589526 0.644124
v -0.843750 0.589526 0.662474
v -0.835603 0.589526 0.680216
v -0.824865 0.589526 0.697147
v -0.811526 0.589526 0.713060
v -0.796047 0.589526 0.727391
v -0.779589 0.589526 0.739096
v -0.762317 0.589526 0.748174
v -0.744397 0.589526 0.754621
v -0.725994 0.589526 0.758435
v -0.707273 0.589526 0.759614
v -0.688400 0.589526 0.758156
v -0.669539 0.589526 0.754057
v -0.650855 0.589526 0.747316
v -0.632515 0.589526 0.737930
v -0.614683 0.589526 0.725897
v -0.597523 0.589526 0.711214
v -0.589813 0.589526 0.703414
v -0.582438 0.589526 0.695066
v -0.575411 0.589526 0.686193
v -0.568748 0.589526 0.676820
v -0.562462 0.589526 0.666971
v -0.556569 0.589526 0.656672
v -0.551082 0.589526 0.645947
v -0.546017 0.589526 0.634820
v -0.541387 0.589526 0.623317
v -0.537207 0.589526 0.611462
v -0.533492 0.589526 0.599279
v -0.530256 0.589526 0.586794
v -0.488477 0.589526 0.630553
v -0.492053 0.589526 0.640638
v -0.495954 0.589526 0.650667
v -0.500240 0.589526 0.660656
v -0.504971 0.589526 0.670623
v -0.510208 0.589526 0.680583
v -0.516010 0.589526 0.690554
v -0.522438 0.589526 0.700552
v -0.529551 0.589526 0.710595
v -0.537410 0.589526 0.720697
v -0.546075 0.589526 0.730877
v -0.555606 0.589526 0.741150
v -0.566063 0.589526 0.751534
v -0.592563 0.589526 0.773741
v -0.619519 0.589526 0.790647
v -0.646637 0.589526 0.802654
v -0.673622 0.589526 0.810160
v -0.700178 0.589526 0.813566
v -0.726012 0.589526 0.813271
v -0.750827 0.589526 0.809675
v -0.774330 0.589526 0.803178
v -0.796226 0.589526 0.794180
v -0.816219 0.589526 0.783081
v -0.834014 0.589526 0.770280
v -0.849317 0.589526 0.756177
v -0.867830 0.589526 0.734156
v -0.882763 0.589526 0.710802
v -0.894125 0.589526 0.686384
v -0.901923 0.589526 0.661170
v -0.906166 0.589526 0.635427
v -0.906860 0.589526 0.609423
v -0.904013 0.589526 0.583425
v -0.897633 0.589526 0.557703
v -0.887727 0.589526 0.532523
v -0.874304 0.589526 0.508154
v -0.857369 0.589526 0.484863
v -0.836932 0.589526 0.462918
v -0.829622 0.589526 0.456218
v -0.821982 0.589526 0.449771
v -0.813975 0.589526 0.443553
v -0.805565 0.589526 0.437545
v -0.796715 0.589526 0.431725
v -0.787388 0.589526 0.426072
v -0.777548 0.589526 0.420564
v -0.767158 0.589526 0.415179
v -0.756182 0.589526 0.409897
v -0.744583 0.589526 0.404696
v -0.732324 0.589526 0.399555
v -0.719369 0.589526 0.394452
v -0.678370 0.589526 0.437393
v 0.782718 0.465132 -0.813756
v 0.783536 0.465132 -0.814537
v 0.780779 0.465132 -0.826602
v 0.778721 0.465132 -0.837870
v 0.777345 0.465132 -0.848361
v 0.776634 0.465132 -0.858096
v 0.776573 0.465132 -0.867093
v 0.777145 0.465132 -0.875373
v 0.778334 0.465132 -0.882956
v 0.780124 0.465132 -0.889861
v 0.782499 0.465132 -0.896108
v 0.785442 0.465132 -0.901717
v 0.788938 0.465132 -0.906708
v 0.792969 0.465132 -0.911101
v 0.796772 0.465132 -0.914455
v 0.800827 0.465132 -0.917492
v 0.805141 0.465132 -0.920217
v 0.809722 0.465132 -0.922637
v 0.814580 0.465132 -0.924755
v 0.819722 0.465132 -0.926578
v 0.825158 0.465132 -0.928112
v 0.830896 0.465132 -0.929360
v 0.836944 0.465132 -0.930329
v 0.843310 0.465132 -0.931024
v 0.850003 0.465132 -0.931451
v 0.857032 0.465132 -0.931614
v 0.867877 0.465132 -0.881772
v 0.862582 0.465132 -0.881664
v 0.857327 0.465132 -0.881306
v 0.852155 0.465132 -0.880711
v 0.847111 0.465132 -0.879898
v 0.842240 0.465132 -0.878880
v 0.837587 0.465132 -0.877674
v 0.833197 0.465132 -0.876295
v 0.829114 0.465132 -0.874760
v 0.825383 0.465132 -0.873083
v 0.822049 0.465132 -0.871279
v 0.819158 0.465132 -0.869366
v 0.816752 0.465132 -0.867358
v 0.811121 0.465132 -0.861008
v 0.806692 0.465132 -0.853942
v 0.803454 0.465132 -0.846270
v 0.801396 0.465132 -0.838104
v 0.800508 0.465132 -0.829556
v 0.800776 0.465132 -0.820737
v 0.802191 0.465132 -0.811757
v 0.804740 0.465132 -0.802730
v 0.808413 0.465132 -0.793765
v 0.813198 0.465132 -0.784974
v 0.819084 0.465132 -0.776469
v 0.826059 0.465132 -0.768361
v 0.917818 0.465132 -0.672255
v 0.881420 0.465132 -0.637504
v 0.706103 0.465132 -0.821128
v 0.742500 0.465132 -0.855879
v 0.817128 0.465132 -0.603791
v 0.814736 0.465132 -0.595392
v 0.812034 0.465132 -0.587307
v 0.808980 0.465132 -0.579488
v 0.805531 0.465132 -0.571889
v 0.801644 0.465132 -0.564464
v 0.797278 0.465132 -0.557167
v 0.792388 0.465132 -0.549951
v 0.786932 0.465132 -0.542771
v 0.780868 0.465132 -0.535580
v 0.774153 0.465132 -0.528332
v 0.766744 0.465132 -0.520980
v 0.752051 0.465132 -0.508776
v 0.736710 0.465132 -0.499413
v 0.720887 0.465132 -0.492759
v 0.704749 0.465132 -0.488688
v 0.688462 0.465132 -0.487069
v 0.672193 0.465132 -0.487775
v 0.656108 0.465132 -0.490675
v 0.640374 0.465132 -0.495643
v 0.625156 0.465132 -0.502548
v 0.610622 0.465132 -0.511262
v 0.596938 0.465132 -0.521656
v 0.584270 0.465132 -0.533601
v 0.572085 0.465132 -0.547808
v 0.562077 0.465132 -0.562532
v 0.554245 0.465132 -0.577638
v 0.548585 0.465132 -0.592994
v 0.545094 0.465132 -0.608466
v 0.543768 0.465132 -0.623922
v 0.544606 0.465132 -0.639228
v 0.547603 0.465132 -0.654250
v 0.552757 0.465132 -0.668856
v 0.560064 0.465132 -0.682912
v 0.569522 0.465132 -0.696285
v 0.581127 0.465132 -0.708841
v 0.593579 0.465132 -0.719409
v 0.606575 0.465132 -0.727847
v 0.620073 0.465132 -0.734104
v 0.634032 0.465132 -0.738130
v 0.648410 0.465132 -0.739874
v 0.663166 0.465132 -0.739287
v 0.678259 0.465132 -0.736317
v 0.693647 0.465132 -0.730914
v 0.709288 0.465132 -0.723029
v 0.725141 0.465132 -0.712609
v 0.741165 0.465132 -0.699606
v 0.757318 0.465132 -0.683968
v 0.628087 0.465132 -0.560582
v 0.638170 0.465132 -0.553517
v 0.648177 0.465132 -0.547788
v 0.658102 0.465132 -0.543397
v 0.667937 0.465132 -0.540345
v 0.677675 0.465132 -0.538634
v 0.687309 0.465132 -0.538265
v 0.696833 0.465132 -0.539241
v 0.706239 0.465132 -0.541562
v 0.715521 0.465132 -0.545230
v 0.724672 0.465132 -0.550246
v 0.733685 0.465132 -0.556613
v 0.742552 0.465132 -0.564332
v 0.747887 0.465132 -0.569749
v 0.752859 0.465132 -0.575454
v 0.757483 0.465132 -0.581446
v 0.761771 0.465132 -0.587720
v 0.765739 0.465132 -0.594273
v 0.769398 0.465132 -0.601104
v 0.772764 0.465132 -0.608207
v 0.775851 0.465132 -0.615581
v 0.778671 0.465132 -0.623222
v 0.781239 0.465132 -0.631128
v 0.783569 0.465132 -0.639294
v 0.785674 0.465132 -0.647718
v 0.819254 0.465132 -0.612548
v 0.691252 0.465132 -0.679888
v 0.684045 0.465132 -0.685019
v 0.676715 0.465132 -0.689120
v 0.669303 0.465132 -0.692181
v 0.661849 0.465132 -0.694194
v 0.654396 0.465132 -0.695148
v 0.646986 0.465132 -0.695035
v 0.639658 0.465132 -0.693845
v 0.632455 0.465132 -0.691569
v 0.625419 0.465132 -0.688198
v 0.618590 0.465132 -0.683722
v 0.612010 0.465132 -0.678132
v 0.605612 0.465132 -0.671376
v 0.600315 0.465132 -0.664392
v 0.596110 0.465132 -0.657198
v 0.592988 0.465132 -0.649807
v 0.590939 0.465132 -0.642237
v 0.589954 0.465132 -0.634501
v 0.590024 0.465132 -0.626616
v 0.591140 0.465132 -0.618597
v 0.593291 0.465132 -0.610459
v 0.596469 0.465132 -0.602219
v 0.600664 0.465132 -0.593891
v 0.605867 0.465132 -0.585492
v 0.698293 0.465132 -0.673736
v 0.250246 0.465132 -0.339769
v 0.250628 0.465132 -0.348734
v 0.251350 0.465132 -0.357247
v 0.252412 0.465132 -0.365314
v 0.253813 0.465132 -0.372939
v 0.255554 0.465132 -0.380129
v 0.257635 0.465132 -0.386889
v 0.260056 0.465132 -0.393224
v 0.262818 0.465132 -0.399141
v 0.265920 0.465132 -0.404644
v 0.269362 0.465132 -0.409739
v 0.273145 0.465132 -0.414432
v 0.277268 0.465132 -0.418728
v 0.283236 0.465132 -0.423972
v 0.289475 0.465132 -0.428570
v 0.295972 0.465132 -0.432518
v 0.302711 0.465132 -0.435810
v 0.309679 0.465132 -0.438442
v 0.316863 0.465132 -0.440408
v 0.324247 0.465132 -0.441703
v 0.331819 0.465132 -0.442321
v 0.339564 0.465132 -0.442257
v 0.347468 0.465132 -0.441507
v 0.355517 0.465132 -0.440064
v 0.363697 0.465132 -0.437925
v 0.363523 0.465132 -0.446231
v 0.363653 0.465132 -0.454517
v 0.364140 0.465132 -0.462754
v 0.365038 0.465132 -0.470910
v 0.366399 0.465132 -0.478955
v 0.368279 0.465132 -0.486859
v 0.370728 0.465132 -0.494592
v 0.373803 0.465132 -0.502123
v 0.377555 0.465132 -0.509422
v 0.382039 0.465132 -0.516458
v 0.387307 0.465132 -0.523200
v 0.393413 0.465132 -0.529620
v 0.402992 0.465132 -0.537640
v 0.413065 0.465132 -0.543945
v 0.423552 0.465132 -0.548550
v 0.434371 0.465132 -0.551468
v 0.445439 0.465132 -0.552713
v 0.456677 0.465132 -0.552301
v 0.468001 0.465132 -0.550246
v 0.479330 0.465132 -0.546561
v 0.490584 0.465132 -0.541262
v 0.501679 0.465132 -0.534363
v 0.512535 0.465132 -0.525878
v 0.523070 0.465132 -0.515821
v 0.633180 0.465132 -0.400494
v 0.596783 0.465132 -0.365743
v 0.488234 0.465132 -0.479434
v 0.481500 0.465132 -0.485787
v 0.474609 0.465132 -0.490964
v 0.467617 0.465132 -0.495002
v 0.460579 0.465132 -0.497937
v 0.453549 0.465132 -0.499806
v 0.446583 0.465132 -0.500644
v 0.439735 0.465132 -0.500488
v 0.433062 0.465132 -0.499374
v 0.426616 0.465132 -0.497338
v 0.420455 0.465132 -0.494417
v 0.414632 0.465132 -0.490646
v 0.409202 0.465132 -0.486062
v 0.406266 0.465132 -0.483039
v 0.403582 0.465132 -0.479458
v 0.401150 0.465132 -0.475369
v 0.398970 0.465132 -0.470820
v 0.397041 0.465132 -0.465860
v 0.395364 0.465132 -0.460537
v 0.393938 0.465132 -0.454900
v 0.392762 0.465132 -0.448998
v 0.391837 0.465132 -0.442878
v 0.391163 0.465132 -0.436591
v 0.390738 0.465132 -0.430184
v 0.390563 0.465132 -0.423705
v 0.517853 0.465132 -0.290384
v 0.481455 0.465132 -0.255633
v 0.372517 0.465132 -0.369733
v 0.365422 0.465132 -0.376547
v 0.358407 0.465132 -0.382100
v 0.351501 0.465132 -0.386448
v 0.344731 0.465132 -0.389647
v 0.338124 0.465132 -0.391753
v 0.331709 0.465132 -0.392823
v 0.325512 0.465132 -0.392914
v 0.319562 0.465132 -0.392080
v 0.313887 0.465132 -0.390380
v 0.308513 0.465132 -0.387869
v 0.303469 0.465132 -0.384602
v 0.298783 0.465132 -0.380638
v 0.294422 0.465132 -0.376239
v 0.290533 0.465132 -0.371795
v 0.287106 0.465132 -0.367254
v 0.284130 0.465132 -0.362565
v 0.281593 0.465132 -0.357677
v 0.279486 0.465132 -0.352539
v 0.277796 0.465132 -0.347100
v 0.276513 0.465132 -0.341308
v 0.275627 0.465132 -0.335113
v 0.275126 0.465132 -0.328463
v 0.274999 0.465132 -0.321308
v 0.275235 0.465132 -0.313595
v 0.402526 0.465132 -0.180274
v 0.366128 0.465132 -0.145522
v 0.190811 0.465132 -0.329146
v 0.227208 0.465132 -0.363897
v 0.257581 0.465132 -0.086446
v 0.257464 0.465132 -0.078750
v 0.256879 0.465132 -0.071096
v 0.255845 0.465132 -0.063534
v 0.254376 0.465132 -0.056111
v 0.252489 0.465132 -0.048875
v 0.250201 0.465132 -0.041875
v 0.247527 0.465132 -0.035159
v 0.244485 0.465132 -0.028774
v 0.241091 0.465132 -0.022771
v 0.237361 0.465132 -0.017195
v 0.233312 0.465132 -0.012097
v 0.228959 0.465132 -0.007523
v 0.219369 0.465132 0.000582
v 0.209256 0.465132 0.007113
v 0.198693 0.465132 0.012042
v 0.187756 0.465132 0.015341
v 0.176519 0.465132 0.016984
v 0.165055 0.465132 0.016943
v 0.153439 0.465132 0.015191
v 0.141746 0.465132 0.011699
v 0.130048 0.465132 0.006441
v 0.118422 0.465132 -0.000611
v 0.106940 0.465132 -0.009484
v 0.095678 0.465132 -0.020206
v -0.013261 0.465132 -0.134306
v 0.023136 0.465132 -0.169057
v 0.134418 0.465132 -0.052503
v 0.140610 0.465132 -0.046546
v 0.146877 0.465132 -0.041565
v 0.153206 0.465132 -0.037571
v 0.159584 0.465132 -0.034576
v 0.165995 0.465132 -0.032591
v 0.172428 0.465132 -0.031627
v 0.178868 0.465132 -0.031696
v 0.185301 0.465132 -0.032810
v 0.191714 0.465132 -0.034980
v 0.198094 0.465132 -0.038217
v 0.204427 0.465132 -0.042532
v 0.210698 0.465132 -0.047938
v 0.214591 0.465132 -0.052012
v 0.218086 0.465132 -0.056414
v 0.221177 0.465132 -0.061131
v 0.223858 0.465132 -0.066149
v 0.226124 0.465132 -0.071454
v 0.227969 0.465132 -0.077033
v 0.229386 0.465132 -0.082872
v 0.230370 0.465132 -0.088957
v 0.230915 0.465132 -0.095274
v 0.231016 0.465132 -0.101810
v 0.230665 0.465132 -0.108550
v 0.229858 0.465132 -0.115482
v 0.104520 0.465132 -0.246759
v 0.140917 0.465132 -0.281510
v 0.316235 0.465132 -0.097886
v 0.279837 0.465132 -0.063135
v -0.025604 0.465132 -0.037980
v -0.033386 0.465132 -0.036086
v -0.040791 0.465132 -0.033962
v -0.047809 0.465132 -0.031628
v -0.054431 0.465132 -0.029108
v -0.060649 0.465132 -0.026423
v -0.066454 0.465132 -0.023595
v -0.071837 0.465132 -0.020646
v -0.076788 0.465132 -0.017598
v -0.081300 0.465132 -0.014473
v -0.085363 0.465132 -0.011294
v -0.088969 0.465132 -0.008082
v -0.092400 0.465132 -0.004533
v -0.095333 0.465132 -0.000934
v -0.097766 0.465132 0.002688
v -0.099700 0.465132 0.006304
v -0.101132 0.465132 0.009888
v -0.102064 0.465132 0.013411
v -0.102493 0.465132 0.016846
v -0.102420 0.465132 0.020165
v -0.101844 0.465132 0.023339
v -0.100763 0.465132 0.026343
v -0.099179 0.465132 0.029146
v -0.097089 0.465132 0.031723
v -0.094840 0.465132 0.033558
v -0.091963 0.465132 0.034973
v -0.088407 0.465132 0.035967
v -0.084121 0.465132 0.036541
v -0.079053 0.465132 0.036694
v -0.073152 0.465132 0.036426
v -0.066366 0.465132 0.035737
v -0.058644 0.465132 0.034627
v -0.049935 0.465132 0.033095
v -0.040188 0.465132 0.031142
v -0.029350 0.465132 0.028767
v -0.017370 0.465132 0.025969
v -0.005556 0.465132 0.023988
v 0.005238 0.465132 0.022484
v 0.015084 0.465132 0.021478
v 0.024056 0.465132 0.020988
v 0.032227 0.465132 0.021036
v 0.039669 0.465132 0.021640
v 0.046457 0.465132 0.022821
v 0.052663 0.465132 0.024598
v 0.058361 0.465132 0.026991
v 0.063623 0.465132 0.030019
v 0.068523 0.465132 0.033703
v 0.073133 0.465132 0.038062
v 0.080100 0.465132 0.046414
v 0.085592 0.465132 0.055254
v 0.089631 0.465132 0.064489
v 0.092238 0.465132 0.074023
v 0.093435 0.465132 0.083764
v 0.093244 0.465132 0.093617
v 0.091685 0.465132 0.103488
v 0.088782 0.465132 0.113284
v 0.084555 0.465132 0.122910
v 0.079026 0.465132 0.132273
v 0.072216 0.465132 0.141279
v 0.064148 0.465132 0.149833
v 0.058529 0.465132 0.155015
v 0.052887 0.465132 0.159839
v 0.047172 0.465132 0.164331
v 0.041334 0.465132 0.168516
v 0.035326 0.465132 0.172420
v 0.029097 0.465132 0.176067
v 0.022598 0.465132 0.179483
v 0.015781 0.465132 0.182693
v 0.008596 0.465132 0.185722
v 0.000994 0.465132 0.188596
v -0.007075 0.465132 0.191339
v -0.015659 0.465132 0.193978
v -0.053144 0.465132 0.154717
v -0.043525 0.465132 0.153010
v -0.034347 0.465132 0.151046
v -0.025625 0.465132 0.148843
v -0.017373 0.465132 0.146421
v -0.009605 0.465132 0.143799
v -0.002335 0.465132 0.140996
v 0.004421 0.465132 0.138031
v 0.010651 0.465132 0.134924
v 0.016339 0.465132 0.131692
v 0.021471 0.465132 0.128357
v 0.026033 0.465132 0.124936
v 0.030011 0.465132 0.121448
v 0.033318 0.465132 0.117656
v 0.036244 0.465132 0.113738
v 0.038756 0.465132 0.109728
v 0.040819 0.465132 0.105657
v 0.042400 0.465132 0.101558
v 0.043464 0.465132 0.097464
v 0.043977 0.465132 0.093407
v 0.043905 0.465132 0.089420
v 0.043215 0.465132 0.085536
v 0.041871 0.465132 0.081786
v 0.039841 0.465132 0.078203
v 0.037089 0.465132 0.074821
v 0.029557 0.465132 0.070314
v 0.019355 0.465132 0.068983
v 0.006923 0.465132 0.070092
v -0.007303 0.465132 0.072905
v -0.022884 0.465132 0.076686
v -0.039383 0.465132 0.080700
v -0.056362 0.465132 0.084211
v -0.073383 0.465132 0.086484
v -0.090008 0.465132 0.086783
v -0.105800 0.465132 0.084373
v -0.120321 0.465132 0.078518
v -0.133133 0.465132 0.068482
v -0.139816 0.465132 0.060505
v -0.145038 0.465132 0.052154
v -0.148814 0.465132 0.043486
v -0.151159 0.465132 0.034560
v -0.152089 0.465132 0.025433
v -0.151618 0.465132 0.016164
v -0.149763 0.465132 0.006810
v -0.146537 0.465132 -0.002571
v -0.141958 0.465132 -0.011920
v -0.136038 0.465132 -0.021180
v -0.128795 0.465132 -0.030292
v -0.120243 0.465132 -0.039200
v -0.115842 0.465132 -0.043206
v -0.111223 0.465132 -0.047026
v -0.106380 0.465132 -0.050664
v -0.101308 0.465132 -0.054122
v -0.096002 0.465132 -0.057401
v -0.090455 0.465132 -0.060506
v -0.084662 0.465132 -0.063439
v -0.078618 0.465132 -0.066202
v -0.072317 0.465132 -0.068797
v -0.065752 0.465132 -0.071229
v -0.058919 0.465132 -0.073499
v -0.051813 0.465132 -0.075609
v -0.017452 0.465132 -0.039621
v -0.314531 0.465132 0.199459
v -0.314972 0.465132 0.191772
v -0.314860 0.465132 0.184163
v -0.314209 0.465132 0.176664
v -0.313033 0.465132 0.169307
v -0.311344 0.465132 0.162122
v -0.309156 0.465132 0.155142
v -0.306482 0.465132 0.148398
v -0.303334 0.465132 0.141921
v -0.299727 0.465132 0.135745
v -0.295674 0.465132 0.129899
v -0.291188 0.465132 0.124416
v -0.286281 0.465132 0.119328
v -0.277274 0.465132 0.111676
v -0.267676 0.465132 0.105368
v -0.257550 0.465132 0.100484
v -0.246959 0.465132 0.097101
v -0.235966 0.465132 0.095300
v -0.224633 0.465132 0.095159
v -0.213024 0.465132 0.096757
v -0.201202 0.465132 0.100175
v -0.189229 0.465132 0.105489
v -0.177168 0.465132 0.112780
v -0.165083 0.465132 0.122127
v -0.153036 0.465132 0.133609
v -0.044879 0.465132 0.246892
v -0.081276 0.465132 0.281643
v -0.189825 0.465132 0.167951
v -0.196362 0.465132 0.161677
v -0.203057 0.465132 0.156358
v -0.209864 0.465132 0.152003
v -0.216735 0.465132 0.148621
v -0.223623 0.465132 0.146221
v -0.230481 0.465132 0.144814
v -0.237263 0.465132 0.144409
v -0.243921 0.465132 0.145014
v -0.250407 0.465132 0.146640
v -0.256677 0.465132 0.149296
v -0.262681 0.465132 0.152991
v -0.268373 0.465132 0.157735
v -0.272148 0.465132 0.161637
v -0.275506 0.465132 0.165757
v -0.278459 0.465132 0.170137
v -0.281018 0.465132 0.174817
v -0.283197 0.465132 0.179839
v -0.285007 0.465132 0.185245
v -0.286460 0.465132 0.191076
v -0.287569 0.465132 0.197372
v -0.288345 0.465132 0.204177
v -0.288800 0.465132 0.211530
v -0.288947 0.465132 0.219474
v -0.288797 0.465132 0.228049
v -0.163069 0.465132 0.359735
v -0.199466 0.465132 0.394486
v -0.374783 0.465132 0.210862
v -0.338386 0.465132 0.176111
v -0.315349 0.465132 0.200240
v -0.315906 0.465132 0.353616
v -0.305687 0.465132 0.369206
v -0.297886 0.465132 0.385335
v -0.292494 0.465132 0.401857
v -0.289501 0.465132 0.418630
v -0.288899 0.465132 0.435508
v -0.290679 0.465132 0.452348
v -0.294833 0.465132 0.469006
v -0.301350 0.465132 0.485336
v -0.310223 0.465132 0.501195
v -0.321442 0.465132 0.516439
v -0.334999 0.465132 0.530924
v -0.349561 0.465132 0.543226
v -0.364917 0.465132 0.553197
v -0.380896 0.465132 0.560843
v -0.397329 0.465132 0.566171
v -0.414048 0.465132 0.569186
v -0.430883 0.465132 0.569897
v -0.447665 0.465132 0.568309
v -0.464225 0.465132 0.564430
v -0.480392 0.465132 0.558266
v -0.495999 0.465132 0.549823
v -0.510876 0.465132 0.539109
v -0.524853 0.465132 0.526130
v -0.536333 0.465132 0.512383
v -0.545592 0.465132 0.497653
v -0.552636 0.465132 0.482139
v -0.557471 0.465132 0.466038
v -0.560103 0.465132 0.449549
v -0.560538 0.465132 0.432871
v -0.558782 0.465132 0.416202
v -0.554840 0.465132 0.399741
v -0.548720 0.465132 0.383685
v -0.540427 0.465132 0.368234
v -0.529966 0.465132 0.353586
v -0.517345 0.465132 0.339938
v -0.502508 0.465132 0.327310
v -0.486944 0.465132 0.316954
v -0.470822 0.465132 0.308871
v -0.454310 0.465132 0.303064
v -0.437579 0.465132 0.299533
v -0.420798 0.465132 0.298281
v -0.404137 0.465132 0.299309
v -0.387764 0.465132 0.302619
v -0.371850 0.465132 0.308212
v -0.356563 0.465132 0.316090
v -0.342074 0.465132 0.326255
v -0.328551 0.465132 0.338709
v -0.478136 0.465132 0.499558
v -0.468238 0.465132 0.507013
v -0.458029 0.465132 0.512960
v -0.447599 0.465132 0.517401
v -0.437033 0.465132 0.520334
v -0.426420 0.465132 0.521759
v -0.415847 0.465132 0.521675
v -0.405402 0.465132 0.520081
v -0.395171 0.465132 0.516977
v -0.385243 0.465132 0.512362
v -0.375706 0.465132 0.506236
v -0.366645 0.465132 0.498597
v -0.357821 0.465132 0.489206
v -0.350573 0.465132 0.479426
v -0.344903 0.465132 0.469324
v -0.340814 0.465132 0.458965
v -0.338309 0.465132 0.448414
v -0.337392 0.465132 0.437735
v -0.338064 0.465132 0.426995
v -0.340329 0.465132 0.416258
v -0.344190 0.465132 0.405590
v -0.349650 0.465132 0.395056
v -0.356711 0.465132 0.384721
v -0.365376 0.465132 0.374649
v -0.374201 0.465132 0.366480
v -0.383617 0.465132 0.359763
v -0.393517 0.465132 0.354502
v -0.403793 0.465132 0.350698
v -0.414335 0.465132 0.348355
v -0.425036 0.465132 0.347474
v -0.435788 0.465132 0.348058
v -0.446482 0.465132 0.350110
v -0.457010 0.465132 0.353632
v -0.467264 0.465132 0.358627
v -0.477136 0.465132 0.365098
v -0.486517 0.465132 0.373046
v -0.494397 0.465132 0.381577
v -0.500860 0.465132 0.390699
v -0.505907 0.465132 0.400304
v -0.509537 0.465132 0.410284
v -0.511752 0.465132 0.420529
v -0.512552 0.465132 0.430932
v -0.511936 0.465132 0.441385
v -0.509905 0.465132 0.451779
v -0.506460 0.465132 0.462005
v -0.501600 0.465132 0.471956
v -0.495325 0.465132 0.481523
v -0.487637 0.465132 0.490598
v -0.691426 0.465132 0.440719
v -0.703871 0.465132 0.444328
v -0.715740 0.465132 0.448239
v -0.727066 0.465132 0.452471
v -0.737884 0.465132 0.457042
v -0.748227 0.465132 0.461972
v -0.758128 0.465132 0.467278
v -0.767622 0.465132 0.472980
v -0.776743 0.465132 0.479096
v -0.785523 0.465132 0.485645
v -0.793997 0.465132 0.492645
v -0.802199 0.465132 0.500115
v -0.816903 0.465132 0.515929
v -0.829110 0.465132 0.532779
v -0.838808 0.465132 0.550459
v -0.845988 0.465132 0.568763
v -0.850639 0.465132 0.587487
v -0.852751 0.465132 0.606426
v -0.852313 0.465132 0.625373
v -0.849316 0.465132 0.644124
v -0.843750 0.465132 0.662474
v -0.835603 0.465132 0.680216
v -0.824865 0.465132 0.697147
v -0.811526 0.465132 0.713060
v -0.796047 0.465132 0.727391
v -0.779589 0.465132 0.739096
v -0.762317 0.465132 0.748174
v -0.744397 0.465132 0.754621
v -0.725994 0.465132 0.758435
v -0.707273 0.465132 0.759614
v -0.688400 0.465132 0.758156
v -0.669539 0.465132 0.754057
v -0.650855 0.465132 0.747316
v -0.632515 0.465132 0.737930
v -0.614683 0.465132 0.725897
v -0.597523 0.465132 0.711214
v -0.589813 0.465132 0.703414
v -0.582438 0.465132 0.695066
v -0.575411 0.465132 0.686193
v -0.568748 0.465132 0.676820
v -0.562462 0.465132 0.666971
v -0.556569 0.465132 0.656672
v -0.551082 0.465132 0.645947
v -0.546017 0.465132 0.634820
v -0.541387 0.465132 0.623317
v -0.537207 0.465132 0.611462
v -0.533492 0.465132 0.599279
v -0.530256 0.465132 0.586794
v -0.488477 0.465132 0.630553
v -0.492053 0.465132 0.640638
v -0.495954 0.465132 0.650667
v -0.500240 0.465132 0.660656
v -0.504971 0.465132 0.670623
v -0.510208 0.465132 0.680583
v -0.516010 0.465132 0.690554
v -0.522438 0.465132 0.700552
v -0.529551 0.465132 0.710595
v -0.537410 0.465132 0.720697
v -0.546075 0.465132 0.730877
v -0.555606 0.465132 0.741150
v -0.566063 0.465132 0.751534
v -0.592563 0.465132 0.773741
v -0.619519 0.465132 0.790647
v -0.646637 0.465132 0.802654
v -0.673622 0.465132 0.810160
v -0.700178 0.465132 0.813566
v -0.726012 0.465132 0.813271
v -0.750827 0.465132 0.809675
v -0.774330 0.465132 0.803178
v -0.796226 0.465132 0.794180
v -0.816219 0.465132 0.783081
v -0.834014 0.465132 0.770280
v -0.849317 0.465132 0.756177
v -0.867830 0.465132 0.734156
v -0.882763 0.465132 0.710802
v -0.894125 0.465132 0.686384
v -0.901923 0.465132 0.661170
v -0.906166 0.465132 0.635427
v -0.906860 0.465132 0.609423
v -0.904013 0.465132 0.583425
v -0.897633 0.465132 0.557703
v -0.887727 0.465132 0.532523
v -0.874304 0.465132 0.508154
v -0.857369 0.465132 0.484863
v -0.836932 0.465132 0.462918
v -0.829622 0.465132 0.456218
v -0.821982 0.465132 0.449771
v -0.813975 0.465132 0.443553
v -0.805565 0.465132 0.437545
v -0.796715 0.465132 0.431725
v -0.787388 0.465132 0.426072
v -0.777548 0.465132 0.420564
v -0.767158 0.465132 0.415179
v -0.756182 0.465132 0.409897
v -0.744583 0.465132 0.404696
v -0.732324 0.465132 0.399555
v -0.719369 0.465132 0.394452
v -0.678370 0.465132 0.437393
v -0.691426 0.465132 0.440719
v -0.691426 0.589526 0.440719
v -0.703871 0.465132 0.444328
v -0.703871 0.589526 0.444328
v -0.715740 0.465132 0.448239
v -0.715740 0.589526 0.448239
v -0.727066 0.465132 0.452471
v -0.727066 0.589526 0.452471
v -0.737884 0.465132 0.457042
v -0.737884 0.589526 0.457042
v -0.748227 0.465132 0.461972
v -0.748227 0.589526 0.461972
v -0.758128 0.465132 0.467278
v -0.758128 0.589526 0.467278
v -0.767622 0.465132 0.472980
v -0.767622 0.589526 0.472980
v -0.776743 0.465132 0.479096
v -0.776743 0.589526 0.479096
v -0.785523 0.465132 0.485645
v -0.785523 0.589526 0.485645
v -0.793997 0.465132 0.492645
v -0.793997 0.589526 0.492645
v -0.802199 0.465132 0.500115
v -0.802199 0.589526 0.500115
v -0.816903 0.465132 0.515929
v -0.816903 0.589526 0.515929
v -0.829110 0.465132 0.532779
v -0.829110 0.589526 0.532779
v -0.838808 0.465132 0.550459
v -0.838808 0.589526 0.550459
v -0.845988 0.465132 0.568763
v -0.845988 0.589526 0.568763
v -0.850639 0.465132 0.587487
v -0.850639 0.589526 0.587487
v -0.852751 0.465132 0.606426
v -0.852751 0.589526 0.606426
v -0.852313 0.465132 0.625373
v -0.852313 0.589526 0.625373
v -0.849316 0.465132 0.644124
v -0.849316 0.589526 0.644124
v -0.843750 0.465132 0.662474
v -0.843750 0.589526 0.662474
v -0.835603 0.465132 0.680216
v -0.835603 0.589526 0.680216
v -0.824865 0.465132 0.697147
v -0.824865 0.589526 0.697147
v -0.811526 0.465132 0.713060
v -0.811526 0.589526 0.713060
v -0.796047 0.465132 0.727391
v -0.796047 0.589526 0.727391
v -0.779589 0.465132 0.739096
v -0.779589 0.589526 0.739096
v -0.762317 0.465132 0.748174
v -0.762317 0.589526 0.748174
v -0.744397 0.465132 0.754621
v -0.744397 0.589526 0.754621
v -0.725994 0.465132 0.758435
v -0.725994 0.589526 0.758435
v -0.707273 0.465132 0.759614
v -0.707273 0.589526 0.759614
v -0.688400 0.465132 0.758156
v -0.688400 0.589526 0.758156
v -0.669539 0.465132 0.754057
v -0.669539 0.589526 0.754057
v -0.650855 0.465132 0.747316
v -0.650855 0.589526 0.747316
v -0.632515 0.465132 0.737930
v -0.632515 0.589526 0.737930
v -0.614683 0.465132 0.725897
v -0.614683 0.589526 0.725897
v -0.597523 0.465132 0.711214
v -0.597523 0.589526 0.711214
v -0.589813 0.465132 0.703414
v -0.589813 0.589526 0.703414
v -0.582438 0.465132 0.695066
v -0.582438 0.589526 0.695066
v -0.575411 0.465132 0.686193
v -0.575411 0.589526 0.686193
v -0.568748 0.465132 0.676820
v -0.568748 0.589526 0.676820
v -0.562462 0.465132 0.666971
v -0.562462 0.589526 0.666971
v -0.556569 0.465132 0.656672
v -0.556569 0.589526 0.656672
v -0.551082 0.465132 0.645947
v -0.551082 0.589526 0.645947
v -0.546017 0.465132 0.634820
v -0.546017 0.589526 0.634820
v -0.541387 0.465132 0.623317
v -0.541387 0.589526 0.623317
v -0.537207 0.465132 0.611462
v -0.537207 0.589526 0.611462
v -0.533492 0.465132 0.599279
v -0.533492 0.589526 0.599279
v -0.530256 0.465132 0.586794
v -0.530256 0.589526 0.586794
v -0.488477 0.465132 0.630553
v -0.488477 0.589526 0.630553
v -0.492053 0.465132 0.640638
v -0.492053 0.589526 0.640638
v -0.495954 0.465132 0.650667
v -0.495954 0.589526 0.650667
v -0.500240 0.465132 0.660656
v -0.500240 0.589526 0.660656
v -0.504971 0.465132 0.670623
v -0.504971 0.589526 0.670623
v -0.510208 0.465132 0.680583
v -0.510208 0.589526 0.680583
v -0.516010 0.465132 0.690554
v -0.516010 0.589526 0.690554
v -0.522438 0.465132 0.700552
v -0.522438 0.589526 0.700552
v -0.529551 0.465132 0.710595
v -0.529551 0.589526 0.710595
v -0.537410 0.465132 0.720697
v -0.537410 0.589526 0.720697
v -0.546075 0.465132 0.730877
v -0.546075 0.589526 0.730877
v -0.555606 0.465132 0.741150
v -0.555606 0.589526 0.741150
v -0.566063 0.465132 0.751534
v -0.566063 0.589526 0.751534
v -0.592563 0.465132 0.773741
v -0.592563 0.589526 0.773741
v -0.619519 0.465132 0.790647
v -0.619519 0.589526 0.790647
v -0.646637 0.465132 0.802654
v -0.646637 0.589526 0.802654
v -0.673622 0.465132 0.810160
v -0.673622 0.589526 0.810160
v -0.700178 0.465132 0.813566
v -0.700178 0.589526 0.813566
v -0.726012 0.465132 0.813271
v -0.726012 0.589526 0.813271
v -0.750827 0.465132 0.809675
v -0.750827 0.589526 0.809675
v -0.774330 0.465132 0.803178
v -0.774330 0.589526 0.803178
v -0.796226 0.465132 0.794180
v -0.796226 0.589526 0.794180
v -0.816219 0.465132 0.783081
v -0.816219 0.589526 0.783081
v -0.834014 0.465132 0.770280
v -0.834014 0.589526 0.770280
v -0.849317 0.465132 0.756177
v -0.849317 0.589526 0.756177
v -0.867830 0.465132 0.734156
v -0.867830 0.589526 0.734156
v -0.882763 0.465132 0.710802
v -0.882763 0.589526 0.710802
v -0.894125 0.465132 0.686384
v -0.894125 0.589526 0.686384
v -0.901923 0.465132 0.661170
v -0.901923 0.589526 0.661170
v -0.906166 0.465132 0.635427
v -0.906166 0.589526 0.635427
v -0.906860 0.465132 0.609423
v -0.906860 0.589526 0.609423
v -0.904013 0.465132 0.583425
v -0.904013 0.589526 0.583425
v -0.897633 0.465132 0.557703
v -0.897633 0.589526 0.557703
v -0.887727 0.465132 0.532523
v -0.887727 0.589526 0.532523
v -0.874304 0.465132 0.508154
v -0.874304 0.589526 0.508154
v -0.857369 0.465132 0.484863
v -0.857369 0.589526 0.484863
v -0.836932 0.465132 0.462918
v -0.836932 0.589526 0.462918
v -0.829622 0.465132 0.456218
v -0.829622 0.589526 0.456218
v -0.821982 0.465132 0.449771
v -0.821982 0.589526 0.449771
v -0.813975 0.465132 0.443553
v -0.813975 0.589526 0.443553
v -0.805565 0.465132 0.437545
v -0.805565 0.589526 0.437545
v -0.796715 0.465132 0.431725
v -0.796715 0.589526 0.431725
v -0.787388 0.465132 0.426072
v -0.787388 0.589526 0.426072
v -0.777548 0.465132 0.420564
v -0.777548 0.589526 0.420564
v -0.767158 0.465132 0.415179
v -0.767158 0.589526 0.415179
v -0.756182 0.465132 0.409897
v -0.756182 0.589526 0.409897
v -0.744583 0.465132 0.404696
v -0.744583 0.589526 0.404696
v -0.732324 0.465132 0.399555
v -0.732324 0.589526 0.399555
v -0.719369 0.465132 0.394452
v -0.719369 0.589526 0.394452
v -0.678370 0.465132 0.437393
v -0.678370 0.589526 0.437393
v -0.315906 0.465132 0.353616
v -0.315906 0.589526 0.353616
v -0.305687 0.465132 0.369206
v -0.305687 0.589526 0.369206
v -0.297886 0.465132 0.385335
v -0.297886 0.589526 0.385335
v -0.292494 0.465132 0.401857
v -0.292494 0.589526 0.401857
v -0.289501 0.465132 0.418630
v -0.289501 0.589526 0.418630
v -0.288899 0.465132 0.435508
v -0.288899 0.589526 0.435508
v -0.290679 0.465132 0.452348
v -0.290679 0.589526 0.452348
v -0.294833 0.465132 0.469006
v -0.294833 0.589526 0.469006
v -0.301350 0.465132 0.485336
v -0.301350 0.589526 0.485336
v -0.310223 0.465132 0.501195
v -0.310223 0.589526 0.501195
v -0.321442 0.465132 0.516439
v -0.321442 0.589526 0.516439
v -0.334999 0.465132 0.530924
v -0.334999 0.589526 0.530924
v -0.349561 0.465132 0.543226
v -0.349561 0.589526 0.543226
v -0.364917 0.465132 0.553197
v -0.364917 0.589526 0.553197
v -0.380896 0.465132 0.560843
v -0.380896 0.589526 0.560843
v -0.397329 0.465132 0.566171
v -0.397329 0.589526 0.566171
v -0.414048 0.465132 0.569186
v -0.414048 0.589526 0.569186
v -0.430883 0.465132 0.569897
v -0.430883 0.589526 0.569897
v -0.447665 0.465132 0.568309
v -0.447665 0.589526 0.568309
v -0.464225 0.465132 0.564430
v -0.464225 0.589526 0.564430
v -0.480392 0.465132 0.558266
v -0.480392 0.589526 0.558266
v -0.495999 0.465132 0.549823
v -0.495999 0.589526 0.549823
v -0.510876 0.465132 0.539109
v -0.510876 0.589526 0.539109
v -0.524853 0.465132 0.526130
v -0.524853 0.589526 0.526130
v -0.536333 0.465132 0.512383
v -0.536333 0.589526 0.512383
v -0.545592 0.465132 0.497653
v -0.545592 0.589526 0.497653
v -0.552636 0.465132 0.482139
v -0.552636 0.589526 0.482139
v -0.557471 0.465132 0.466038
v -0.557471 0.589526 0.466038
v -0.560103 0.465132 0.449549
v -0.560103 0.589526 0.449549
v -0.560538 0.465132 0.432871
v -0.560538 0.589526 0.432871
v -0.558782 0.465132 0.416202
v -0.558782 0.589526 0.416202
v -0.554840 0.465132 0.399741
v -0.554840 0.589526 0.399741
v -0.548720 0.465132 0.383685
v -0.548720 0.589526 0.383685
v -0.540427 0.465132 0.368234
v -0.540427 0.589526 0.368234
v -0.529966 0.465132 0.353586
v -0.529966 0.589526 0.353586
v -0.517345 0.465132 0.339938
v -0.517345 0.589526 0.339938
v -0.502508 0.465132 0.327310
v -0.502508 0.589526 0.327310
v -0.486944 0.465132 0.316954
v -0.486944 0.589526 0.316954
v -0.470822 0.465132 0.308871
v -0.470822 0.589526 0.308871
v -0.454310 0.465132 0.303064
v -0.454310 0.589526 0.303064
v -0.437579 0.465132 0.299533
v -0.437579 0.589526 0.299533
v -0.420798 0.465132 0.298281
v -0.420798 0.589526 0.298281
v -0.404137 0.465132 0.299309
v -0.404137 0.589526 0.299309
v -0.387764 0.465132 0.302619
v -0.387764 0.589526 0.302619
v -0.371850 0.465132 0.308212
v -0.371850 0.589526 0.308212
v -0.356563 0.465132 0.316090
v -0.356563 0.589526 0.316090
v -0.342074 0.465132 0.326255
v -0.342074 0.589526 0.326255
v -0.328551 0.465132 0.338709
v -0.328551 0.589526 0.338709
v -0.478136 0.465132 0.499558
v -0.478136 0.589526 0.499558
v -0.468238 0.465132 0.507013
v -0.468238 0.589526 0.507013
v -0.458029 0.465132 0.512960
v -0.458029 0.589526 0.512960
v -0.447599 0.465132 0.517401
v -0.447599 0.589526 0.517401
v -0.437033 0.465132 0.520334
v -0.437033 0.589526 0.520334
v -0.426420 0.465132 0.521759
v -0.426420 0.589526 0.521759
v -0.415847 0.465132 0.521675
v -0.415847 0.589526 0.521675
v -0.405402 0.465132 0.520081
v -0.405402 0.589526 0.520081
v -0.395171 0.465132 0.516977
v -0.395171 0.589526 0.516977
v -0.385243 0.465132 0.512362
v -0.385243 0.589526 0.512362
v -0.375706 0.465132 0.506236
v -0.375706 0.589526 0.506236
v -0.366645 0.465132 0.498597
v -0.366645 0.589526 0.498597
v -0.357821 0.465132 0.489206
v -0.357821 0.589526 0.489206
v -0.350573 0.465132 0.479426
v -0.350573 0.589526 0.479426
v -0.344903 0.465132 0.469324
v -0.344903 0.589526 0.469324
v -0.340814 0.465132 0.458965
v -0.340814 0.589526 0.458965
v -0.338309 0.465132 0.448414
v -0.338309 0.589526 0.448414
v -0.337392 0.465132 0.437735
v -0.337392 0.589526 0.437735
v -0.338064 0.465132 0.426995
v -0.338064 0.589526 0.426995
v -0.340329 0.465132 0.416258
v -0.340329 0.589526 0.416258
v -0.344190 0.465132 0.405590
v -0.344190 0.589526 0.405590
v -0.349650 0.465132 0.395056
v -0.349650 0.589526 0.395056
v -0.356711 0.465132 0.384721
v -0.356711 0.589526 0.384721
v -0.365376 0.465132 0.374649
v -0.365376 0.589526 0.374649
v -0.374201 0.465132 0.366480
v -0.374201 0.589526 0.366480
v -0.383617 0.465132 0.359763
v -0.383617 0.589526 0.359763
v -0.393517 0.465132 0.354502
v -0.393517 0.589526 0.354502
v -0.403793 0.465132 0.350698
v -0.403793 0.589526 0.350698
v -0.414335 0.465132 0.348355
v -0.414335 0.589526 0.348355
v -0.425036 0.465132 0.347474
v -0.425036 0.589526 0.347474
v -0.435788 0.465132 0.348058
v -0.435788 0.589526 0.348058
v -0.446482 0.465132 0.350110
v -0.446482 0.589526 0.350110
v -0.457010 0.465132 0.353632
v -0.457010 0.589526 0.353632
v -0.467264 0.465132 0.358627
v -0.467264 0.589526 0.358627
v -0.477136 0.465132 0.365098
v -0.477136 0.589526 0.365098
v -0.486517 0.465132 0.373046
v -0.486517 0.589526 0.373046
v -0.494397 0.465132 0.381577
v -0.494397 0.589526 0.381577
v -0.500860 0.465132 0.390699
v -0.500860 0.589526 0.390699
v -0.505907 0.465132 0.400304
v -0.505907 0.589526 0.400304
v -0.509537 0.465132 0.410284
v -0.509537 0.589526 0.410284
v -0.511752 0.465132 0.420529
v -0.511752 0.589526 0.420529
v -0.512552 0.465132 0.430932
v -0.512552 0.589526 0.430932
v -0.511936 0.465132 0.441385
v -0.511936 0.589526 0.441385
v -0.509905 0.465132 0.451779
v -0.509905 0.589526 0.451779
v -0.506460 0.465132 0.462005
v -0.506460 0.589526 0.462005
v -0.501600 0.465132 0.471956
v -0.501600 0.589526 0.471956
v -0.495325 0.465132 0.481523
v -0.495325 0.589526 0.481523
v -0.487637 0.465132 0.490598
v -0.487637 0.589526 0.490598
v -0.314531 0.465132 0.199459
v -0.314531 0.589526 0.199459
v -0.314972 0.465132 0.191772
v -0.314972 0.589526 0.191772
v -0.314860 0.465132 0.184163
v -0.314860 0.589526 0.184163
v -0.314209 0.465132 0.176664
v -0.314209 0.589526 0.176664
v -0.313033 0.465132 0.169307
v -0.313033 0.589526 0.169307
v -0.311344 0.465132 0.162122
v -0.311344 0.589526 0.162122
v -0.309156 0.465132 0.155142
v -0.309156 0.589526 0.155142
v -0.306482 0.465132 0.148398
v -0.306482 0.589526 0.148398
v -0.303334 0.465132 0.141921
v -0.303334 0.589526 0.141921
v -0.299727 0.465132 0.135745
v -0.299727 0.589526 0.135745
v -0.295674 0.465132 0.129899
v -0.295674 0.589526 0.129899
v -0.291188 0.465132 0.124416
v -0.291188 0.589526 0.124416
v -0.286281 0.465132 0.119328
v -0.286281 0.589526 0.119328
v -0.277274 0.465132 0.111676
v -0.277274 0.589526 0.111676
v -0.267676 0.465132 0.105368
v -0.267676 0.589526 0.105368
v -0.257550 0.465132 0.100484
v -0.257550 0.589526 0.100484
v -0.246959 0.465132 0.097101
v -0.246959 0.589526 0.097101
v -0.235966 0.465132 0.095300
v -0.235966 0.589526 0.095300
v -0.224633 0.465132 0.095159
v -0.224633 0.589526 0.095159
v -0.213024 0.465132 0.096757
v -0.213024 0.589526 0.096757
v -0.201202 0.465132 0.100175
v -0.201202 0.589526 0.100175
v -0.189229 0.465132 0.105489
v -0.189229 0.589526 0.105489
v -0.177168 0.465132 0.112780
v -0.177168 0.589526 0.112780
v -0.165083 0.465132 0.122127
v -0.165083 0.589526 0.122127
v -0.153036 0.465132 0.133609
v -0.153036 0.589526 0.133609
v -0.044879 0.465132 0.246892
v -0.044879 0.589526 0.246892
v -0.081276 0.465132 0.281643
v -0.081276 0.589526 0.281643
v -0.189825 0.465132 0.167951
v -0.189825 0.589526 0.167951
v -0.196362 0.465132 0.161677
v -0.196362 0.589526 0.161677
v -0.203057 0.465132 0.156358
v -0.203057 0.589526 0.156358
v -0.209864 0.465132 0.152003
v -0.209864 0.589526 0.152003
v -0.216735 0.465132 0.148621
v -0.216735 0.589526 0.148621
v -0.223623 0.465132 0.146221
v -0.223623 0.589526 0.146221
v -0.230481 0.465132 0.144814
v -0.230481 0.589526 0.144814
v -0.237263 0.465132 0.144409
v -0.237263 0.589526 0.144409
v -0.243921 0.465132 0.145014
v -0.243921 0.589526 0.145014
v -0.250407 0.465132 0.146640
v -0.250407 0.589526 0.146640
v -0.256677 0.465132 0.149296
v -0.256677 0.589526 0.149296
v -0.262681 0.465132 0.152991
v -0.262681 0.589526 0.152991
v -0.268373 0.465132 0.157735
v -0.268373 0.589526 0.157735
v -0.272148 0.465132 0.161637
v -0.272148 0.589526 0.161637
v -0.275506 0.465132 0.165757
v -0.275506 0.589526 0.165757
v -0.278459 0.465132 0.170137
v -0.278459 0.589526 0.170137
v -0.281018 0.465132 0.174817
v -0.281018 0.589526 0.174817
v -0.283197 0.465132 0.179839
v -0.283197 0.589526 0.179839
v -0.285007 0.465132 0.185245
v -0.285007 0.589526 0.185245
v -0.286460 0.465132 0.191076
v -0.286460 0.589526 0.191076
v -0.287569 0.465132 0.197372
v -0.287569 0.589526 0.197372
v -0.288345 0.465132 0.204177
v -0.288345 0.589526 0.204177
v -0.288800 0.465132 0.211530
v -0.288800 0.589526 0.211530
v -0.288947 0.465132 0.219474
v -0.288947 0.589526 0.219474
v -0.288797 0.465132 0.228049
v -0.288797 0.589526 0.228049
v -0.163069 0.465132 0.359735
v -0.163069 0.589526 0.359735
v -0.199466 0.465132 0.394486
v -0.199466 0.589526 0.394486
v -0.374783 0.465132 0.210862
v -0.374783 0.589526 0.210862
v -0.338386 0.465132 0.176111
v -0.338386 0.589526 0.176111
v -0.315349 0.465132 0.200240
v -0.315349 0.589526 0.200240
v -0.025604 0.465132 -0.037980
v -0.025604 0.589526 -0.037980
v -0.033386 0.465132 -0.036086
v -0.033386 0.589526 -0.036086
v -0.040791 0.465132 -0.033962
v -0.040791 0.589526 -0.033962
v -0.047809 0.465132 -0.031628
v -0.047809 0.589526 -0.031628
v -0.054431 0.465132 -0.029108
v -0.054431 0.589526 -0.029108
v -0.060649 0.465132 -0.026423
v -0.060649 0.589526 -0.026423
v -0.066454 0.465132 -0.023595
v -0.066454 0.589526 -0.023595
v -0.071837 0.465132 -0.020646
v -0.071837 0.589526 -0.020646
v -0.076788 0.465132 -0.017598
v -0.076788 0.589526 -0.017598
v -0.081300 0.465132 -0.014473
v -0.081300 0.589526 -0.014473
v -0.085363 0.465132 -0.011294
v -0.085363 0.589526 -0.011294
v -0.088969 0.465132 -0.008082
v -0.088969 0.589526 -0.008082
v -0.092400 0.465132 -0.004533
v -0.092400 0.589526 -0.004533
v -0.095333 0.465132 -0.000934
v -0.095333 0.589526 -0.000934
v -0.097766 0.465132 0.002688
v -0.097766 0.589526 0.002688
v -0.099700 0.465132 0.006304
v -0.099700 0.589526 0.006304
v -0.101132 0.465132 0.009888
v -0.101132 0.589526 0.009888
v -0.102064 0.465132 0.013411
v -0.102064 0.589526 0.013411
v -0.102493 0.465132 0.016846
v -0.102493 0.589526 0.016846
v -0.102420 0.465132 0.020165
v -0.102420 0.589526 0.020165
v -0.101844 0.465132 0.023339
v -0.101844 0.589526 0.023339
v -0.100763 0.465132 0.026343
v -0.100763 0.589526 0.026343
v -0.099179 0.465132 0.029146
v -0.099179 0.589526 0.029146
v -0.097089 0.465132 0.031723
v -0.097089 0.589526 0.031723
v -0.094840 0.465132 0.033558
v -0.094840 0.589526 0.033558
v -0.091963 0.465132 0.034973
v -0.091963 0.589526 0.034973
v -0.088407 0.465132 0.035967
v -0.088407 0.589526 0.035967
v -0.084121 0.465132 0.036541
v -0.084121 0.589526 0.036541
v -0.079053 0.465132 0.036694
v -0.079053 0.589526 0.036694
v -0.073152 0.465132 0.036426
v -0.073152 0.589526 0.036426
v -0.066366 0.465132 0.035737
v -0.066366 0.589526 0.035737
v -0.058644 0.465132 0.034627
v -0.058644 0.589526 0.034627
v -0.049935 0.465132 0.033095
v -0.049935 0.589526 0.033095
v -0.040188 0.465132 0.031142
v -0.040188 0.589526 0.031142
v -0.029350 0.465132 0.028767
v -0.029350 0.589526 0.028767
v -0.017370 0.465132 0.025969
v -0.017370 0.589526 0.025969
v -0.005556 0.465132 0.023988
v -0.005556 0.589526 0.023988
v 0.005238 0.465132 0.022484
v 0.005238 0.589526 0.022484
v 0.015084 0.465132 0.021478
v 0.015084 0.589526 0.021478
v 0.024056 0.465132 0.020988
v 0.024056 0.589526 0.020988
v 0.032227 0.465132 0.021036
v 0.032227 0.589526 0.021036
v 0.039669 0.465132 0.021640
v 0.039669 0.589526 0.021640
v 0.046457 0.465132 0.022821
v 0.046457 0.589526 0.022821
v 0.052663 0.465132 0.024598
v 0.052663 0.589526 0.024598
v 0.058361 0.465132 0.026991
v 0.058361 0.589526 0.026991
v 0.063623 0.465132 0.030019
v 0.063623 0.589526 0.030019
v 0.068523 0.465132 0.033703
v 0.068523 0.589526 0.033703
v 0.073133 0.465132 0.038062
v 0.073133 0.589526 0.038062
v 0.080100 0.465132 0.046414
v 0.080100 0.589526 0.046414
v 0.085592 0.465132 0.055254
v 0.085592 0.589526 0.055254
v 0.089631 0.465132 0.064489
v 0.089631 0.589526 0.064489
v 0.092238 0.465132 0.074023
v 0.092238 0.589526 0.074023
v 0.093435 0.465132 0.083764
v 0.093435 0.589526 0.083764
v 0.093244 0.465132 0.093617
v 0.093244 0.589526 0.093617
v 0.091685 0.465132 0.103488
v 0.091685 0.589526 0.103488
v 0.088782 0.465132 0.113284
v 0.088782 0.589526 0.113284
v 0.084555 0.465132 0.122910
v 0.084555 0.589526 0.122910
v 0.079026 0.465132 0.132273
v 0.079026 0.589526 0.132273
v 0.072216 0.465132 0.141279
v 0.072216 0.589526 0.141279
v 0.064148 0.465132 0.149833
v 0.064148 0.589526 0.149833
v 0.058529 0.465132 0.155015
v 0.058529 0.589526 0.155015
v 0.052887 0.465132 0.159839
v 0.052887 0.589526 0.159839
v 0.047172 0.465132 0.164331
v 0.047172 0.589526 0.164331
v 0.041334 0.465132 0.168516
v 0.041334 0.589526 0.168516
v 0.035326 0.465132 0.172420
v 0.035326 0.589526 0.172420
v 0.029097 0.465132 0.176067
v 0.029097 0.589526 0.176067
v 0.022598 0.465132 0.179483
v 0.022598 0.589526 0.179483
v 0.015781 0.465132 0.182693
v 0.015781 0.589526 0.182693
v 0.008596 0.465132 0.185722
v 0.008596 0.589526 0.185722
v 0.000994 0.465132 0.188596
v 0.000994 0.589526 0.188596
v -0.007075 0.465132 0.191339
v -0.007075 0.589526 0.191339
v -0.015659 0.465132 0.193978
v -0.015659 0.589526 0.193978
v -0.053144 0.465132 0.154717
v -0.053144 0.589526 0.154717
v -0.043525 0.465132 0.153010
v -0.043525 0.589526 0.153010
v -0.034347 0.465132 0.151046
v -0.034347 0.589526 0.151046
v -0.025625 0.465132 0.148843
v -0.025625 0.589526 0.148843
v -0.017373 0.465132 0.146421
v -0.017373 0.589526 0.146421
v -0.009605 0.465132 0.143799
v -0.009605 0.589526 0.143799
v -0.002335 0.465132 0.140996
v -0.002335 0.589526 0.140996
v 0.004421 0.465132 0.138031
v 0.004421 0.589526 0.138031
v 0.010651 0.465132 0.134924
v 0.010651 0.589526 0.134924
v 0.016339 0.465132 0.131692
v 0.016339 0.589526 0.131692
v 0.021471 0.465132 0.128357
v 0.021471 0.589526 0.128357
v 0.026033 0.465132 0.124936
v 0.026033 0.589526 0.124936
v 0.030011 0.465132 0.121448
v 0.030011 0.589526 0.121448
v 0.033318 0.465132 0.117656
v 0.033318 0.589526 0.117656
v 0.036244 0.465132 0.113738
v 0.036244 0.589526 0.113738
v 0.038756 0.465132 0.109728
v 0.038756 0.589526 0.109728
v 0.040819 0.465132 0.105657
v 0.040819 0.589526 0.105657
v 0.042400 0.465132 0.101558
v 0.042400 0.589526 0.101558
v 0.043464 0.465132 0.097464
v 0.043464 0.589526 0.097464
v 0.043977 0.465132 0.093407
v 0.043977 0.589526 0.093407
v 0.043905 0.465132 0.089420
v 0.043905 0.589526 0.089420
v 0.043215 0.465132 0.085536
v 0.043215 0.589526 0.085536
v 0.041871 0.465132 0.081786
v 0.041871 0.589526 0.081786
v 0.039841 0.465132 0.078203
v 0.039841 0.589526 0.078203
v 0.037089 0.465132 0.074821
v 0.037089 0.589526 0.074821
v 0.029557 0.465132 0.070314
v 0.029557 0.589526 0.070314
v 0.019355 0.465132 0.068983
v 0.019355 0.589526 0.068983
v 0.006923 0.465132 0.070092
v 0.006923 0.589526 0.070092
v -0.007303 0.465132 0.072905
v -0.007303 0.589526 0.072905
v -0.022884 0.465132 0.076686
v -0.022884 0.589526 0.076686
v -0.039383 0.465132 0.080700
v -0.039383 0.589526 0.080700
v -0.056362 0.465132 0.084211
v -0.056362 0.589526 0.084211
v -0.073383 0.465132 0.086484
v -0.073383 0.589526 0.086484
v -0.090008 0.465132 0.086783
v -0.090008 0.589526 0.086783
v -0.105800 0.465132 0.084373
v -0.105800 0.589526 0.084373
v -0.120321 0.465132 0.078518
v -0.120321 0.589526 0.078518
v -0.133133 0.465132 0.068482
v -0.133133 0.589526 0.068482
v -0.139816 0.465132 0.060505
v -0.139816 0.589526 0.060505
v -0.145038 0.465132 0.052154
v -0.145038 0.589526 0.052154
v -0.148814 0.465132 0.043486
v -0.148814 0.589526 0.043486
v -0.151159 0.465132 0.034560
v -0.151159 0.589526 0.034560
v -0.152089 0.465132 0.025433
v -0.152089 0.589526 0.025433
v -0.151618 0.465132 0.016164
v -0.151618 0.589526 0.016164
v -0.149763 0.465132 0.006810
v -0.149763 0.589526 0.006810
v -0.146537 0.465132 -0.002571
v -0.146537 0.589526 -0.002571
v -0.141958 0.465132 -0.011920
v -0.141958 0.589526 -0.011920
v -0.136038 0.465132 -0.021180
v -0.136038 0.589526 -0.021180
v -0.128795 0.465132 -0.030292
v -0.128795 0.589526 -0.030292
v -0.120243 0.465132 -0.039200
v -0.120243 0.589526 -0.039200
v -0.115842 0.465132 -0.043206
v -0.115842 0.589526 -0.043206
v -0.111223 0.465132 -0.047026
v -0.111223 0.589526 -0.047026
v -0.106380 0.465132 -0.050664
v -0.106380 0.589526 -0.050664
v -0.101308 0.465132 -0.054122
v -0.101308 0.589526 -0.054122
v -0.096002 0.465132 -0.057401
v -0.096002 0.589526 -0.057401
v -0.090455 0.465132 -0.060506
v -0.090455 0.589526 -0.060506
v -0.084662 0.465132 -0.063439
v -0.084662 0.589526 -0.063439
v -0.078618 0.465132 -0.066202
v -0.078618 0.589526 -0.066202
v -0.072317 0.465132 -0.068797
v -0.072317 0.589526 -0.068797
v -0.065752 0.465132 -0.071229
v -0.065752 0.589526 -0.071229
v -0.058919 0.465132 -0.073499
v -0.058919 0.589526 -0.073499
v -0.051813 0.465132 -0.075609
v -0.051813 0.589526 -0.075609
v -0.017452 0.465132 -0.039621
v -0.017452 0.589526 -0.039621
v 0.257581 0.465132 -0.086446
v 0.257581 0.589526 -0.086446
v 0.257464 0.465132 -0.078750
v 0.257464 0.589526 -0.078750
v 0.256879 0.465132 -0.071096
v 0.256879 0.589526 -0.071096
v 0.255845 0.465132 -0.063534
v 0.255845 0.589526 -0.063534
v 0.254376 0.465132 -0.056111
v 0.254376 0.589526 -0.056111
v 0.252489 0.465132 -0.048875
v 0.252489 0.589526 -0.048875
v 0.250201 0.465132 -0.041875
v 0.250201 0.589526 -0.041875
v 0.247527 0.465132 -0.035159
v 0.247527 0.589526 -0.035159
v 0.244485 0.465132 -0.028774
v 0.244485 0.589526 -0.028774
v 0.241091 0.465132 -0.022771
v 0.241091 0.589526 -0.022771
v 0.237361 0.465132 -0.017195
v 0.237361 0.589526 -0.017195
v 0.233312 0.465132 -0.012097
v 0.233312 0.589526 -0.012097
v 0.228959 0.465132 -0.007523
v 0.228959 0.589526 -0.007523
v 0.219369 0.465132 0.000582
v 0.219369 0.589526 0.000582
v 0.209256 0.465132 0.007113
v 0.209256 0.589526 0.007113
v 0.198693 0.465132 0.012042
v 0.198693 0.589526 0.012042
v 0.187756 0.465132 0.015341
v 0.187756 0.589526 0.015341
v 0.176519 0.465132 0.016984
v 0.176519 0.589526 0.016984
v 0.165055 0.465132 0.016943
v 0.165055 0.589526 0.016943
v 0.153439 0.465132 0.015191
v 0.153439 0.589526 0.015191
v 0.141746 0.465132 0.011699
v 0.141746 0.589526 0.011699
v 0.130048 0.465132 0.006441
v 0.130048 0.589526 0.006441
v 0.118422 0.465132 -0.000611
v 0.118422 0.589526 -0.000611
v 0.106940 0.465132 -0.009484
v 0.106940 0.589526 -0.009484
v 0.095678 0.465132 -0.020206
v 0.095678 0.589526 -0.020206
v -0.013261 0.465132 -0.134306
v -0.013261 0.589526 -0.134306
v 0.023136 0.465132 -0.169057
v 0.023136 0.589526 -0.169057
v 0.134418 0.465132 -0.052503
v 0.134418 0.589526 -0.052503
v 0.140610 0.465132 -0.046546
v 0.140610 0.589526 -0.046546
v 0.146877 0.465132 -0.041565
v 0.146877 0.589526 -0.041565
v 0.153206 0.465132 -0.037571
v 0.153206 0.589526 -0.037571
v 0.159584 0.465132 -0.034576
v 0.159584 0.589526 -0.034576
v 0.165995 0.465132 -0.032591
v 0.165995 0.589526 -0.032591
v 0.172428 0.465132 -0.031627
v 0.172428 0.589526 -0.031627
v 0.178868 0.465132 -0.031696
v 0.178868 0.589526 -0.031696
v 0.185301 0.465132 -0.032810
v 0.185301 0.589526 -0.032810
v 0.191714 0.465132 -0.034980
v 0.191714 0.589526 -0.034980
v 0.198094 0.465132 -0.038217
v 0.198094 0.589526 -0.038217
v 0.204427 0.465132 -0.042532
v 0.204427 0.589526 -0.042532
v 0.210698 0.465132 -0.047938
v 0.210698 0.589526 -0.047938
v 0.214591 0.465132 -0.052012
v 0.214591 0.589526 -0.052012
v 0.218086 0.465132 -0.056414
v 0.218086 0.589526 -0.056414
v 0.221177 0.465132 -0.061131
v 0.221177 0.589526 -0.061131
v 0.223858 0.465132 -0.066149
v 0.223858 0.589526 -0.066149
v 0.226124 0.465132 -0.071454
v 0.226124 0.589526 -0.071454
v 0.227969 0.465132 -0.077033
v 0.227969 0.589526 -0.077033
v 0.229386 0.465132 -0.082872
v 0.229386 0.589526 -0.082872
v 0.230370 0.465132 -0.088957
v 0.230370 0.589526 -0.088957
v 0.230915 0.465132 -0.095274
v 0.230915 0.589526 -0.095274
v 0.231016 0.465132 -0.101810
v 0.231016 0.589526 -0.101810
v 0.230665 0.465132 -0.108550
v 0.230665 0.589526 -0.108550
v 0.229858 0.465132 -0.115482
v 0.229858 0.589526 -0.115482
v 0.104520 0.465132 -0.246759
v 0.104520 0.589526 -0.246759
v 0.140917 0.465132 -0.281510
v 0.140917 0.589526 -0.281510
v 0.316235 0.465132 -0.097886
v 0.316235 0.589526 -0.097886
v 0.279837 0.465132 -0.063135
v 0.279837 0.589526 -0.063135
v 0.250246 0.465132 -0.339769
v 0.250246 0.589526 -0.339769
v 0.250628 0.465132 -0.348734
v 0.250628 0.589526 -0.348734
v 0.251350 0.465132 -0.357247
v 0.251350 0.589526 -0.357247
v 0.252412 0.465132 -0.365314
v 0.252412 0.589526 -0.365314
v 0.253813 0.465132 -0.372939
v 0.253813 0.589526 -0.372939
v 0.255554 0.465132 -0.380129
v 0.255554 0.589526 -0.380129
v 0.257635 0.465132 -0.386889
v 0.257635 0.589526 -0.386889
v 0.260056 0.465132 -0.393224
v 0.260056 0.589526 -0.393224
v 0.262818 0.465132 -0.399141
v 0.262818 0.589526 -0.399141
v 0.265920 0.465132 -0.404644
v 0.265920 0.589526 -0.404644
v 0.269362 0.465132 -0.409739
v 0.269362 0.589526 -0.409739
v 0.273145 0.465132 -0.414432
v 0.273145 0.589526 -0.414432
v 0.277268 0.465132 -0.418728
v 0.277268 0.589526 -0.418728
v 0.283236 0.465132 -0.423972
v 0.283236 0.589526 -0.423972
v 0.289475 0.465132 -0.428570
v 0.289475 0.589526 -0.428570
v 0.295972 0.465132 -0.432518
v 0.295972 0.589526 -0.432518
v 0.302711 0.465132 -0.435810
v 0.302711 0.589526 -0.435810
v 0.309679 0.465132 -0.438442
v 0.309679 0.589526 -0.438442
v 0.316863 0.465132 -0.440408
v 0.316863 0.589526 -0.440408
v 0.324247 0.465132 -0.441703
v 0.324247 0.589526 -0.441703
v 0.331819 0.465132 -0.442321
v 0.331819 0.589526 -0.442321
v 0.339564 0.465132 -0.442257
v 0.339564 0.589526 -0.442257
v 0.347468 0.465132 -0.441507
v 0.347468 0.589526 -0.441507
v 0.355517 0.465132 -0.440064
v 0.355517 0.589526 -0.440064
v 0.363697 0.465132 -0.437925
v 0.363697 0.589526 -0.437925
v 0.363523 0.465132 -0.446231
v 0.363523 0.589526 -0.446231
v 0.363653 0.465132 -0.454517
v 0.363653 0.589526 -0.454517
v 0.364140 0.465132 -0.462754
v 0.364140 0.589526 -0.462754
v 0.365038 0.465132 -0.470910
v 0.365038 0.589526 -0.470910
v 0.366399 0.465132 -0.478955
v 0.366399 0.589526 -0.478955
v 0.368279 0.465132 -0.486859
v 0.368279 0.589526 -0.486859
v 0.370728 0.465132 -0.494592
v 0.370728 0.589526 -0.494592
v 0.373803 0.465132 -0.502123
v 0.373803 0.589526 -0.502123
v 0.377555 0.465132 -0.509422
v 0.377555 0.589526 -0.509422
v 0.382039 0.465132 -0.516458
v 0.382039 0.589526 -0.516458
v 0.387307 0.465132 -0.523200
v 0.387307 0.589526 -0.523200
v 0.393413 0.465132 -0.529620
v 0.393413 0.589526 -0.529620
v 0.402992 0.465132 -0.537640
v 0.402992 0.589526 -0.537640
v 0.413065 0.465132 -0.543945
v 0.413065 0.589526 -0.543945
v 0.423552 0.465132 -0.548550
v 0.423552 0.589526 -0.548550
v 0.434371 0.465132 -0.551468
v 0.434371 0.589526 -0.551468
v 0.445439 0.465132 -0.552713
v 0.445439 0.589526 -0.552713
v 0.456677 0.465132 -0.552301
v 0.456677 0.589526 -0.552301
v 0.468001 0.465132 -0.550246
v 0.468001 0.589526 -0.550246
v 0.479330 0.465132 -0.546561
v 0.479330 0.589526 -0.546561
v 0.490584 0.465132 -0.541262
v 0.490584 0.589526 -0.541262
v 0.501679 0.465132 -0.534363
v 0.501679 0.589526 -0.534363
v 0.512535 0.465132 -0.525878
v 0.512535 0.589526 -0.525878
v 0.523070 0.465132 -0.515821
v 0.523070 0.589526 -0.515821
v 0.633180 0.465132 -0.400494
v 0.633180 0.589526 -0.400494
v 0.596783 0.465132 -0.365743
v 0.596783 0.589526 -0.365743
v 0.488234 0.465132 -0.479434
v 0.488234 0.589526 -0.479434
v 0.481500 0.465132 -0.485787
v 0.481500 0.589526 -0.485787
v 0.474609 0.465132 -0.490964
v 0.474609 0.589526 -0.490964
v 0.467617 0.465132 -0.495002
v 0.467617 0.589526 -0.495002
v 0.460579 0.465132 -0.497937
v 0.460579 0.589526 -0.497937
v 0.453549 0.465132 -0.499806
v 0.453549 0.589526 -0.499806
v 0.446583 0.465132 -0.500644
v 0.446583 0.589526 -0.500644
v 0.439735 0.465132 -0.500488
v 0.439735 0.589526 -0.500488
v 0.433062 0.465132 -0.499374
v 0.433062 0.589526 -0.499374
v 0.426616 0.465132 -0.497338
v 0.426616 0.589526 -0.497338
v 0.420455 0.465132 -0.494417
v 0.420455 0.589526 -0.494417
v 0.414632 0.465132 -0.490646
v 0.414632 0.589526 -0.490646
v 0.409202 0.465132 -0.486062
v 0.409202 0.589526 -0.486062
v 0.406266 0.465132 -0.483039
v 0.406266 0.589526 -0.483039
v 0.403582 0.465132 -0.479458
v 0.403582 0.589526 -0.479458
v 0.401150 0.465132 -0.475369
v 0.401150 0.589526 -0.475369
v 0.398970 0.465132 -0.470820
v 0.398970 0.589526 -0.470820
v 0.397041 0.465132 -0.465860
v 0.397041 0.589526 -0.465860
v 0.395364 0.465132 -0.460537
v 0.395364 0.589526 -0.460537
v 0.393938 0.465132 -0.454900
v 0.393938 0.589526 -0.454900
v 0.392762 0.465132 -0.448998
v 0.392762 0.589526 -0.448998
v 0.391837 0.465132 -0.442878
v 0.391837 0.589526 -0.442878
v 0.391163 0.465132 -0.436591
v 0.391163 0.589526 -0.436591
v 0.390738 0.465132 -0.430184
v 0.390738 0.589526 -0.430184
v 0.390563 0.465132 -0.423705
v 0.390563 0.589526 -0.423705
v 0.517853 0.465132 -0.290384
v 0.517853 0.589526 -0.290384
v 0.481455 0.465132 -0.255633
v 0.481455 0.589526 -0.255633
v 0.372517 0.465132 -0.369733
v 0.372517 0.589526 -0.369733
v 0.365422 0.465132 -0.376547
v 0.365422 0.589526 -0.376547
v 0.358407 0.465132 -0.382100
v 0.358407 0.589526 -0.382100
v 0.351501 0.465132 -0.386448
v 0.351501 0.589526 -0.386448
v 0.344731 0.465132 -0.389647
v 0.344731 0.589526 -0.389647
v 0.338124 0.465132 -0.391753
v 0.338124 0.589526 -0.391753
v 0.331709 0.465132 -0.392823
v 0.331709 0.589526 -0.392823
v 0.325512 0.465132 -0.392914
v 0.325512 0.589526 -0.392914
v 0.319562 0.465132 -0.392080
v 0.319562 0.589526 -0.392080
v 0.313887 0.465132 -0.390380
v 0.313887 0.589526 -0.390380
v 0.308513 0.465132 -0.387869
v 0.308513 0.589526 -0.387869
v 0.303469 0.465132 -0.384602
v 0.303469 0.589526 -0.384602
v 0.298783 0.465132 -0.380638
v 0.298783 0.589526 -0.380638
v 0.294422 0.465132 -0.376239
v 0.294422 0.589526 -0.376239
v 0.290533 0.465132 -0.371795
v 0.290533 0.589526 -0.371795
v 0.287106 0.465132 -0.367254
v 0.287106 0.589526 -0.367254
v 0.284130 0.465132 -0.362565
v 0.284130 0.589526 -0.362565
v 0.281593 0.465132 -0.357677
v 0.281593 0.589526 -0.357677
v 0.279486 0.465132 -0.352539
v 0.279486 0.589526 -0.352539
v 0.277796 0.465132 -0.347100
v 0.277796 0.589526 -0.347100
v 0.276513 0.465132 -0.341308
v 0.276513 0.589526 -0.341308
v 0.275627 0.465132 -0.335113
v 0.275627 0.589526 -0.335113
v 0.275126 0.465132 -0.328463
v 0.275126 0.589526 -0.328463
v 0.274999 0.465132 -0.321308
v 0.274999 0.589526 -0.321308
v 0.275235 0.465132 -0.313595
v 0.275235 0.589526 -0.313595
v 0.402526 0.465132 -0.180274
v 0.402526 0.589526 -0.180274
v 0.366128 0.465132 -0.145522
v 0.366128 0.589526 -0.145522
v 0.190811 0.465132 -0.329146
v 0.190811 0.589526 -0.329146
v 0.227208 0.465132 -0.363897
v 0.227208 0.589526 -0.363897
v 0.817128 0.465132 -0.603791
v 0.817128 0.589526 -0.603791
v 0.814736 0.465132 -0.595392
v 0.814736 0.589526 -0.595392
v 0.812034 0.465132 -0.587307
v 0.812034 0.589526 -0.587307
v 0.808980 0.465132 -0.579488
v 0.808980 0.589526 -0.579488
v 0.805531 0.465132 -0.571889
v 0.805531 0.589526 -0.571889
v 0.801644 0.465132 -0.564464
v 0.801644 0.589526 -0.564464
v 0.797278 0.465132 -0.557167
v 0.797278 0.589526 -0.557167
v 0.792388 0.465132 -0.549951
v 0.792388 0.589526 -0.549951
v 0.786932 0.465132 -0.542771
v 0.786932 0.589526 -0.542771
v 0.780868 0.465132 -0.535580
v 0.780868 0.589526 -0.535580
v 0.774153 0.465132 -0.528332
v 0.774153 0.589526 -0.528332
v 0.766744 0.465132 -0.520980
v 0.766744 0.589526 -0.520980
v 0.752051 0.465132 -0.508776
v 0.752051 0.589526 -0.508776
v 0.736710 0.465132 -0.499413
v 0.736710 0.589526 -0.499413
v 0.720887 0.465132 -0.492759
v 0.720887 0.589526 -0.492759
v 0.704749 0.465132 -0.488688
v 0.704749 0.589526 -0.488688
v 0.688462 0.465132 -0.487069
v 0.688462 0.589526 -0.487069
v 0.672193 0.465132 -0.487775
v 0.672193 0.589526 -0.487775
v 0.656108 0.465132 -0.490675
v 0.656108 0.589526 -0.490675
v 0.640374 0.465132 -0.495643
v 0.640374 0.589526 -0.495643
v 0.625156 0.465132 -0.502548
v 0.625156 0.589526 -0.502548
v 0.610622 0.465132 -0.511262
v 0.610622 0.589526 -0.511262
v 0.596938 0.465132 -0.521656
v 0.596938 0.589526 -0.521656
v 0.584270 0.465132 -0.533601
v 0.584270 0.589526 -0.533601
v 0.572085 0.465132 -0.547808
v 0.572085 0.589526 -0.547808
v 0.562077 0.465132 -0.562532
v 0.562077 0.589526 -0.562532
v 0.554245 0.465132 -0.577638
v 0.554245 0.589526 -0.577638
v 0.548585 0.465132 -0.592994
v 0.548585 0.589526 -0.592994
v 0.545094 0.465132 -0.608466
v 0.545094 0.589526 -0.608466
v 0.543768 0.465132 -0.623922
v 0.543768 0.589526 -0.623922
v 0.544606 0.465132 -0.639228
v 0.544606 0.589526 -0.639228
v 0.547603 0.465132 -0.654250
v 0.547603 0.589526 -0.654250
v 0.552757 0.465132 -0.668856
v 0.552757 0.589526 -0.668856
v 0.560064 0.465132 -0.682912
v 0.560064 0.589526 -0.682912
v 0.569522 0.465132 -0.696285
v 0.569522 0.589526 -0.696285
v 0.581127 0.465132 -0.708841
v 0.581127 0.589526 -0.708841
v 0.593579 0.465132 -0.719409
v 0.593579 0.589526 -0.719409
v 0.606575 0.465132 -0.727847
v 0.606575 0.589526 -0.727847
v 0.620073 0.465132 -0.734104
v 0.620073 0.589526 -0.734104
v 0.634032 0.465132 -0.738130
v 0.634032 0.589526 -0.738130
v 0.648410 0.465132 -0.739874
v 0.648410 0.589526 -0.739874
v 0.663166 0.465132 -0.739287
v 0.663166 0.589526 -0.739287
v 0.678259 0.465132 -0.736317
v 0.678259 0.589526 -0.736317
v 0.693647 0.465132 -0.730914
v 0.693647 0.589526 -0.730914
v 0.709288 0.465132 -0.723029
v 0.709288 0.589526 -0.723029
v 0.725141 0.465132 -0.712609
v 0.725141 0.589526 -0.712609
v 0.741165 0.465132 -0.699606
v 0.741165 0.589526 -0.699606
v 0.757318 0.465132 -0.683968
v 0.757318 0.589526 -0.683968
v 0.628087 0.465132 -0.560582
v 0.628087 0.589526 -0.560582
v 0.638170 0.465132 -0.553517
v 0.638170 0.589526 -0.553517
v 0.648177 0.465132 -0.547788
v 0.648177 0.589526 -0.547788
v 0.658102 0.465132 -0.543397
v 0.658102 0.589526 -0.543397
v 0.667937 0.465132 -0.540345
v 0.667937 0.589526 -0.540345
v 0.677675 0.465132 -0.538634
v 0.677675 0.589526 -0.538634
v 0.687309 0.465132 -0.538265
v 0.687309 0.589526 -0.538265
v 0.696833 0.465132 -0.539241
v 0.696833 0.589526 -0.539241
v 0.706239 0.465132 -0.541562
v 0.706239 0.589526 -0.541562
v 0.715521 0.465132 -0.545230
v 0.715521 0.589526 -0.545230
v 0.724672 0.465132 -0.550246
v 0.724672 0.589526 -0.550246
v 0.733685 0.465132 -0.556613
v 0.733685 0.589526 -0.556613
v 0.742552 0.465132 -0.564332
v 0.742552 0.589526 -0.564332
v 0.747887 0.465132 -0.569749
v 0.747887 0.589526 -0.569749
v 0.752859 0.465132 -0.575454
v 0.752859 0.589526 -0.575454
v 0.757483 0.465132 -0.581446
v 0.757483 0.589526 -0.581446
v 0.761771 0.465132 -0.587720
v 0.761771 0.589526 -0.587720
v 0.765739 0.465132 -0.594273
v 0.765739 0.589526 -0.594273
v 0.769398 0.465132 -0.601104
v 0.769398 0.589526 -0.601104
v 0.772764 0.465132 -0.608207
v 0.772764 0.589526 -0.608207
v 0.775851 0.465132 -0.615581
v 0.775851 0.589526 -0.615581
v 0.778671 0.465132 -0.623222
v 0.778671 0.589526 -0.623222
v 0.781239 0.465132 -0.631128
v 0.781239 0.589526 -0.631128
v 0.783569 0.465132 -0.639294
v 0.783569 0.589526 -0.639294
v 0.785674 0.465132 -0.647718
v 0.785674 0.589526 -0.647718
v 0.819254 0.465132 -0.612548
v 0.819254 0.589526 -0.612548
v 0.691252 0.465132 -0.679888
v 0.691252 0.589526 -0.679888
v 0.684045 0.465132 -0.685019
v 0.684045 0.589526 -0.685019
v 0.676715 0.465132 -0.689120
v 0.676715 0.589526 -0.689120
v 0.669303 0.465132 -0.692181
v 0.669303 0.589526 -0.692181
v 0.661849 0.465132 -0.694194
v 0.661849 0.589526 -0.694194
v 0.654396 0.465132 -0.695148
v 0.654396 0.589526 -0.695148
v 0.646986 0.465132 -0.695035
v 0.646986 0.589526 -0.695035
v 0.639658 0.465132 -0.693845
v 0.639658 0.589526 -0.693845
v 0.632455 0.465132 -0.691569
v 0.632455 0.589526 -0.691569
v 0.625419 0.465132 -0.688198
v 0.625419 0.589526 -0.688198
v 0.618590 0.465132 -0.683722
v 0.618590 0.589526 -0.683722
v 0.612010 0.465132 -0.678132
v 0.612010 0.589526 -0.678132
v 0.605612 0.465132 -0.671376
v 0.605612 0.589526 -0.671376
v 0.600315 0.465132 -0.664392
v 0.600315 0.589526 -0.664392
v 0.596110 0.465132 -0.657198
v 0.596110 0.589526 -0.657198
v 0.592988 0.465132 -0.649807
v 0.592988 0.589526 -0.649807
v 0.590939 0.465132 -0.642237
v 0.590939 0.589526 -0.642237
v 0.589954 0.465132 -0.634501
v 0.589954 0.589526 -0.634501
v 0.590024 0.465132 -0.626616
v 0.590024 0.589526 -0.626616
v 0.591140 0.465132 -0.618597
v 0.591140 0.589526 -0.618597
v 0.593291 0.465132 -0.610459
v 0.593291 0.589526 -0.610459
v 0.596469 0.465132 -0.602219
v 0.596469 0.589526 -0.602219
v 0.600664 0.465132 -0.593891
v 0.600664 0.589526 -0.593891
v 0.605867 0.465132 -0.585492
v 0.605867 0.589526 -0.585492
v 0.698293 0.465132 -0.673736
v 0.698293 0.589526 -0.673736
v 0.782718 0.465132 -0.813756
v 0.782718 0.589526 -0.813756
v 0.783536 0.465132 -0.814537
v 0.783536 0.589526 -0.814537
v 0.780779 0.465132 -0.826602
v 0.780779 0.589526 -0.826602
v 0.778721 0.465132 -0.837870
v 0.778721 0.589526 -0.837870
v 0.777345 0.465132 -0.848361
v 0.777345 0.589526 -0.848361
v 0.776634 0.465132 -0.858096
v 0.776634 0.589526 -0.858096
v 0.776573 0.465132 -0.867093
v 0.776573 0.589526 -0.867093
v 0.777145 0.465132 -0.875373
v 0.777145 0.589526 -0.875373
v 0.778334 0.465132 -0.882956
v 0.778334 0.589526 -0.882956
v 0.780124 0.465132 -0.889861
v 0.780124 0.589526 -0.889861
v 0.782499 0.465132 -0.896108
v 0.782499 0.589526 -0.896108
v 0.785442 0.465132 -0.901717
v 0.785442 0.589526 -0.901717
v 0.788938 0.465132 -0.906708
v 0.788938 0.589526 -0.906708
v 0.792969 0.465132 -0.911101
v 0.792969 0.589526 -0.911101
v 0.796772 0.465132 -0.914455
v 0.796772 0.589526 -0.914455
v 0.800827 0.465132 -0.917492
v 0.800827 0.589526 -0.917492
v 0.805141 0.465132 -0.920217
v 0.805141 0.589526 -0.920217
v 0.809722 0.465132 -0.922637
v 0.809722 0.589526 -0.922637
v 0.814580 0.465132 -0.924755
v 0.814580 0.589526 -0.924755
v 0.819722 0.465132 -0.926578
v 0.819722 0.589526 -0.926578
v 0.825158 0.465132 -0.928112
v 0.825158 0.589526 -0.928112
v 0.830896 0.465132 -0.929360
v 0.830896 0.589526 -0.929360
v 0.836944 0.465132 -0.930329
v 0.836944 0.589526 -0.930329
v 0.843310 0.465132 -0.931024
v 0.843310 0.589526 -0.931024
v 0.850003 0.465132 -0.931451
v 0.850003 0.589526 -0.931451
v 0.857032 0.465132 -0.931614
v 0.857032 0.589526 -0.931614
v 0.867877 0.465132 -0.881772
v 0.867877 0.589526 -0.881772
v 0.862582 0.465132 -0.881664
v 0.862582 0.589526 -0.881664
v 0.857327 0.465132 -0.881306
v 0.857327 0.589526 -0.881306
v 0.852155 0.465132 -0.880711
v 0.852155 0.589526 -0.880711
v 0.847111 0.465132 -0.879898
v 0.847111 0.589526 -0.879898
v 0.842240 0.465132 -0.878880
v 0.842240 0.589526 -0.878880
v 0.837587 0.465132 -0.877674
v 0.837587 0.589526 -0.877674
v 0.833197 0.465132 -0.876295
v 0.833197 0.589526 -0.876295
v 0.829114 0.465132 -0.874760
v 0.829114 0.589526 -0.874760
v 0.825383 0.465132 -0.873083
v 0.825383 0.589526 -0.873083
v 0.822049 0.465132 -0.871279
v 0.822049 0.589526 -0.871279
v 0.819158 0.465132 -0.869366
v 0.819158 0.589526 -0.869366
v 0.816752 0.465132 -0.867358
v 0.816752 0.589526 -0.867358
v 0.811121 0.465132 -0.861008
v 0.811121 0.589526 -0.861008
v 0.806692 0.465132 -0.853942
v 0.806692 0.589526 -0.853942
v 0.803454 0.465132 -0.846270
v 0.803454 0.589526 -0.846270
v 0.801396 0.465132 -0.838104
v 0.801396 0.589526 -0.838104
v 0.800508 0.465132 -0.829556
v 0.800508 0.589526 -0.829556
v 0.800776 0.465132 -0.820737
v 0.800776 0.589526 -0.820737
v 0.802191 0.465132 -0.811757
v 0.802191 0.589526 -0.811757
v 0.804740 0.465132 -0.802730
v 0.804740 0.589526 -0.802730
v 0.808413 0.465132 -0.793765
v 0.808413 0.589526 -0.793765
v 0.813198 0.465132 -0.784974
v 0.813198 0.589526 -0.784974
v 0.819084 0.465132 -0.776469
v 0.819084 0.589526 -0.776469
v 0.826059 0.465132 -0.768361
v 0.826059 0.589526 -0.768361
v 0.917818 0.465132 -0.672255
v 0.917818 0.589526 -0.672255
v 0.881420 0.465132 -0.637504
v 0.881420 0.589526 -0.637504
v 0.706103 0.465132 -0.821128
v 0.706103 0.589526 -0.821128
v 0.742500 0.465132 -0.855879
v 0.742500 0.589526 -0.855879
vn -1.0000 -0.0000 -0.0000
vn -0.0000 -0.0000 -1.0000
vn 1.0000 -0.0000 -0.0000
vn -0.0000 -0.0000 1.0000
vn -0.0000 -1.0000 -0.0000
vn -0.0000 1.0000 -0.0000
vn -0.0001 1.0000 -0.0000
vn 0.0001 1.0000 -0.0000
vn -0.0006 1.0000 -0.0000
vn -0.0002 1.0000 -0.0000
vn 0.0008 1.0000 -0.0000
vn 0.0007 1.0000 -0.0000
vn 0.0004 1.0000 -0.0000
vn 0.0002 1.0000 -0.0000
vn -0.0001 -1.0000 -0.0000
vn 0.0001 -1.0000 -0.0000
vn 0.0004 -1.0000 -0.0000
vn 0.0003 -1.0000 -0.0000
vn -0.0002 -1.0000 -0.0000
vn 0.2627 -0.0000 0.9649
vn 0.2958 -0.0000 0.9553
vn 0.3316 -0.0000 0.9434
vn 0.3697 -0.0000 0.9291
vn 0.4099 -0.0000 0.9121
vn 0.4514 -0.0000 0.8923
vn 0.4938 -0.0000 0.8696
vn 0.5361 -0.0000 0.8442
vn 0.5776 -0.0000 0.8163
vn 0.6176 -0.0000 0.7865
vn 0.6553 -0.0000 0.7554
vn 0.7035 -0.0000 0.7107
vn 0.7725 -0.0000 0.6350
vn 0.8449 -0.0000 0.5349
vn 0.9057 -0.0000 0.4239
vn 0.9527 -0.0000 0.3038
vn 0.9843 -0.0000 0.1763
vn 0.9990 -0.0000 0.0440
vn 0.9959 -0.0000 -0.0907
vn 0.9745 -0.0000 -0.2246
vn 0.9350 -0.0000 -0.3546
vn 0.8786 -0.0000 -0.4775
vn 0.8072 -0.0000 -0.5903
vn 0.7243 -0.0000 -0.6895
vn 0.6308 -0.0000 -0.7760
vn 0.5236 -0.0000 -0.8520
vn 0.4028 -0.0000 -0.9153
vn 0.2714 -0.0000 -0.9625
vn 0.1332 -0.0000 -0.9911
vn -0.0071 -0.0000 -1.0000
vn -0.1450 -0.0000 -0.9894
vn -0.2765 -0.0000 -0.9610
vn -0.3983 -0.0000 -0.9173
vn -0.5084 -0.0000 -0.8611
vn -0.6057 -0.0000 -0.7957
vn -0.6813 -0.0000 -0.7320
vn -0.7306 -0.0000 -0.6828
vn -0.7670 -0.0000 -0.6417
vn -0.7998 -0.0000 -0.6003
vn -0.8293 -0.0000 -0.5589
vn -0.8557 -0.0000 -0.5175
vn -0.8794 -0.0000 -0.4762
vn -0.9004 -0.0000 -0.4350
vn -0.9191 -0.0000 -0.3940
vn -0.9356 -0.0000 -0.3530
vn -0.9500 -0.0000 -0.3122
vn -0.9625 -0.0000 -0.2714
vn -0.2516 -0.0000 -0.9678
vn 0.9779 -0.0000 -0.2092
vn 0.9373 -0.0000 0.3484
vn 0.9256 -0.0000 0.3785
vn 0.9113 -0.0000 0.4117
vn 0.8944 -0.0000 0.4472
vn 0.8749 -0.0000 0.4843
vn 0.8530 -0.0000 0.5220
vn 0.8288 -0.0000 0.5595
vn 0.8029 -0.0000 0.5962
vn 0.7756 -0.0000 0.6312
vn 0.7475 -0.0000 0.6643
vn 0.7190 -0.0000 0.6950
vn 0.6741 -0.0000 0.7387
vn 0.5882 -0.0000 0.8087
vn 0.4693 -0.0000 0.8830
vn 0.3373 -0.0000 0.9414
vn 0.1981 -0.0000 0.9802
vn 0.0580 -0.0000 0.9983
vn -0.0776 -0.0000 0.9970
vn -0.2053 -0.0000 0.9787
vn -0.3239 -0.0000 0.9461
vn -0.4335 -0.0000 0.9012
vn -0.5356 -0.0000 0.8445
vn -0.6320 -0.0000 0.7750
vn -0.7230 -0.0000 0.6908
vn -0.8057 -0.0000 0.5924
vn -0.8765 -0.0000 0.4814
vn -0.9331 -0.0000 0.3595
vn -0.9733 -0.0000 0.2296
vn -0.9955 -0.0000 0.0949
vn -0.9992 -0.0000 -0.0412
vn -0.9845 -0.0000 -0.1752
vn -0.9526 -0.0000 -0.3041
vn -0.9051 -0.0000 -0.4252
vn -0.8440 -0.0000 -0.5363
vn -0.7717 -0.0000 -0.6360
vn -0.7043 -0.0000 -0.7099
vn -0.6605 -0.0000 -0.7509
vn -0.6293 -0.0000 -0.7772
vn -0.5974 -0.0000 -0.8019
vn -0.5655 -0.0000 -0.8248
vn -0.5340 -0.0000 -0.8455
vn -0.5035 -0.0000 -0.8640
vn -0.4744 -0.0000 -0.8803
vn -0.4469 -0.0000 -0.8946
vn -0.4214 -0.0000 -0.9069
vn -0.3980 -0.0000 -0.9174
vn -0.3766 -0.0000 -0.9264
vn 0.2150 -0.0000 -0.9766
vn 0.9612 -0.0000 0.2759
vn 0.8010 -0.0000 -0.5987
vn 0.8701 -0.0000 -0.4928
vn 0.9276 -0.0000 -0.3737
vn 0.9699 -0.0000 -0.2435
vn 0.9944 -0.0000 -0.1059
vn 0.9994 -0.0000 0.0348
vn 0.9848 -0.0000 0.1739
vn 0.9517 -0.0000 0.3070
vn 0.9026 -0.0000 0.4304
vn 0.8407 -0.0000 0.5415
vn 0.7691 -0.0000 0.6392
vn 0.6889 -0.0000 0.7248
vn 0.5962 -0.0000 0.8029
vn 0.4891 -0.0000 0.8722
vn 0.3708 -0.0000 0.9287
vn 0.2435 -0.0000 0.9699
vn 0.1101 -0.0000 0.9939
vn -0.0261 -0.0000 0.9997
vn -0.1615 -0.0000 0.9869
vn -0.2928 -0.0000 0.9562
vn -0.4169 -0.0000 0.9089
vn -0.5312 -0.0000 0.8472
vn -0.6337 -0.0000 0.7736
vn -0.7255 -0.0000 0.6883
vn -0.8089 -0.0000 0.5879
vn -0.8806 -0.0000 0.4739
vn -0.9363 -0.0000 0.3513
vn -0.9748 -0.0000 0.2231
vn -0.9958 -0.0000 0.0920
vn -0.9992 -0.0000 -0.0394
vn -0.9856 -0.0000 -0.1692
vn -0.9555 -0.0000 -0.2951
vn -0.9096 -0.0000 -0.4154
vn -0.8492 -0.0000 -0.5281
vn -0.7755 -0.0000 -0.6313
vn -0.6924 -0.0000 -0.7215
vn -0.6021 -0.0000 -0.7984
vn -0.5020 -0.0000 -0.8649
vn -0.3908 -0.0000 -0.9205
vn -0.2697 -0.0000 -0.9629
vn -0.1408 -0.0000 -0.9900
vn -0.0064 -0.0000 -1.0000
vn 0.1302 -0.0000 -0.9915
vn 0.2655 -0.0000 -0.9641
vn 0.3958 -0.0000 -0.9183
vn 0.5174 -0.0000 -0.8557
vn 0.6272 -0.0000 -0.7788
vn 0.7214 -0.0000 -0.6925
vn 0.6448 -0.0000 -0.7643
vn 0.5535 -0.0000 -0.8329
vn 0.4485 -0.0000 -0.8938
vn 0.3303 -0.0000 -0.9439
vn 0.2007 -0.0000 -0.9796
vn 0.0627 -0.0000 -0.9980
vn -0.0796 -0.0000 -0.9968
vn -0.2212 -0.0000 -0.9752
vn -0.3568 -0.0000 -0.9342
vn -0.4821 -0.0000 -0.8761
vn -0.5937 -0.0000 -0.8047
vn -0.6878 -0.0000 -0.7259
vn -0.7674 -0.0000 -0.6412
vn -0.8394 -0.0000 -0.5435
vn -0.9032 -0.0000 -0.4293
vn -0.9540 -0.0000 -0.2998
vn -0.9873 -0.0000 -0.1587
vn -0.9999 -0.0000 -0.0116
vn -0.9909 -0.0000 0.1348
vn -0.9617 -0.0000 0.2740
vn -0.9160 -0.0000 0.4011
vn -0.8583 -0.0000 0.5131
vn -0.7931 -0.0000 0.6091
vn -0.7198 -0.0000 0.6941
vn -0.6313 -0.0000 0.7755
vn -0.5261 -0.0000 0.8504
vn -0.4091 -0.0000 0.9125
vn -0.2827 -0.0000 0.9592
vn -0.1499 -0.0000 0.9887
vn -0.0139 -0.0000 0.9999
vn 0.1216 -0.0000 0.9926
vn 0.2534 -0.0000 0.9674
vn 0.3784 -0.0000 0.9256
vn 0.4941 -0.0000 0.8694
vn 0.5984 -0.0000 0.8012
vn 0.6918 -0.0000 0.7221
vn 0.7769 -0.0000 0.6296
vn 0.8525 -0.0000 0.5228
vn 0.9146 -0.0000 0.4044
vn 0.9608 -0.0000 0.2772
vn 0.9895 -0.0000 0.1443
vn 1.0000 -0.0000 0.0089
vn 0.9921 -0.0000 -0.1256
vn 0.9667 -0.0000 -0.2561
vn 0.9250 -0.0000 -0.3799
vn 0.8691 -0.0000 -0.4946
vn 0.8011 -0.0000 -0.5985
vn 0.7257 -0.0000 -0.6880
vn -0.9303 -0.0000 -0.3668
vn -0.9998 -0.0000 0.0213
vn -0.9987 -0.0000 -0.0506
vn -0.9925 -0.0000 -0.1222
vn -0.9811 -0.0000 -0.1935
vn -0.9645 -0.0000 -0.2642
vn -0.9425 -0.0000 -0.3341
vn -0.9151 -0.0000 -0.4031
vn -0.8821 -0.0000 -0.4710
vn -0.8433 -0.0000 -0.5374
vn -0.7985 -0.0000 -0.6020
vn -0.7475 -0.0000 -0.6642
vn -0.6845 -0.0000 -0.7290
vn -0.5995 -0.0000 -0.8004
vn -0.4929 -0.0000 -0.8701
vn -0.3703 -0.0000 -0.9289
vn -0.2336 -0.0000 -0.9723
vn -0.0873 -0.0000 -0.9962
vn 0.0622 -0.0000 -0.9981
vn 0.2076 -0.0000 -0.9782
vn 0.3425 -0.0000 -0.9395
vn 0.4625 -0.0000 -0.8866
vn 0.5655 -0.0000 -0.8247
vn 0.6517 -0.0000 -0.7585
vn 0.7068 -0.0000 -0.7074
vn 0.9997 -0.0000 0.0231
vn -0.0231 -0.0000 0.9997
vn -0.7080 -0.0000 0.7062
vn -0.6579 -0.0000 0.7531
vn -0.5813 -0.0000 0.8137
vn -0.4911 -0.0000 0.8711
vn -0.3860 -0.0000 0.9225
vn -0.2655 -0.0000 0.9641
vn -0.1307 -0.0000 0.9914
vn 0.0155 -0.0000 0.9999
vn 0.1674 -0.0000 0.9859
vn 0.3176 -0.0000 0.9482
vn 0.4584 -0.0000 0.8888
vn 0.5836 -0.0000 0.8120
vn 0.6804 -0.0000 0.7328
vn 0.7476 -0.0000 0.6641
vn 0.8030 -0.0000 0.5960
vn 0.8542 -0.0000 0.5200
vn 0.8983 -0.0000 0.4394
vn 0.9337 -0.0000 0.3581
vn 0.9600 -0.0000 0.2799
vn 0.9782 -0.0000 0.2077
vn 0.9897 -0.0000 0.1434
vn 0.9962 -0.0000 0.0876
vn 0.9992 -0.0000 0.0401
vn 1.0000 -0.0000 0.0005
vn 0.9250 -0.0000 -0.3801
vn -0.9997 -0.0000 -0.0231
vn 0.0231 -0.0000 -0.9997
vn 0.2169 -0.0000 0.9762
vn 0.2562 -0.0000 0.9666
vn 0.2957 -0.0000 0.9553
vn 0.3357 -0.0000 0.9420
vn 0.3762 -0.0000 0.9266
vn 0.4173 -0.0000 0.9088
vn 0.4594 -0.0000 0.8882
vn 0.5025 -0.0000 0.8646
vn 0.5470 -0.0000 0.8372
vn 0.5931 -0.0000 0.8052
vn 0.6411 -0.0000 0.7675
vn 0.6925 -0.0000 0.7214
vn 0.7477 -0.0000 0.6640
vn 0.8035 -0.0000 0.5953
vn 0.8571 -0.0000 0.5152
vn 0.9066 -0.0000 0.4220
vn 0.9494 -0.0000 0.3140
vn 0.9817 -0.0000 0.1902
vn 0.9987 -0.0000 0.0512
vn 0.9949 -0.0000 -0.1006
vn 0.9658 -0.0000 -0.2595
vn 0.9090 -0.0000 -0.4168
vn 0.8265 -0.0000 -0.5630
vn 0.7081 -0.0000 -0.7061
vn 0.5402 -0.0000 -0.8415
vn 0.3568 -0.0000 -0.9342
vn 0.2015 -0.0000 -0.9795
vn 0.0816 -0.0000 -0.9967
vn -0.0076 -0.0000 -1.0000
vn -0.0732 -0.0000 -0.9973
vn -0.1217 -0.0000 -0.9926
vn -0.1578 -0.0000 -0.9875
vn -0.1849 -0.0000 -0.9828
vn -0.2053 -0.0000 -0.9787
vn -0.2207 -0.0000 -0.9753
vn -0.1965 -0.0000 -0.9805
vn -0.1517 -0.0000 -0.9884
vn -0.1199 -0.0000 -0.9928
vn -0.0781 -0.0000 -0.9969
vn -0.0243 -0.0000 -0.9997
vn 0.0434 -0.0000 -0.9991
vn 0.1263 -0.0000 -0.9920
vn 0.2236 -0.0000 -0.9747
vn 0.3318 -0.0000 -0.9433
vn 0.4439 -0.0000 -0.8961
vn 0.5509 -0.0000 -0.8346
vn 0.6450 -0.0000 -0.7642
vn 0.7287 -0.0000 -0.6848
vn 0.8106 -0.0000 -0.5855
vn 0.8851 -0.0000 -0.4654
vn 0.9429 -0.0000 -0.3331
vn 0.9811 -0.0000 -0.1934
vn 0.9987 -0.0000 -0.0514
vn 0.9961 -0.0000 0.0879
vn 0.9754 -0.0000 0.2205
vn 0.9390 -0.0000 0.3438
vn 0.8899 -0.0000 0.4561
vn 0.8307 -0.0000 0.5567
vn 0.7637 -0.0000 0.6456
vn 0.7031 -0.0000 0.7111
vn 0.6640 -0.0000 0.7477
vn 0.6340 -0.0000 0.7733
vn 0.6005 -0.0000 0.7996
vn 0.5639 -0.0000 0.8259
vn 0.5252 -0.0000 0.8510
vn 0.4854 -0.0000 0.8743
vn 0.4457 -0.0000 0.8952
vn 0.4073 -0.0000 0.9133
vn 0.3711 -0.0000 0.9286
vn 0.3378 -0.0000 0.9412
vn 0.3079 -0.0000 0.9514
vn -0.2524 -0.0000 0.9676
vn -0.9503 -0.0000 -0.3112
vn -0.1921 -0.0000 -0.9814
vn -0.2271 -0.0000 -0.9739
vn -0.2633 -0.0000 -0.9647
vn -0.3008 -0.0000 -0.9537
vn -0.3399 -0.0000 -0.9405
vn -0.3809 -0.0000 -0.9246
vn -0.4242 -0.0000 -0.9056
vn -0.4703 -0.0000 -0.8825
vn -0.5197 -0.0000 -0.8544
vn -0.5728 -0.0000 -0.8197
vn -0.6301 -0.0000 -0.7766
vn -0.7081 -0.0000 -0.7061
vn -0.7780 -0.0000 -0.6283
vn -0.8250 -0.0000 -0.5651
vn -0.8706 -0.0000 -0.4919
vn -0.9137 -0.0000 -0.4065
vn -0.9520 -0.0000 -0.3062
vn -0.9820 -0.0000 -0.1889
vn -0.9985 -0.0000 -0.0539
vn -0.9953 -0.0000 0.0968
vn -0.9664 -0.0000 0.2571
vn -0.9090 -0.0000 0.4167
vn -0.8257 -0.0000 0.5641
vn -0.6545 -0.0000 0.7561
vn -0.3282 -0.0000 0.9446
vn -0.0204 -0.0000 0.9998
vn 0.1416 -0.0000 0.9899
vn 0.2149 -0.0000 0.9766
vn 0.2361 -0.0000 0.9717
vn 0.2195 -0.0000 0.9756
vn 0.1675 -0.0000 0.9859
vn 0.0753 -0.0000 0.9972
vn -0.0667 -0.0000 0.9978
vn -0.2642 -0.0000 0.9645
vn -0.5002 -0.0000 0.8659
vn -0.6954 -0.0000 0.7186
vn -0.8091 -0.0000 0.5876
vn -0.8848 -0.0000 0.4661
vn -0.9448 -0.0000 0.3277
vn -0.9840 -0.0000 0.1783
vn -0.9997 -0.0000 0.0254
vn -0.9924 -0.0000 -0.1230
vn -0.9655 -0.0000 -0.2605
vn -0.9236 -0.0000 -0.3833
vn -0.8717 -0.0000 -0.4900
vn -0.8138 -0.0000 -0.5812
vn -0.7529 -0.0000 -0.6581
vn -0.6976 -0.0000 -0.7165
vn -0.6554 -0.0000 -0.7552
vn -0.6192 -0.0000 -0.7853
vn -0.5821 -0.0000 -0.8131
vn -0.5447 -0.0000 -0.8387
vn -0.5072 -0.0000 -0.8618
vn -0.4701 -0.0000 -0.8826
vn -0.4338 -0.0000 -0.9010
vn -0.3984 -0.0000 -0.9172
vn -0.3642 -0.0000 -0.9313
vn -0.3313 -0.0000 -0.9435
vn -0.3000 -0.0000 -0.9539
vn 0.2570 -0.0000 -0.9664
vn 0.9539 -0.0000 0.3003
vn 0.3649 -0.0000 0.9310
vn 0.9990 -0.0000 0.0457
vn 0.9944 -0.0000 0.1059
vn 0.9863 -0.0000 0.1649
vn 0.9747 -0.0000 0.2233
vn 0.9595 -0.0000 0.2816
vn 0.9403 -0.0000 0.3404
vn 0.9164 -0.0000 0.4002
vn 0.8872 -0.0000 0.4614
vn 0.8514 -0.0000 0.5245
vn 0.8078 -0.0000 0.5895
vn 0.7545 -0.0000 0.6563
vn 0.6860 -0.0000 0.7276
vn 0.5952 -0.0000 0.8036
vn 0.4838 -0.0000 0.8752
vn 0.3568 -0.0000 0.9342
vn 0.2173 -0.0000 0.9761
vn 0.0707 -0.0000 0.9975
vn -0.0766 -0.0000 0.9971
vn -0.2182 -0.0000 0.9759
vn -0.3488 -0.0000 0.9372
vn -0.4652 -0.0000 0.8852
vn -0.5659 -0.0000 0.8244
vn -0.6514 -0.0000 0.7588
vn -0.7066 -0.0000 0.7076
vn 0.7084 -0.0000 -0.7058
vn 0.6585 -0.0000 -0.7526
vn 0.5788 -0.0000 -0.8155
vn 0.4803 -0.0000 -0.8771
vn 0.3613 -0.0000 -0.9324
vn 0.2226 -0.0000 -0.9749
vn 0.0689 -0.0000 -0.9976
vn -0.0910 -0.0000 -0.9959
vn -0.2463 -0.0000 -0.9692
vn -0.3875 -0.0000 -0.9219
vn -0.5089 -0.0000 -0.8608
vn -0.6090 -0.0000 -0.7932
vn -0.6887 -0.0000 -0.7250
vn -0.7539 -0.0000 -0.6570
vn -0.8106 -0.0000 -0.5855
vn -0.8601 -0.0000 -0.5102
vn -0.9017 -0.0000 -0.4324
vn -0.9354 -0.0000 -0.3537
vn -0.9614 -0.0000 -0.2751
vn -0.9802 -0.0000 -0.1979
vn -0.9924 -0.0000 -0.1229
vn -0.9987 -0.0000 -0.0507
vn -0.9998 -0.0000 0.0183
vn -0.9965 -0.0000 0.0838
vn -0.9051 -0.0000 0.4251
vn -0.3521 -0.0000 -0.9360
vn -0.9980 -0.0000 -0.0636
vn -0.9942 -0.0000 -0.1075
vn -0.9878 -0.0000 -0.1557
vn -0.9781 -0.0000 -0.2081
vn -0.9643 -0.0000 -0.2649
vn -0.9454 -0.0000 -0.3258
vn -0.9207 -0.0000 -0.3902
vn -0.8893 -0.0000 -0.4573
vn -0.8506 -0.0000 -0.5258
vn -0.8043 -0.0000 -0.5942
vn -0.7507 -0.0000 -0.6606
vn -0.6914 -0.0000 -0.7225
vn -0.6272 -0.0000 -0.7788
vn -0.5569 -0.0000 -0.8306
vn -0.4797 -0.0000 -0.8775
vn -0.3966 -0.0000 -0.9180
vn -0.3090 -0.0000 -0.9511
vn -0.2186 -0.0000 -0.9758
vn -0.1271 -0.0000 -0.9919
vn -0.0366 -0.0000 -0.9993
vn 0.0514 -0.0000 -0.9987
vn 0.1356 -0.0000 -0.9908
vn 0.2149 -0.0000 -0.9766
vn -0.6194 -0.0000 -0.7851
vn -1.0000 -0.0000 0.0026
vn -0.9993 -0.0000 -0.0374
vn -0.9964 -0.0000 -0.0842
vn -0.9904 -0.0000 -0.1382
vn -0.9800 -0.0000 -0.1992
vn -0.9637 -0.0000 -0.2668
vn -0.9403 -0.0000 -0.3403
vn -0.9085 -0.0000 -0.4180
vn -0.8673 -0.0000 -0.4978
vn -0.8166 -0.0000 -0.5772
vn -0.7572 -0.0000 -0.6532
vn -0.6844 -0.0000 -0.7291
vn -0.5877 -0.0000 -0.8091
vn -0.4675 -0.0000 -0.8840
vn -0.3321 -0.0000 -0.9432
vn -0.1867 -0.0000 -0.9824
vn -0.0377 -0.0000 -0.9993
vn 0.1079 -0.0000 -0.9942
vn 0.2445 -0.0000 -0.9697
vn 0.3684 -0.0000 -0.9297
vn 0.4778 -0.0000 -0.8784
vn 0.5728 -0.0000 -0.8197
vn 0.6540 -0.0000 -0.7565
vn 0.7071 -0.0000 -0.7071
vn -0.7050 -0.0000 0.7092
vn -0.6444 -0.0000 0.7647
vn -0.5514 -0.0000 0.8342
vn -0.4434 -0.0000 0.8963
vn -0.3216 -0.0000 0.9469
vn -0.1886 -0.0000 0.9820
vn -0.0485 -0.0000 0.9988
vn 0.0940 -0.0000 0.9956
vn 0.2335 -0.0000 0.9724
vn 0.3657 -0.0000 0.9307
vn 0.4870 -0.0000 0.8734
vn 0.5955 -0.0000 0.8033
vn 0.6821 -0.0000 0.7313
vn 0.7603 -0.0000 0.6496
vn 0.8310 -0.0000 0.5563
vn 0.8815 -0.0000 0.4722
vn 0.9176 -0.0000 0.3976
vn 0.9434 -0.0000 0.3316
vn 0.9620 -0.0000 0.2730
vn 0.9754 -0.0000 0.2204
vn 0.9850 -0.0000 0.1724
vn 0.9918 -0.0000 0.1281
vn 0.9963 -0.0000 0.0865
vn 0.9989 -0.0000 0.0466
vn 0.9332 -0.0000 -0.3594
vn -0.7082 -0.0000 0.7061
vn -0.6574 -0.0000 0.7535
vn -0.5776 -0.0000 0.8164
vn -0.4809 -0.0000 0.8768
vn -0.3663 -0.0000 0.9305
vn -0.2348 -0.0000 0.9721
vn -0.0898 -0.0000 0.9960
vn 0.0622 -0.0000 0.9981
vn 0.2135 -0.0000 0.9770
vn 0.3562 -0.0000 0.9344
vn 0.4846 -0.0000 0.8747
vn 0.5959 -0.0000 0.8030
vn 0.6786 -0.0000 0.7345
vn 0.7317 -0.0000 0.6816
vn 0.7759 -0.0000 0.6309
vn 0.8219 -0.0000 0.5696
vn 0.8668 -0.0000 0.4987
vn 0.9073 -0.0000 0.4205
vn 0.9410 -0.0000 0.3384
vn 0.9665 -0.0000 0.2567
vn 0.9838 -0.0000 0.1791
vn 0.9941 -0.0000 0.1085
vn 0.9989 -0.0000 0.0465
vn 1.0000 -0.0000 -0.0065
vn 0.9224 -0.0000 -0.3861
vn 0.9669 -0.0000 0.2550
vn 0.9553 -0.0000 0.2955
vn 0.9403 -0.0000 0.3405
vn 0.9214 -0.0000 0.3887
vn 0.8986 -0.0000 0.4387
vn 0.8724 -0.0000 0.4888
vn 0.8433 -0.0000 0.5375
vn 0.8123 -0.0000 0.5832
vn 0.7806 -0.0000 0.6250
vn 0.7492 -0.0000 0.6623
vn 0.7191 -0.0000 0.6949
vn 0.6723 -0.0000 0.7403
vn 0.5815 -0.0000 0.8136
vn 0.4556 -0.0000 0.8902
vn 0.3170 -0.0000 0.9484
vn 0.1722 -0.0000 0.9851
vn 0.0279 -0.0000 0.9996
vn -0.1107 -0.0000 0.9939
vn -0.2398 -0.0000 0.9708
vn -0.3578 -0.0000 0.9338
vn -0.4645 -0.0000 0.8856
vn -0.5604 -0.0000 0.8282
vn -0.6464 -0.0000 0.7630
vn -0.7236 -0.0000 0.6903
vn -0.7943 -0.0000 0.6075
vn -0.8589 -0.0000 0.5121
vn -0.9148 -0.0000 0.4039
vn -0.9589 -0.0000 0.2836
vn -0.9882 -0.0000 0.1531
vn -0.9999 -0.0000 0.0154
vn -0.9921 -0.0000 -0.1255
vn -0.9174 -0.0000 -0.3980
vn -0.8538 -0.0000 -0.5205
vn -0.7771 -0.0000 -0.6294
vn -0.6920 -0.0000 -0.7219
vn -0.5970 -0.0000 -0.8022
vn -0.4838 -0.0000 -0.8752
vn -0.3499 -0.0000 -0.9368
vn -0.1994 -0.0000 -0.9799
vn -0.0405 -0.0000 -0.9992
vn 0.1168 -0.0000 -0.9932
vn 0.2628 -0.0000 -0.9648
vn 0.3915 -0.0000 -0.9202
vn 0.5005 -0.0000 -0.8657
vn 0.5904 -0.0000 -0.8071
vn 0.6635 -0.0000 -0.7482
vn 1.0000 -0.0000 0.0035
vn 0.9971 -0.0000 -0.0755
vn 0.5359 -0.0000 -0.8443
vn 0.4513 -0.0000 -0.8924
vn 0.3511 -0.0000 -0.9363
vn 0.2352 -0.0000 -0.9720
vn 0.1059 -0.0000 -0.9944
vn -0.0319 -0.0000 -0.9995
vn -0.1711 -0.0000 -0.9852
vn -0.3042 -0.0000 -0.9526
vn -0.4250 -0.0000 -0.9052
vn -0.5297 -0.0000 -0.8482
vn -0.6176 -0.0000 -0.7865
vn -0.6850 -0.0000 -0.7285
vn -0.7335 -0.0000 -0.6797
vn -0.7731 -0.0000 -0.6343
vn -0.8090 -0.0000 -0.5879
vn -0.8409 -0.0000 -0.5413
vn -0.8688 -0.0000 -0.4952
vn -0.8928 -0.0000 -0.4504
vn -0.9133 -0.0000 -0.4073
vn -0.9305 -0.0000 -0.3663
vn -0.9448 -0.0000 -0.3277
vn -0.9565 -0.0000 -0.2917
vn -0.9660 -0.0000 -0.2584
vn -0.2558 -0.0000 -0.9667
vn 0.9659 -0.0000 -0.2591
vn -0.6198 -0.0000 0.7848
vn -0.5349 -0.0000 0.8449
vn -0.4357 -0.0000 0.9001
vn -0.3219 -0.0000 0.9468
vn -0.1943 -0.0000 0.9809
vn -0.0560 -0.0000 0.9984
vn 0.0880 -0.0000 0.9961
vn 0.2314 -0.0000 0.9729
vn 0.3676 -0.0000 0.9300
vn 0.4912 -0.0000 0.8710
vn 0.5990 -0.0000 0.8008
vn 0.6878 -0.0000 0.7259
vn 0.7625 -0.0000 0.6469
vn 0.8315 -0.0000 0.5555
vn 0.8941 -0.0000 0.4478
vn 0.9454 -0.0000 0.3259
vn 0.9810 -0.0000 0.1942
vn 0.9983 -0.0000 0.0588
vn 0.9973 -0.0000 -0.0735
vn 0.9804 -0.0000 -0.1970
vn 0.9513 -0.0000 -0.3082
vn 0.9142 -0.0000 -0.4054
vn 0.8724 -0.0000 -0.4887
vn 0.1266 -0.0000 -0.9919
vn -0.9998 -0.0000 0.0221
vn 0.0232 -0.0000 -0.9997
vn -0.9577 -0.0000 -0.2878
vn -0.9795 -0.0000 0.2013
vn -0.9879 -0.0000 0.1549
vn -0.9948 -0.0000 0.1015
vn -0.9992 -0.0000 0.0398
vn -0.9995 -0.0000 -0.0311
vn -0.9937 -0.0000 -0.1120
vn -0.9791 -0.0000 -0.2032
vn -0.9528 -0.0000 -0.3036
vn -0.9118 -0.0000 -0.4107
vn -0.8540 -0.0000 -0.5202
vn -0.7796 -0.0000 -0.6263
vn -0.7001 -0.0000 -0.7141
vn -0.6310 -0.0000 -0.7758
vn -0.5673 -0.0000 -0.8235
vn -0.5009 -0.0000 -0.8655
vn -0.4337 -0.0000 -0.9011
vn -0.3672 -0.0000 -0.9301
vn -0.3030 -0.0000 -0.9530
vn -0.2421 -0.0000 -0.9702
vn -0.1855 -0.0000 -0.9826
vn -0.1334 -0.0000 -0.9911
vn -0.0861 -0.0000 -0.9963
vn -0.0434 -0.0000 -0.9991
vn 0.6184 -0.0000 -0.7859
vn 0.7850 -0.0000 0.6195
vn 0.0442 -0.0000 0.9990
vn 0.0911 -0.0000 0.9958
vn 0.1367 -0.0000 0.9906
vn 0.1819 -0.0000 0.9833
vn 0.2278 -0.0000 0.9737
vn 0.2753 -0.0000 0.9613
vn 0.3260 -0.0000 0.9454
vn 0.3812 -0.0000 0.9245
vn 0.4432 -0.0000 0.8964
vn 0.5143 -0.0000 0.8576
vn 0.5972 -0.0000 0.8021
vn 0.6964 -0.0000 0.7176
vn 0.8005 -0.0000 0.5993
vn 0.9483 -0.0000 0.3175
vn 0.9847 -0.0000 0.1743
vn 0.9993 -0.0000 0.0366
vn 0.9956 -0.0000 -0.0932
vn 0.9768 -0.0000 -0.2141
vn 0.9454 -0.0000 -0.3260
vn 0.9032 -0.0000 -0.4292
vn 0.8515 -0.0000 -0.5243
vn 0.7913 -0.0000 -0.6115
vn 0.7409 -0.0000 -0.6716
vt 0.148643 0.625178
vt 0.221397 0.625178
vt 0.221397 0.697932
vt 0.148643 0.697932
vt 0.221397 0.770686
vt 0.148643 0.770686
vt 0.221397 0.843440
vt 0.148643 0.843440
vt 0.221397 0.916195
vt 0.148643 0.916195
vt 0.075888 0.770686
vt 0.075888 0.843440
vt 0.294151 0.770686
vt 0.294151 0.843440
vt 0.780423 0.166619
vt 0.784703 0.166619
vt 0.782563 0.166619
vt 0.786842 0.166619
vt 0.778283 0.166619
vt 0.788982 0.166619
vt 0.776144 0.166619
vt 0.791122 0.166619
vt 0.793262 0.166619
vt 0.774004 0.166619
vt 0.795401 0.166619
vt 0.866013 0.166619
vt 0.870293 0.166619
vt 0.868153 0.166619
vt 0.754746 0.166619
vt 0.771864 0.166619
vt 0.797541 0.166619
vt 0.799681 0.166619
vt 0.769724 0.166619
vt 0.801821 0.166619
vt 0.767585 0.166619
vt 0.803960 0.166619
vt 0.806100 0.166619
vt 0.765445 0.166619
vt 0.808240 0.166619
vt 0.763305 0.166619
vt 0.829637 0.166619
vt 0.827498 0.166619
vt 0.825358 0.166619
vt 0.823218 0.166619
vt 0.821078 0.166619
vt 0.818939 0.166619
vt 0.816799 0.166619
vt 0.814659 0.166619
vt 0.812519 0.166619
vt 0.810380 0.166619
vt 0.761165 0.166619
vt 0.833917 0.166619
vt 0.831777 0.166619
vt 0.759025 0.166619
vt 0.838197 0.166619
vt 0.836057 0.166619
vt 0.840336 0.166619
vt 0.842476 0.166619
vt 0.756886 0.166619
vt 0.844616 0.166619
vt 0.846756 0.166619
vt 0.855314 0.166619
vt 0.853175 0.166619
vt 0.851035 0.166619
vt 0.848895 0.166619
vt 0.857454 0.166619
vt 0.859594 0.166619
vt 0.861734 0.166619
vt 0.863874 0.166619
vt 0.794834 0.166619
vt 0.797192 0.166619
vt 0.796013 0.166619
vt 0.798371 0.166619
vt 0.793655 0.166619
vt 0.799550 0.166619
vt 0.792476 0.166619
vt 0.800729 0.166619
vt 0.791296 0.166619
vt 0.801908 0.166619
vt 0.790117 0.166619
vt 0.803087 0.166619
vt 0.788938 0.166619
vt 0.804266 0.166619
vt 0.787759 0.166619
vt 0.854965 0.166619
vt 0.856144 0.166619
vt 0.853786 0.166619
vt 0.857323 0.166619
vt 0.852607 0.166619
vt 0.858502 0.166619
vt 0.851428 0.166619
vt 0.805445 0.166619
vt 0.859681 0.166619
vt 0.786580 0.166619
vt 0.850249 0.166619
vt 0.860860 0.166619
vt 0.849070 0.166619
vt 0.862039 0.166619
vt 0.847891 0.166619
vt 0.863219 0.166619
vt 0.846712 0.166619
vt 0.785401 0.166619
vt 0.806624 0.166619
vt 0.864398 0.166619
vt 0.845533 0.166619
vt 0.865577 0.166619
vt 0.844354 0.166619
vt 0.784222 0.166619
vt 0.807803 0.166619
vt 0.866756 0.166619
vt 0.843175 0.166619
vt 0.867935 0.166619
vt 0.841996 0.166619
vt 0.783043 0.166619
vt 0.869114 0.166619
vt 0.808982 0.166619
vt 0.781864 0.166619
vt 0.810161 0.166619
vt 0.780685 0.166619
vt 0.811340 0.166619
vt 0.779506 0.166619
vt 0.813698 0.166619
vt 0.814878 0.166619
vt 0.778327 0.166619
vt 0.816057 0.166619
vt 0.777148 0.166619
vt 0.817236 0.166619
vt 0.838459 0.166619
vt 0.840817 0.166619
vt 0.839638 0.166619
vt 0.818415 0.166619
vt 0.837279 0.166619
vt 0.836100 0.166619
vt 0.775969 0.166619
vt 0.819594 0.166619
vt 0.834921 0.166619
vt 0.833742 0.166619
vt 0.820773 0.166619
vt 0.832563 0.166619
vt 0.821952 0.166619
vt 0.831384 0.166619
vt 0.774790 0.166619
vt 0.830205 0.166619
vt 0.823131 0.166619
vt 0.829026 0.166619
vt 0.824310 0.166619
vt 0.827847 0.166619
vt 0.826668 0.166619
vt 0.825489 0.166619
vt 0.773611 0.166619
vt 0.772432 0.166619
vt 0.755925 0.166619
vt 0.757104 0.166619
vt 0.771253 0.166619
vt 0.758283 0.166619
vt 0.759462 0.166619
vt 0.770074 0.166619
vt 0.760641 0.166619
vt 0.761820 0.166619
vt 0.768895 0.166619
vt 0.762999 0.166619
vt 0.764178 0.166619
vt 0.765357 0.166619
vt 0.767716 0.166619
vt 0.766536 0.166619
vt 0.766737 0.166619
vt 0.768917 0.166619
vt 0.767827 0.166619
vt 0.792898 0.166619
vt 0.795078 0.166619
vt 0.793988 0.166619
vt 0.765647 0.166619
vt 0.770007 0.166619
vt 0.791808 0.166619
vt 0.796168 0.166619
vt 0.764557 0.166619
vt 0.771097 0.166619
vt 0.790718 0.166619
vt 0.763466 0.166619
vt 0.772187 0.166619
vt 0.797258 0.166619
vt 0.789628 0.166619
vt 0.762376 0.166619
vt 0.868113 0.166619
vt 0.869203 0.166619
vt 0.773277 0.166619
vt 0.788538 0.166619
vt 0.761286 0.166619
vt 0.798349 0.166619
vt 0.774367 0.166619
vt 0.760196 0.166619
vt 0.787448 0.166619
vt 0.775457 0.166619
vt 0.799439 0.166619
vt 0.759106 0.166619
vt 0.786358 0.166619
vt 0.776547 0.166619
vt 0.758016 0.166619
vt 0.785268 0.166619
vt 0.800529 0.166619
vt 0.777637 0.166619
vt 0.756926 0.166619
vt 0.784178 0.166619
vt 0.778727 0.166619
vt 0.755836 0.166619
vt 0.801619 0.166619
vt 0.783088 0.166619
vt 0.779817 0.166619
vt 0.781998 0.166619
vt 0.823420 0.166619
vt 0.802709 0.166619
vt 0.865933 0.166619
vt 0.864843 0.166619
vt 0.863752 0.166619
vt 0.862662 0.166619
vt 0.861572 0.166619
vt 0.860482 0.166619
vt 0.859392 0.166619
vt 0.858302 0.166619
vt 0.857212 0.166619
vt 0.856122 0.166619
vt 0.855032 0.166619
vt 0.853942 0.166619
vt 0.852852 0.166619
vt 0.780908 0.166619
vt 0.824510 0.166619
vt 0.851762 0.166619
vt 0.822330 0.166619
vt 0.825600 0.166619
vt 0.850672 0.166619
vt 0.821240 0.166619
vt 0.826690 0.166619
vt 0.849582 0.166619
vt 0.820150 0.166619
vt 0.827780 0.166619
vt 0.848492 0.166619
vt 0.819060 0.166619
vt 0.828870 0.166619
vt 0.803799 0.166619
vt 0.847401 0.166619
vt 0.829960 0.166619
vt 0.817970 0.166619
vt 0.831051 0.166619
vt 0.846311 0.166619
vt 0.816880 0.166619
vt 0.832141 0.166619
vt 0.845221 0.166619
vt 0.815790 0.166619
vt 0.833231 0.166619
vt 0.804889 0.166619
vt 0.844131 0.166619
vt 0.834321 0.166619
vt 0.814700 0.166619
vt 0.835411 0.166619
vt 0.843041 0.166619
vt 0.813609 0.166619
vt 0.836501 0.166619
vt 0.805979 0.166619
vt 0.841951 0.166619
vt 0.867023 0.166619
vt 0.837591 0.166619
vt 0.840861 0.166619
vt 0.811429 0.166619
vt 0.807069 0.166619
vt 0.839771 0.166619
vt 0.810339 0.166619
vt 0.808159 0.166619
vt 0.838681 0.166619
vt 0.809249 0.166619
vt 0.805166 0.166619
vt 0.809368 0.166619
vt 0.807267 0.166619
vt 0.811469 0.166619
vt 0.861889 0.166619
vt 0.866091 0.166619
vt 0.863990 0.166619
vt 0.868192 0.166619
vt 0.803066 0.166619
vt 0.813570 0.166619
vt 0.815671 0.166619
vt 0.800965 0.166619
vt 0.817772 0.166619
vt 0.859789 0.166619
vt 0.819872 0.166619
vt 0.857688 0.166619
vt 0.798864 0.166619
vt 0.821973 0.166619
vt 0.855587 0.166619
vt 0.853486 0.166619
vt 0.824074 0.166619
vt 0.796763 0.166619
vt 0.851385 0.166619
vt 0.826175 0.166619
vt 0.849284 0.166619
vt 0.828276 0.166619
vt 0.847183 0.166619
vt 0.830377 0.166619
vt 0.845083 0.166619
vt 0.794662 0.166619
vt 0.842982 0.166619
vt 0.832477 0.166619
vt 0.840881 0.166619
vt 0.834578 0.166619
vt 0.838780 0.166619
vt 0.836679 0.166619
vt 0.756847 0.166619
vt 0.792561 0.166619
vt 0.758948 0.166619
vt 0.761049 0.166619
vt 0.790460 0.166619
vt 0.763149 0.166619
vt 0.788360 0.166619
vt 0.765250 0.166619
vt 0.767351 0.166619
vt 0.786259 0.166619
vt 0.769452 0.166619
vt 0.771553 0.166619
vt 0.784158 0.166619
vt 0.773654 0.166619
vt 0.782057 0.166619
vt 0.775754 0.166619
vt 0.777855 0.166619
vt 0.779956 0.166619
vt 0.858130 0.166619
vt 0.859868 0.166619
vt 0.858999 0.166619
vt 0.860736 0.166619
vt 0.857261 0.166619
vt 0.861605 0.166619
vt 0.862474 0.166619
vt 0.856393 0.166619
vt 0.863343 0.166619
vt 0.864211 0.166619
vt 0.855524 0.166619
vt 0.865080 0.166619
vt 0.865949 0.166619
vt 0.854655 0.166619
vt 0.866818 0.166619
vt 0.867687 0.166619
vt 0.868555 0.166619
vt 0.869424 0.166619
vt 0.852917 0.166619
vt 0.760827 0.166619
vt 0.759959 0.166619
vt 0.759090 0.166619
vt 0.758221 0.166619
vt 0.757352 0.166619
vt 0.756483 0.166619
vt 0.755615 0.166619
vt 0.852049 0.166619
vt 0.762565 0.166619
vt 0.761696 0.166619
vt 0.851180 0.166619
vt 0.763434 0.166619
vt 0.850311 0.166619
vt 0.765171 0.166619
vt 0.764302 0.166619
vt 0.766040 0.166619
vt 0.766909 0.166619
vt 0.767778 0.166619
vt 0.768646 0.166619
vt 0.769515 0.166619
vt 0.849442 0.166619
vt 0.770384 0.166619
vt 0.772121 0.166619
vt 0.772990 0.166619
vt 0.848574 0.166619
vt 0.773859 0.166619
vt 0.774728 0.166619
vt 0.775596 0.166619
vt 0.847705 0.166619
vt 0.776465 0.166619
vt 0.777334 0.166619
vt 0.778203 0.166619
vt 0.779072 0.166619
vt 0.779940 0.166619
vt 0.846836 0.166619
vt 0.780809 0.166619
vt 0.781678 0.166619
vt 0.782547 0.166619
vt 0.845967 0.166619
vt 0.783415 0.166619
vt 0.784284 0.166619
vt 0.785153 0.166619
vt 0.845098 0.166619
vt 0.786022 0.166619
vt 0.844230 0.166619
vt 0.786891 0.166619
vt 0.843361 0.166619
vt 0.788628 0.166619
vt 0.842492 0.166619
vt 0.789497 0.166619
vt 0.790366 0.166619
vt 0.841623 0.166619
vt 0.791234 0.166619
vt 0.840755 0.166619
vt 0.792103 0.166619
vt 0.792972 0.166619
vt 0.839886 0.166619
vt 0.793841 0.166619
vt 0.839017 0.166619
vt 0.794710 0.166619
vt 0.838148 0.166619
vt 0.795578 0.166619
vt 0.816429 0.166619
vt 0.818166 0.166619
vt 0.817298 0.166619
vt 0.796447 0.166619
vt 0.819035 0.166619
vt 0.836411 0.166619
vt 0.819904 0.166619
vt 0.835542 0.166619
vt 0.797316 0.166619
vt 0.834673 0.166619
vt 0.821642 0.166619
vt 0.833804 0.166619
vt 0.822510 0.166619
vt 0.832936 0.166619
vt 0.798185 0.166619
vt 0.823379 0.166619
vt 0.832067 0.166619
vt 0.831198 0.166619
vt 0.824248 0.166619
vt 0.830329 0.166619
vt 0.825117 0.166619
vt 0.829461 0.166619
vt 0.825985 0.166619
vt 0.828592 0.166619
vt 0.826854 0.166619
vt 0.827723 0.166619
vt 0.799053 0.166619
vt 0.799922 0.166619
vt 0.800791 0.166619
vt 0.815560 0.166619
vt 0.801660 0.166619
vt 0.814691 0.166619
vt 0.813823 0.166619
vt 0.802529 0.166619
vt 0.812954 0.166619
vt 0.812085 0.166619
vt 0.803397 0.166619
vt 0.811216 0.166619
vt 0.810347 0.166619
vt 0.809479 0.166619
vt 0.805135 0.166619
vt 0.808610 0.166619
vt 0.807741 0.166619
vt 0.806004 0.166619
vt 0.806872 0.166619
vt 0.777443 0.166619
vt 0.781569 0.166619
vt 0.775379 0.166619
vt 0.783633 0.166619
vt 0.773316 0.166619
vt 0.785696 0.166619
vt 0.769189 0.166619
vt 0.864103 0.166619
vt 0.868230 0.166619
vt 0.866166 0.166619
vt 0.767126 0.166619
vt 0.765063 0.166619
vt 0.789823 0.166619
vt 0.791886 0.166619
vt 0.760936 0.166619
vt 0.758873 0.166619
vt 0.793949 0.166619
vt 0.756809 0.166619
vt 0.835216 0.166619
vt 0.859976 0.166619
vt 0.857913 0.166619
vt 0.855850 0.166619
vt 0.851723 0.166619
vt 0.849659 0.166619
vt 0.847596 0.166619
vt 0.843470 0.166619
vt 0.841406 0.166619
vt 0.839343 0.166619
vt 0.833153 0.166619
vt 0.831089 0.166619
vt 0.826963 0.166619
vt 0.798076 0.166619
vt 0.824899 0.166619
vt 0.822836 0.166619
vt 0.800139 0.166619
vt 0.818709 0.166619
vt 0.816646 0.166619
vt 0.802203 0.166619
vt 0.814583 0.166619
vt 0.810456 0.166619
vt 0.808393 0.166619
vt 0.806329 0.166619
vt 0.796100 0.166619
vt 0.798532 0.166619
vt 0.799748 0.166619
vt 0.794883 0.166619
vt 0.793667 0.166619
vt 0.802181 0.166619
vt 0.792451 0.166619
vt 0.804614 0.166619
vt 0.790018 0.166619
vt 0.805830 0.166619
vt 0.788802 0.166619
vt 0.855698 0.166619
vt 0.856914 0.166619
vt 0.854481 0.166619
vt 0.853265 0.166619
vt 0.859346 0.166619
vt 0.807046 0.166619
vt 0.787586 0.166619
vt 0.860563 0.166619
vt 0.850832 0.166619
vt 0.861779 0.166619
vt 0.849616 0.166619
vt 0.862995 0.166619
vt 0.848400 0.166619
vt 0.808262 0.166619
vt 0.786369 0.166619
vt 0.865428 0.166619
vt 0.866644 0.166619
vt 0.844751 0.166619
vt 0.810695 0.166619
vt 0.783937 0.166619
vt 0.867860 0.166619
vt 0.843535 0.166619
vt 0.869077 0.166619
vt 0.842318 0.166619
vt 0.811911 0.166619
vt 0.782720 0.166619
vt 0.841102 0.166619
vt 0.781504 0.166619
vt 0.813128 0.166619
vt 0.814344 0.166619
vt 0.838670 0.166619
vt 0.780288 0.166619
vt 0.755962 0.166619
vt 0.837453 0.166619
vt 0.816776 0.166619
vt 0.836237 0.166619
vt 0.757179 0.166619
vt 0.817993 0.166619
vt 0.835021 0.166619
vt 0.758395 0.166619
vt 0.819209 0.166619
vt 0.820425 0.166619
vt 0.832588 0.166619
vt 0.776639 0.166619
vt 0.759611 0.166619
vt 0.831372 0.166619
vt 0.822858 0.166619
vt 0.830155 0.166619
vt 0.828939 0.166619
vt 0.775423 0.166619
vt 0.825290 0.166619
vt 0.826507 0.166619
vt 0.774207 0.166619
vt 0.762044 0.166619
vt 0.763260 0.166619
vt 0.771774 0.166619
vt 0.764476 0.166619
vt 0.770558 0.166619
vt 0.765692 0.166619
vt 0.769341 0.166619
vt 0.768125 0.166619
vt 0.853616 0.166619
vt 0.855998 0.166619
vt 0.854807 0.166619
vt 0.857190 0.166619
vt 0.858381 0.166619
vt 0.852425 0.166619
vt 0.859572 0.166619
vt 0.860763 0.166619
vt 0.861954 0.166619
vt 0.851234 0.166619
vt 0.863146 0.166619
vt 0.864337 0.166619
vt 0.865528 0.166619
vt 0.850042 0.166619
vt 0.866719 0.166619
vt 0.867910 0.166619
vt 0.869102 0.166619
vt 0.848851 0.166619
vt 0.765467 0.166619
vt 0.764276 0.166619
vt 0.763084 0.166619
vt 0.761893 0.166619
vt 0.760702 0.166619
vt 0.759511 0.166619
vt 0.758320 0.166619
vt 0.757128 0.166619
vt 0.755937 0.166619
vt 0.847660 0.166619
vt 0.767849 0.166619
vt 0.766658 0.166619
vt 0.769040 0.166619
vt 0.770232 0.166619
vt 0.771423 0.166619
vt 0.846469 0.166619
vt 0.772614 0.166619
vt 0.773805 0.166619
vt 0.845278 0.166619
vt 0.774996 0.166619
vt 0.776188 0.166619
vt 0.844086 0.166619
vt 0.777379 0.166619
vt 0.842895 0.166619
vt 0.778570 0.166619
vt 0.779761 0.166619
vt 0.841704 0.166619
vt 0.780952 0.166619
vt 0.840513 0.166619
vt 0.782144 0.166619
vt 0.783335 0.166619
vt 0.839321 0.166619
vt 0.784526 0.166619
vt 0.838130 0.166619
vt 0.785717 0.166619
vt 0.836939 0.166619
vt 0.786909 0.166619
vt 0.835748 0.166619
vt 0.788100 0.166619
vt 0.834557 0.166619
vt 0.789291 0.166619
vt 0.809541 0.166619
vt 0.811924 0.166619
vt 0.810733 0.166619
vt 0.790482 0.166619
vt 0.808350 0.166619
vt 0.833365 0.166619
vt 0.807159 0.166619
vt 0.791673 0.166619
vt 0.805968 0.166619
vt 0.804777 0.166619
vt 0.792865 0.166619
vt 0.803585 0.166619
vt 0.832174 0.166619
vt 0.802394 0.166619
vt 0.794056 0.166619
vt 0.801203 0.166619
vt 0.800012 0.166619
vt 0.795247 0.166619
vt 0.798821 0.166619
vt 0.797629 0.166619
vt 0.796438 0.166619
vt 0.830983 0.166619
vt 0.813115 0.166619
vt 0.829792 0.166619
vt 0.814306 0.166619
vt 0.815497 0.166619
vt 0.816689 0.166619
vt 0.828601 0.166619
vt 0.817880 0.166619
vt 0.819071 0.166619
vt 0.820262 0.166619
vt 0.827410 0.166619
vt 0.821453 0.166619
vt 0.822645 0.166619
vt 0.823836 0.166619
vt 0.826218 0.166619
vt 0.825027 0.166619
vt 0.754746 0.282166
vt 0.755925 0.282166
vt 0.757104 0.282166
vt 0.758283 0.282166
vt 0.759462 0.282166
vt 0.760641 0.282166
vt 0.761820 0.282166
vt 0.762999 0.282166
vt 0.764178 0.282166
vt 0.765357 0.282166
vt 0.766536 0.282166
vt 0.767716 0.282166
vt 0.768895 0.282166
vt 0.770074 0.282166
vt 0.771253 0.282166
vt 0.772432 0.282166
vt 0.773611 0.282166
vt 0.774790 0.282166
vt 0.775969 0.282166
vt 0.777148 0.282166
vt 0.778327 0.282166
vt 0.779506 0.282166
vt 0.780685 0.282166
vt 0.781864 0.282166
vt 0.783043 0.282166
vt 0.784222 0.282166
vt 0.785401 0.282166
vt 0.786580 0.282166
vt 0.787759 0.282166
vt 0.788938 0.282166
vt 0.790117 0.282166
vt 0.791296 0.282166
vt 0.792476 0.282166
vt 0.793655 0.282166
vt 0.794834 0.282166
vt 0.796013 0.282166
vt 0.797192 0.282166
vt 0.798371 0.282166
vt 0.799550 0.282166
vt 0.800729 0.282166
vt 0.801908 0.282166
vt 0.803087 0.282166
vt 0.804266 0.282166
vt 0.805445 0.282166
vt 0.806624 0.282166
vt 0.807803 0.282166
vt 0.808982 0.282166
vt 0.810161 0.282166
vt 0.811340 0.282166
vt 0.812519 0.282166
vt 0.813698 0.282166
vt 0.814878 0.282166
vt 0.816057 0.282166
vt 0.817236 0.282166
vt 0.818415 0.282166
vt 0.819594 0.282166
vt 0.820773 0.282166
vt 0.821952 0.282166
vt 0.823131 0.282166
vt 0.824310 0.282166
vt 0.825489 0.282166
vt 0.826668 0.282166
vt 0.827847 0.282166
vt 0.829026 0.282166
vt 0.830205 0.282166
vt 0.831384 0.282166
vt 0.832563 0.282166
vt 0.833742 0.282166
vt 0.834921 0.282166
vt 0.836100 0.282166
vt 0.837279 0.282166
vt 0.838459 0.282166
vt 0.839638 0.282166
vt 0.840817 0.282166
vt 0.841996 0.282166
vt 0.843175 0.282166
vt 0.844354 0.282166
vt 0.845533 0.282166
vt 0.846712 0.282166
vt 0.847891 0.282166
vt 0.849070 0.282166
vt 0.850249 0.282166
vt 0.851428 0.282166
vt 0.852607 0.282166
vt 0.853786 0.282166
vt 0.854965 0.282166
vt 0.856144 0.282166
vt 0.857323 0.282166
vt 0.858502 0.282166
vt 0.859681 0.282166
vt 0.860860 0.282166
vt 0.862039 0.282166
vt 0.863219 0.282166
vt 0.864398 0.282166
vt 0.865577 0.282166
vt 0.866756 0.282166
vt 0.867935 0.282166
vt 0.869114 0.282166
vt 0.870293 0.282166
vt 0.757153 0.282166
vt 0.757153 0.166619
vt 0.759560 0.282166
vt 0.759560 0.166619
vt 0.761968 0.282166
vt 0.761968 0.166619
vt 0.764375 0.282166
vt 0.764375 0.166619
vt 0.766782 0.282166
vt 0.766782 0.166619
vt 0.769189 0.282166
vt 0.771597 0.282166
vt 0.771597 0.166619
vt 0.774004 0.282166
vt 0.776411 0.282166
vt 0.776411 0.166619
vt 0.778818 0.282166
vt 0.778818 0.166619
vt 0.781225 0.282166
vt 0.781225 0.166619
vt 0.783633 0.282166
vt 0.786040 0.282166
vt 0.786040 0.166619
vt 0.788447 0.282166
vt 0.788447 0.166619
vt 0.790854 0.282166
vt 0.790854 0.166619
vt 0.793262 0.282166
vt 0.795669 0.282166
vt 0.795669 0.166619
vt 0.798076 0.282166
vt 0.800483 0.282166
vt 0.800483 0.166619
vt 0.802890 0.282166
vt 0.802890 0.166619
vt 0.805298 0.282166
vt 0.805298 0.166619
vt 0.807705 0.282166
vt 0.807705 0.166619
vt 0.810112 0.282166
vt 0.810112 0.166619
vt 0.814927 0.282166
vt 0.814927 0.166619
vt 0.817334 0.282166
vt 0.817334 0.166619
vt 0.819741 0.282166
vt 0.819741 0.166619
vt 0.822148 0.282166
vt 0.822148 0.166619
vt 0.824556 0.282166
vt 0.824556 0.166619
vt 0.826963 0.282166
vt 0.829370 0.282166
vt 0.829370 0.166619
vt 0.831777 0.282166
vt 0.834184 0.282166
vt 0.834184 0.166619
vt 0.836592 0.282166
vt 0.836592 0.166619
vt 0.838999 0.282166
vt 0.838999 0.166619
vt 0.841406 0.282166
vt 0.843813 0.282166
vt 0.843813 0.166619
vt 0.846221 0.282166
vt 0.846221 0.166619
vt 0.848628 0.282166
vt 0.848628 0.166619
vt 0.851035 0.282166
vt 0.853442 0.282166
vt 0.853442 0.166619
vt 0.855850 0.282166
vt 0.858257 0.282166
vt 0.858257 0.166619
vt 0.860664 0.282166
vt 0.860664 0.166619
vt 0.863071 0.282166
vt 0.863071 0.166619
vt 0.865478 0.282166
vt 0.865478 0.166619
vt 0.867886 0.282166
vt 0.867886 0.166619
vt 0.756773 0.282166
vt 0.756773 0.166619
vt 0.758800 0.282166
vt 0.758800 0.166619
vt 0.760827 0.282166
vt 0.762855 0.282166
vt 0.762855 0.166619
vt 0.764882 0.282166
vt 0.764882 0.166619
vt 0.766909 0.282166
vt 0.768936 0.282166
vt 0.768936 0.166619
vt 0.770963 0.282166
vt 0.770963 0.166619
vt 0.772990 0.282166
vt 0.775017 0.282166
vt 0.775017 0.166619
vt 0.777044 0.282166
vt 0.777044 0.166619
vt 0.779072 0.282166
vt 0.781099 0.282166
vt 0.781099 0.166619
vt 0.783126 0.282166
vt 0.783126 0.166619
vt 0.785153 0.282166
vt 0.787180 0.282166
vt 0.787180 0.166619
vt 0.789207 0.282166
vt 0.789207 0.166619
vt 0.791234 0.282166
vt 0.795289 0.282166
vt 0.795289 0.166619
vt 0.797316 0.282166
vt 0.799343 0.282166
vt 0.799343 0.166619
vt 0.801370 0.282166
vt 0.801370 0.166619
vt 0.803397 0.282166
vt 0.805424 0.282166
vt 0.805424 0.166619
vt 0.807452 0.282166
vt 0.807452 0.166619
vt 0.809479 0.282166
vt 0.811506 0.282166
vt 0.811506 0.166619
vt 0.813533 0.282166
vt 0.813533 0.166619
vt 0.815560 0.282166
vt 0.817587 0.282166
vt 0.817587 0.166619
vt 0.819614 0.282166
vt 0.819614 0.166619
vt 0.821642 0.282166
vt 0.823669 0.282166
vt 0.823669 0.166619
vt 0.825696 0.282166
vt 0.825696 0.166619
vt 0.827723 0.282166
vt 0.829750 0.282166
vt 0.829750 0.166619
vt 0.833804 0.282166
vt 0.835832 0.282166
vt 0.835832 0.166619
vt 0.837859 0.282166
vt 0.837859 0.166619
vt 0.839886 0.282166
vt 0.841913 0.282166
vt 0.841913 0.166619
vt 0.843940 0.282166
vt 0.843940 0.166619
vt 0.845967 0.282166
vt 0.847994 0.282166
vt 0.847994 0.166619
vt 0.850021 0.282166
vt 0.850021 0.166619
vt 0.852049 0.282166
vt 0.854076 0.282166
vt 0.854076 0.166619
vt 0.856103 0.282166
vt 0.856103 0.166619
vt 0.858130 0.282166
vt 0.860157 0.282166
vt 0.860157 0.166619
vt 0.862184 0.282166
vt 0.862184 0.166619
vt 0.864211 0.282166
vt 0.866239 0.282166
vt 0.866239 0.166619
vt 0.868266 0.282166
vt 0.868266 0.166619
vt 0.755608 0.282166
vt 0.755608 0.166619
vt 0.756471 0.282166
vt 0.756471 0.166619
vt 0.757333 0.282166
vt 0.757333 0.166619
vt 0.758195 0.282166
vt 0.758195 0.166619
vt 0.759057 0.282166
vt 0.759057 0.166619
vt 0.759920 0.282166
vt 0.759920 0.166619
vt 0.760782 0.282166
vt 0.760782 0.166619
vt 0.761644 0.282166
vt 0.761644 0.166619
vt 0.762507 0.282166
vt 0.762507 0.166619
vt 0.763369 0.282166
vt 0.763369 0.166619
vt 0.764231 0.282166
vt 0.764231 0.166619
vt 0.765093 0.282166
vt 0.765093 0.166619
vt 0.765956 0.282166
vt 0.765956 0.166619
vt 0.766818 0.282166
vt 0.766818 0.166619
vt 0.767680 0.282166
vt 0.767680 0.166619
vt 0.768543 0.282166
vt 0.768543 0.166619
vt 0.769405 0.282166
vt 0.769405 0.166619
vt 0.770267 0.282166
vt 0.770267 0.166619
vt 0.771129 0.282166
vt 0.771129 0.166619
vt 0.771992 0.282166
vt 0.771992 0.166619
vt 0.772854 0.282166
vt 0.772854 0.166619
vt 0.773716 0.282166
vt 0.773716 0.166619
vt 0.774579 0.282166
vt 0.774579 0.166619
vt 0.775441 0.282166
vt 0.775441 0.166619
vt 0.776303 0.282166
vt 0.776303 0.166619
vt 0.777166 0.282166
vt 0.777166 0.166619
vt 0.778028 0.282166
vt 0.778028 0.166619
vt 0.778890 0.282166
vt 0.778890 0.166619
vt 0.779752 0.282166
vt 0.779752 0.166619
vt 0.780615 0.282166
vt 0.780615 0.166619
vt 0.781477 0.282166
vt 0.781477 0.166619
vt 0.782339 0.282166
vt 0.782339 0.166619
vt 0.783202 0.282166
vt 0.783202 0.166619
vt 0.784064 0.282166
vt 0.784064 0.166619
vt 0.784926 0.282166
vt 0.784926 0.166619
vt 0.785788 0.282166
vt 0.785788 0.166619
vt 0.786651 0.282166
vt 0.786651 0.166619
vt 0.787513 0.282166
vt 0.787513 0.166619
vt 0.788375 0.282166
vt 0.788375 0.166619
vt 0.789238 0.282166
vt 0.789238 0.166619
vt 0.790100 0.282166
vt 0.790100 0.166619
vt 0.790962 0.282166
vt 0.790962 0.166619
vt 0.791824 0.282166
vt 0.791824 0.166619
vt 0.792687 0.282166
vt 0.792687 0.166619
vt 0.793549 0.282166
vt 0.793549 0.166619
vt 0.794411 0.282166
vt 0.794411 0.166619
vt 0.795274 0.282166
vt 0.795274 0.166619
vt 0.796136 0.282166
vt 0.796136 0.166619
vt 0.796998 0.282166
vt 0.796998 0.166619
vt 0.797861 0.282166
vt 0.797861 0.166619
vt 0.798723 0.282166
vt 0.798723 0.166619
vt 0.799585 0.282166
vt 0.799585 0.166619
vt 0.800447 0.282166
vt 0.800447 0.166619
vt 0.801310 0.282166
vt 0.801310 0.166619
vt 0.802172 0.282166
vt 0.802172 0.166619
vt 0.803034 0.282166
vt 0.803034 0.166619
vt 0.803896 0.282166
vt 0.803896 0.166619
vt 0.804759 0.282166
vt 0.804759 0.166619
vt 0.805621 0.282166
vt 0.805621 0.166619
vt 0.806483 0.282166
vt 0.806483 0.166619
vt 0.807346 0.282166
vt 0.807346 0.166619
vt 0.808208 0.282166
vt 0.808208 0.166619
vt 0.809070 0.282166
vt 0.809070 0.166619
vt 0.809933 0.282166
vt 0.809933 0.166619
vt 0.810795 0.282166
vt 0.810795 0.166619
vt 0.811657 0.282166
vt 0.811657 0.166619
vt 0.813382 0.282166
vt 0.813382 0.166619
vt 0.814244 0.282166
vt 0.814244 0.166619
vt 0.815106 0.282166
vt 0.815106 0.166619
vt 0.815969 0.282166
vt 0.815969 0.166619
vt 0.816831 0.282166
vt 0.816831 0.166619
vt 0.817693 0.282166
vt 0.817693 0.166619
vt 0.818555 0.282166
vt 0.818555 0.166619
vt 0.819418 0.282166
vt 0.819418 0.166619
vt 0.820280 0.282166
vt 0.820280 0.166619
vt 0.821142 0.282166
vt 0.821142 0.166619
vt 0.822005 0.282166
vt 0.822005 0.166619
vt 0.822867 0.282166
vt 0.822867 0.166619
vt 0.823729 0.282166
vt 0.823729 0.166619
vt 0.824592 0.282166
vt 0.824592 0.166619
vt 0.825454 0.282166
vt 0.825454 0.166619
vt 0.826316 0.282166
vt 0.826316 0.166619
vt 0.827178 0.282166
vt 0.827178 0.166619
vt 0.828041 0.282166
vt 0.828041 0.166619
vt 0.828903 0.282166
vt 0.828903 0.166619
vt 0.829765 0.282166
vt 0.829765 0.166619
vt 0.830627 0.282166
vt 0.830627 0.166619
vt 0.831490 0.282166
vt 0.831490 0.166619
vt 0.832352 0.282166
vt 0.832352 0.166619
vt 0.833214 0.282166
vt 0.833214 0.166619
vt 0.834077 0.282166
vt 0.834077 0.166619
vt 0.834939 0.282166
vt 0.834939 0.166619
vt 0.835801 0.282166
vt 0.835801 0.166619
vt 0.836663 0.282166
vt 0.836663 0.166619
vt 0.837526 0.282166
vt 0.837526 0.166619
vt 0.838388 0.282166
vt 0.838388 0.166619
vt 0.839250 0.282166
vt 0.839250 0.166619
vt 0.840113 0.282166
vt 0.840113 0.166619
vt 0.840975 0.282166
vt 0.840975 0.166619
vt 0.841837 0.282166
vt 0.841837 0.166619
vt 0.842700 0.282166
vt 0.842700 0.166619
vt 0.843562 0.282166
vt 0.843562 0.166619
vt 0.844424 0.282166
vt 0.844424 0.166619
vt 0.845286 0.282166
vt 0.845286 0.166619
vt 0.846149 0.282166
vt 0.846149 0.166619
vt 0.847011 0.282166
vt 0.847011 0.166619
vt 0.847873 0.282166
vt 0.847873 0.166619
vt 0.848736 0.282166
vt 0.848736 0.166619
vt 0.849598 0.282166
vt 0.849598 0.166619
vt 0.850460 0.282166
vt 0.850460 0.166619
vt 0.851322 0.282166
vt 0.851322 0.166619
vt 0.852185 0.282166
vt 0.852185 0.166619
vt 0.853047 0.282166
vt 0.853047 0.166619
vt 0.853909 0.282166
vt 0.853909 0.166619
vt 0.854772 0.282166
vt 0.854772 0.166619
vt 0.855634 0.282166
vt 0.855634 0.166619
vt 0.856496 0.282166
vt 0.856496 0.166619
vt 0.857358 0.282166
vt 0.857358 0.166619
vt 0.858221 0.282166
vt 0.858221 0.166619
vt 0.859083 0.282166
vt 0.859083 0.166619
vt 0.859945 0.282166
vt 0.859945 0.166619
vt 0.860808 0.282166
vt 0.860808 0.166619
vt 0.861670 0.282166
vt 0.861670 0.166619
vt 0.862532 0.282166
vt 0.862532 0.166619
vt 0.863394 0.282166
vt 0.863394 0.166619
vt 0.864257 0.282166
vt 0.864257 0.166619
vt 0.865119 0.282166
vt 0.865119 0.166619
vt 0.865981 0.282166
vt 0.865981 0.166619
vt 0.866844 0.282166
vt 0.866844 0.166619
vt 0.867706 0.282166
vt 0.867706 0.166619
vt 0.868568 0.282166
vt 0.868568 0.166619
vt 0.869431 0.282166
vt 0.869431 0.166619
vt 0.756809 0.282166
vt 0.758873 0.282166
vt 0.760936 0.282166
vt 0.765063 0.282166
vt 0.767126 0.282166
vt 0.773316 0.282166
vt 0.775379 0.282166
vt 0.777443 0.282166
vt 0.781569 0.282166
vt 0.785696 0.282166
vt 0.789823 0.282166
vt 0.791886 0.282166
vt 0.793949 0.282166
vt 0.800139 0.282166
vt 0.802203 0.282166
vt 0.806329 0.282166
vt 0.808393 0.282166
vt 0.810456 0.282166
vt 0.814583 0.282166
vt 0.816646 0.282166
vt 0.818709 0.282166
vt 0.822836 0.282166
vt 0.824899 0.282166
vt 0.831089 0.282166
vt 0.833153 0.282166
vt 0.835216 0.282166
vt 0.839343 0.282166
vt 0.843470 0.282166
vt 0.847596 0.282166
vt 0.849659 0.282166
vt 0.851723 0.282166
vt 0.857913 0.282166
vt 0.859976 0.282166
vt 0.864103 0.282166
vt 0.866166 0.282166
vt 0.868230 0.282166
vt 0.755826 0.282166
vt 0.755826 0.166619
vt 0.756906 0.282166
vt 0.756906 0.166619
vt 0.757986 0.282166
vt 0.757986 0.166619
vt 0.759065 0.282166
vt 0.759065 0.166619
vt 0.760145 0.282166
vt 0.760145 0.166619
vt 0.761225 0.282166
vt 0.761225 0.166619
vt 0.762305 0.282166
vt 0.762305 0.166619
vt 0.763385 0.282166
vt 0.763385 0.166619
vt 0.764465 0.282166
vt 0.764465 0.166619
vt 0.765545 0.282166
vt 0.765545 0.166619
vt 0.766625 0.282166
vt 0.766625 0.166619
vt 0.767704 0.282166
vt 0.767704 0.166619
vt 0.768784 0.282166
vt 0.768784 0.166619
vt 0.769864 0.282166
vt 0.769864 0.166619
vt 0.770944 0.282166
vt 0.770944 0.166619
vt 0.772024 0.282166
vt 0.772024 0.166619
vt 0.773104 0.282166
vt 0.773104 0.166619
vt 0.774184 0.282166
vt 0.774184 0.166619
vt 0.775264 0.282166
vt 0.775264 0.166619
vt 0.776343 0.282166
vt 0.776343 0.166619
vt 0.777423 0.282166
vt 0.777423 0.166619
vt 0.778503 0.282166
vt 0.778503 0.166619
vt 0.779583 0.282166
vt 0.779583 0.166619
vt 0.780663 0.282166
vt 0.780663 0.166619
vt 0.781743 0.282166
vt 0.781743 0.166619
vt 0.782823 0.282166
vt 0.782823 0.166619
vt 0.783903 0.282166
vt 0.783903 0.166619
vt 0.784983 0.282166
vt 0.784983 0.166619
vt 0.786062 0.282166
vt 0.786062 0.166619
vt 0.787142 0.282166
vt 0.787142 0.166619
vt 0.788222 0.282166
vt 0.788222 0.166619
vt 0.789302 0.282166
vt 0.789302 0.166619
vt 0.790382 0.282166
vt 0.790382 0.166619
vt 0.791462 0.282166
vt 0.791462 0.166619
vt 0.792542 0.282166
vt 0.792542 0.166619
vt 0.793622 0.282166
vt 0.793622 0.166619
vt 0.794701 0.282166
vt 0.794701 0.166619
vt 0.795781 0.282166
vt 0.795781 0.166619
vt 0.796861 0.282166
vt 0.796861 0.166619
vt 0.797941 0.282166
vt 0.797941 0.166619
vt 0.799021 0.282166
vt 0.799021 0.166619
vt 0.800101 0.282166
vt 0.800101 0.166619
vt 0.801181 0.282166
vt 0.801181 0.166619
vt 0.802261 0.282166
vt 0.802261 0.166619
vt 0.803340 0.282166
vt 0.803340 0.166619
vt 0.804420 0.282166
vt 0.804420 0.166619
vt 0.805500 0.282166
vt 0.805500 0.166619
vt 0.806580 0.282166
vt 0.806580 0.166619
vt 0.807660 0.282166
vt 0.807660 0.166619
vt 0.808740 0.282166
vt 0.808740 0.166619
vt 0.809820 0.282166
vt 0.809820 0.166619
vt 0.810900 0.282166
vt 0.810900 0.166619
vt 0.811979 0.282166
vt 0.811979 0.166619
vt 0.813059 0.282166
vt 0.813059 0.166619
vt 0.814139 0.282166
vt 0.814139 0.166619
vt 0.815219 0.282166
vt 0.815219 0.166619
vt 0.816299 0.282166
vt 0.816299 0.166619
vt 0.817379 0.282166
vt 0.817379 0.166619
vt 0.818459 0.282166
vt 0.818459 0.166619
vt 0.819539 0.282166
vt 0.819539 0.166619
vt 0.820619 0.282166
vt 0.820619 0.166619
vt 0.821698 0.282166
vt 0.821698 0.166619
vt 0.822778 0.282166
vt 0.822778 0.166619
vt 0.823858 0.282166
vt 0.823858 0.166619
vt 0.824938 0.282166
vt 0.824938 0.166619
vt 0.826018 0.282166
vt 0.826018 0.166619
vt 0.827098 0.282166
vt 0.827098 0.166619
vt 0.828178 0.282166
vt 0.828178 0.166619
vt 0.829257 0.282166
vt 0.829257 0.166619
vt 0.830337 0.282166
vt 0.830337 0.166619
vt 0.831417 0.282166
vt 0.831417 0.166619
vt 0.832497 0.282166
vt 0.832497 0.166619
vt 0.833577 0.282166
vt 0.833577 0.166619
vt 0.834657 0.282166
vt 0.834657 0.166619
vt 0.835737 0.282166
vt 0.835737 0.166619
vt 0.836817 0.282166
vt 0.836817 0.166619
vt 0.837897 0.282166
vt 0.837897 0.166619
vt 0.838976 0.282166
vt 0.838976 0.166619
vt 0.840056 0.282166
vt 0.840056 0.166619
vt 0.841136 0.282166
vt 0.841136 0.166619
vt 0.842216 0.282166
vt 0.842216 0.166619
vt 0.843296 0.282166
vt 0.843296 0.166619
vt 0.844376 0.282166
vt 0.844376 0.166619
vt 0.845456 0.282166
vt 0.845456 0.166619
vt 0.846536 0.282166
vt 0.846536 0.166619
vt 0.847615 0.282166
vt 0.847615 0.166619
vt 0.848695 0.282166
vt 0.848695 0.166619
vt 0.849775 0.282166
vt 0.849775 0.166619
vt 0.850855 0.282166
vt 0.850855 0.166619
vt 0.851935 0.282166
vt 0.851935 0.166619
vt 0.853015 0.282166
vt 0.853015 0.166619
vt 0.854095 0.282166
vt 0.854095 0.166619
vt 0.855175 0.282166
vt 0.855175 0.166619
vt 0.856254 0.282166
vt 0.856254 0.166619
vt 0.857334 0.282166
vt 0.857334 0.166619
vt 0.858414 0.282166
vt 0.858414 0.166619
vt 0.859494 0.282166
vt 0.859494 0.166619
vt 0.860574 0.282166
vt 0.860574 0.166619
vt 0.861654 0.282166
vt 0.861654 0.166619
vt 0.862734 0.282166
vt 0.862734 0.166619
vt 0.863814 0.282166
vt 0.863814 0.166619
vt 0.864893 0.282166
vt 0.864893 0.166619
vt 0.865973 0.282166
vt 0.865973 0.166619
vt 0.867053 0.282166
vt 0.867053 0.166619
vt 0.868133 0.282166
vt 0.868133 0.166619
vt 0.869213 0.282166
vt 0.869213 0.166619
vt 0.756307 0.282166
vt 0.756307 0.166619
vt 0.757869 0.282166
vt 0.757869 0.166619
vt 0.759430 0.282166
vt 0.759430 0.166619
vt 0.760992 0.282166
vt 0.760992 0.166619
vt 0.762553 0.282166
vt 0.762553 0.166619
vt 0.764115 0.282166
vt 0.764115 0.166619
vt 0.765676 0.282166
vt 0.765676 0.166619
vt 0.767238 0.282166
vt 0.767238 0.166619
vt 0.768799 0.282166
vt 0.768799 0.166619
vt 0.770360 0.282166
vt 0.770360 0.166619
vt 0.771922 0.282166
vt 0.771922 0.166619
vt 0.773483 0.282166
vt 0.773483 0.166619
vt 0.775045 0.282166
vt 0.775045 0.166619
vt 0.776606 0.282166
vt 0.776606 0.166619
vt 0.778168 0.282166
vt 0.778168 0.166619
vt 0.779729 0.282166
vt 0.779729 0.166619
vt 0.781291 0.282166
vt 0.781291 0.166619
vt 0.782852 0.282166
vt 0.782852 0.166619
vt 0.784413 0.282166
vt 0.784413 0.166619
vt 0.785975 0.282166
vt 0.785975 0.166619
vt 0.787536 0.282166
vt 0.787536 0.166619
vt 0.789098 0.282166
vt 0.789098 0.166619
vt 0.790659 0.282166
vt 0.790659 0.166619
vt 0.792221 0.282166
vt 0.792221 0.166619
vt 0.793782 0.282166
vt 0.793782 0.166619
vt 0.795344 0.282166
vt 0.795344 0.166619
vt 0.796905 0.282166
vt 0.796905 0.166619
vt 0.798466 0.282166
vt 0.798466 0.166619
vt 0.800028 0.282166
vt 0.800028 0.166619
vt 0.801589 0.282166
vt 0.801589 0.166619
vt 0.803151 0.282166
vt 0.803151 0.166619
vt 0.804712 0.282166
vt 0.804712 0.166619
vt 0.806274 0.282166
vt 0.806274 0.166619
vt 0.807835 0.282166
vt 0.807835 0.166619
vt 0.809397 0.282166
vt 0.809397 0.166619
vt 0.810958 0.282166
vt 0.810958 0.166619
vt 0.814081 0.282166
vt 0.814081 0.166619
vt 0.815642 0.282166
vt 0.815642 0.166619
vt 0.817204 0.282166
vt 0.817204 0.166619
vt 0.818765 0.282166
vt 0.818765 0.166619
vt 0.820327 0.282166
vt 0.820327 0.166619
vt 0.821888 0.282166
vt 0.821888 0.166619
vt 0.823449 0.282166
vt 0.823449 0.166619
vt 0.825011 0.282166
vt 0.825011 0.166619
vt 0.826572 0.282166
vt 0.826572 0.166619
vt 0.828134 0.282166
vt 0.828134 0.166619
vt 0.829695 0.282166
vt 0.829695 0.166619
vt 0.831257 0.282166
vt 0.831257 0.166619
vt 0.832818 0.282166
vt 0.832818 0.166619
vt 0.834380 0.282166
vt 0.834380 0.166619
vt 0.835941 0.282166
vt 0.835941 0.166619
vt 0.837502 0.282166
vt 0.837502 0.166619
vt 0.839064 0.282166
vt 0.839064 0.166619
vt 0.840625 0.282166
vt 0.840625 0.166619
vt 0.842187 0.282166
vt 0.842187 0.166619
vt 0.843748 0.282166
vt 0.843748 0.166619
vt 0.845310 0.282166
vt 0.845310 0.166619
vt 0.846871 0.282166
vt 0.846871 0.166619
vt 0.848433 0.282166
vt 0.848433 0.166619
vt 0.849994 0.282166
vt 0.849994 0.166619
vt 0.851555 0.282166
vt 0.851555 0.166619
vt 0.853117 0.282166
vt 0.853117 0.166619
vt 0.854678 0.282166
vt 0.854678 0.166619
vt 0.856240 0.282166
vt 0.856240 0.166619
vt 0.857801 0.282166
vt 0.857801 0.166619
vt 0.859363 0.282166
vt 0.859363 0.166619
vt 0.860924 0.282166
vt 0.860924 0.166619
vt 0.862486 0.282166
vt 0.862486 0.166619
vt 0.864047 0.282166
vt 0.864047 0.166619
vt 0.865609 0.282166
vt 0.865609 0.166619
vt 0.867170 0.282166
vt 0.867170 0.166619
vt 0.868731 0.282166
vt 0.868731 0.166619
vt 0.759368 0.282166
vt 0.759368 0.166619
vt 0.763990 0.282166
vt 0.763990 0.166619
vt 0.768612 0.282166
vt 0.768612 0.166619
vt 0.773233 0.282166
vt 0.773233 0.166619
vt 0.777855 0.282166
vt 0.782477 0.282166
vt 0.782477 0.166619
vt 0.787099 0.282166
vt 0.787099 0.166619
vt 0.791721 0.282166
vt 0.791721 0.166619
vt 0.796343 0.282166
vt 0.796343 0.166619
vt 0.800965 0.282166
vt 0.805587 0.282166
vt 0.805587 0.166619
vt 0.810208 0.282166
vt 0.810208 0.166619
vt 0.814830 0.282166
vt 0.814830 0.166619
vt 0.819452 0.282166
vt 0.819452 0.166619
vt 0.824074 0.282166
vt 0.828696 0.282166
vt 0.828696 0.166619
vt 0.833318 0.282166
vt 0.833318 0.166619
vt 0.837940 0.282166
vt 0.837940 0.166619
vt 0.842562 0.282166
vt 0.842562 0.166619
vt 0.847183 0.282166
vt 0.851805 0.282166
vt 0.851805 0.166619
vt 0.856427 0.282166
vt 0.856427 0.166619
vt 0.861049 0.282166
vt 0.861049 0.166619
vt 0.865671 0.282166
vt 0.865671 0.166619
vt 0.756847 0.282166
vt 0.758948 0.282166
vt 0.761049 0.282166
vt 0.763149 0.282166
vt 0.765250 0.282166
vt 0.767351 0.282166
vt 0.769452 0.282166
vt 0.771553 0.282166
vt 0.773654 0.282166
vt 0.775754 0.282166
vt 0.779956 0.282166
vt 0.782057 0.282166
vt 0.784158 0.282166
vt 0.786259 0.282166
vt 0.788360 0.282166
vt 0.790460 0.282166
vt 0.792561 0.282166
vt 0.794662 0.282166
vt 0.796763 0.282166
vt 0.798864 0.282166
vt 0.803066 0.282166
vt 0.805166 0.282166
vt 0.807267 0.282166
vt 0.809368 0.282166
vt 0.811469 0.282166
vt 0.813570 0.282166
vt 0.815671 0.282166
vt 0.817772 0.282166
vt 0.819872 0.282166
vt 0.821973 0.282166
vt 0.826175 0.282166
vt 0.828276 0.282166
vt 0.830377 0.282166
vt 0.832477 0.282166
vt 0.834578 0.282166
vt 0.836679 0.282166
vt 0.838780 0.282166
vt 0.840881 0.282166
vt 0.842982 0.282166
vt 0.845083 0.282166
vt 0.849284 0.282166
vt 0.851385 0.282166
vt 0.853486 0.282166
vt 0.855587 0.282166
vt 0.857688 0.282166
vt 0.859789 0.282166
vt 0.861889 0.282166
vt 0.863990 0.282166
vt 0.866091 0.282166
vt 0.868192 0.282166
s 0
f 1/1/1 2/2/1 4/3/1 3/4/1
f 3/4/2 4/3/2 8/5/2 7/6/2
f 7/6/3 8/5/3 6/7/3 5/8/3
f 5/8/4 6/7/4 2/9/4 1/10/4
f 3/11/5 7/6/5 5/8/5 1/12/5
f 8/5/6 4/13/6 2/14/6 6/7/6
f 21/15/6 23/16/6 22/17/6
f 21/15/6 24/18/6 23/16/6
f 20/19/6 24/18/6 21/15/6
f 20/19/6 25/20/6 24/18/6
f 19/21/6 25/20/6 20/19/6
f 19/21/6 26/22/6 25/20/6
f 19/21/6 27/23/6 26/22/6
f 18/24/6 27/23/6 19/21/6
f 18/24/6 28/25/6 27/23/6
f 61/26/6 63/27/6 62/28/6
f 61/26/6 9/29/6 63/27/6
f 17/30/6 28/25/6 18/24/6
f 17/30/6 29/31/6 28/25/6
f 17/30/6 30/32/6 29/31/6
f 16/33/6 30/32/6 17/30/6
f 16/33/6 31/34/6 30/32/6
f 15/35/6 31/34/6 16/33/6
f 15/35/6 32/36/6 31/34/6
f 15/35/6 33/37/6 32/36/6
f 14/38/6 33/37/6 15/35/6
f 14/38/6 34/39/6 33/37/6
f 13/40/6 34/39/6 14/38/6
f 13/40/6 44/41/6 34/39/6
f 44/41/6 43/42/6 34/39/6
f 43/42/6 42/43/6 34/39/6
f 42/43/6 41/44/6 34/39/6
f 41/44/6 40/45/6 34/39/6
f 40/45/6 39/46/6 34/39/6
f 39/46/6 38/47/6 34/39/6
f 38/47/6 37/48/6 34/39/6
f 37/48/6 36/49/6 34/39/6
f 36/49/6 35/50/6 34/39/6
f 12/51/6 46/52/6 13/40/6
f 46/52/7 45/53/7 13/40/7
f 45/53/6 44/41/6 13/40/6
f 11/54/6 48/55/6 12/51/6
f 48/55/6 47/56/6 12/51/6
f 47/56/6 46/52/6 12/51/6
f 11/54/6 49/57/6 48/55/6
f 11/54/6 50/58/6 49/57/6
f 10/59/6 50/58/6 11/54/6
f 10/59/6 51/60/6 50/58/6
f 10/59/6 52/61/6 51/60/6
f 61/26/6 10/59/6 9/29/6
f 61/26/6 56/62/6 10/59/6
f 56/62/6 55/63/6 10/59/6
f 55/63/6 54/64/6 10/59/6
f 54/64/6 53/65/6 10/59/6
f 53/65/6 52/61/6 10/59/6
f 61/26/8 57/66/8 56/62/8
f 61/26/6 58/67/6 57/66/6
f 61/26/6 59/68/6 58/67/6
f 61/26/6 60/69/6 59/68/6
f 98/70/6 100/71/6 99/72/6
f 98/70/6 101/73/6 100/71/6
f 97/74/6 101/73/6 98/70/6
f 97/74/6 102/75/6 101/73/6
f 96/76/6 102/75/6 97/74/6
f 96/76/6 103/77/6 102/75/6
f 95/78/6 103/77/6 96/76/6
f 95/78/6 104/79/6 103/77/6
f 94/80/6 104/79/6 95/78/6
f 94/80/6 105/81/6 104/79/6
f 93/82/6 105/81/6 94/80/6
f 93/82/6 106/83/6 105/81/6
f 92/84/6 149/85/6 93/82/6
f 149/85/6 106/83/6 93/82/6
f 92/84/9 150/86/9 149/85/9
f 148/87/6 106/83/6 149/85/6
f 92/84/6 151/88/6 150/86/6
f 147/89/6 106/83/6 148/87/6
f 92/84/6 152/90/6 151/88/6
f 146/91/6 106/83/6 147/89/6
f 146/91/6 107/92/6 106/83/6
f 92/84/6 153/93/6 152/90/6
f 91/94/6 153/93/6 92/84/6
f 145/95/6 107/92/6 146/91/6
f 91/94/6 154/96/6 153/93/6
f 144/97/6 107/92/6 145/95/6
f 91/94/6 155/98/6 154/96/6
f 143/99/6 107/92/6 144/97/6
f 91/94/6 156/100/6 155/98/6
f 142/101/6 107/92/6 143/99/6
f 90/102/6 156/100/6 91/94/6
f 142/101/6 108/103/6 107/92/6
f 90/102/6 157/104/6 156/100/6
f 141/105/6 108/103/6 142/101/6
f 90/102/6 158/106/6 157/104/6
f 140/107/6 108/103/6 141/105/6
f 89/108/6 158/106/6 90/102/6
f 140/107/6 109/109/6 108/103/6
f 89/108/6 159/110/6 158/106/6
f 139/111/6 109/109/6 140/107/6
f 89/108/6 160/112/6 159/110/6
f 138/113/6 109/109/6 139/111/6
f 88/114/6 160/112/6 89/108/6
f 88/114/6 161/115/6 160/112/6
f 138/113/6 110/116/6 109/109/6
f 162/27/6 110/116/6 138/113/6
f 88/114/6 162/27/6 161/115/6
f 88/114/6 110/116/6 162/27/6
f 87/117/6 110/116/6 88/114/6
f 87/117/6 111/118/6 110/116/6
f 86/119/6 112/120/6 87/117/6
f 112/120/6 111/118/6 87/117/6
f 86/119/6 113/49/6 112/120/6
f 85/121/6 113/49/6 86/119/6
f 85/121/6 114/122/6 113/49/6
f 85/121/6 115/123/6 114/122/6
f 84/124/6 115/123/6 85/121/6
f 84/124/6 116/125/6 115/123/6
f 83/126/6 116/125/6 84/124/6
f 83/126/6 117/127/6 116/125/6
f 135/128/6 137/129/6 136/130/6
f 83/126/6 118/131/6 117/127/6
f 134/132/6 137/129/6 135/128/6
f 133/133/6 137/129/6 134/132/6
f 82/134/6 118/131/6 83/126/6
f 82/134/6 119/135/6 118/131/6
f 132/136/6 137/129/6 133/133/6
f 131/137/6 137/129/6 132/136/6
f 82/134/6 120/138/6 119/135/6
f 130/139/6 137/129/6 131/137/6
f 82/134/6 121/140/6 120/138/6
f 129/141/6 137/129/6 130/139/6
f 81/142/6 121/140/6 82/134/6
f 128/143/6 137/129/6 129/141/6
f 81/142/6 122/144/6 121/140/6
f 127/145/6 137/129/6 128/143/6
f 81/142/6 123/146/6 122/144/6
f 126/147/6 137/129/6 127/145/6
f 125/148/6 137/129/6 126/147/6
f 81/142/6 124/149/6 123/146/6
f 124/149/6 137/129/6 125/148/6
f 81/142/6 137/129/6 124/149/6
f 80/150/6 137/129/6 81/142/6
f 80/150/6 64/29/6 137/129/6
f 79/151/6 64/29/6 80/150/6
f 79/151/6 65/152/6 64/29/6
f 79/151/6 66/153/6 65/152/6
f 78/154/6 66/153/6 79/151/6
f 78/154/6 67/155/6 66/153/6
f 78/154/6 68/156/6 67/155/6
f 77/157/6 68/156/6 78/154/6
f 77/157/6 69/158/6 68/156/6
f 77/157/6 70/159/6 69/158/6
f 76/160/6 70/159/6 77/157/6
f 76/160/6 71/161/6 70/159/6
f 76/160/6 72/162/6 71/161/6
f 76/160/6 73/163/6 72/162/6
f 75/164/6 73/163/6 76/160/6
f 75/164/10 74/165/10 73/163/10
f 174/166/7 176/167/7 175/168/7
f 198/169/6 200/170/6 199/171/6
f 173/172/6 176/167/6 174/166/6
f 173/172/6 177/173/6 176/167/6
f 197/174/6 200/170/6 198/169/6
f 197/174/6 201/175/6 200/170/6
f 172/176/6 177/173/6 173/172/6
f 172/176/6 178/177/6 177/173/6
f 196/178/6 201/175/6 197/174/6
f 171/179/6 178/177/6 172/176/6
f 171/179/6 179/180/6 178/177/6
f 196/178/6 202/181/6 201/175/6
f 195/182/6 202/181/6 196/178/6
f 170/183/6 179/180/6 171/179/6
f 267/184/6 269/27/6 268/185/6
f 267/184/6 163/29/6 269/27/6
f 170/183/6 180/186/6 179/180/6
f 194/187/6 202/181/6 195/182/6
f 169/188/6 180/186/6 170/183/6
f 194/187/6 203/189/6 202/181/6
f 169/188/6 181/190/6 180/186/6
f 168/191/6 181/190/6 169/188/6
f 193/192/6 203/189/6 194/187/6
f 168/191/6 182/193/6 181/190/6
f 193/192/6 204/194/6 203/189/6
f 167/195/6 182/193/6 168/191/6
f 192/196/6 204/194/6 193/192/6
f 167/195/6 183/197/6 182/193/6
f 166/198/6 183/197/6 167/195/6
f 191/199/6 204/194/6 192/196/6
f 191/199/6 205/200/6 204/194/6
f 166/198/6 184/201/6 183/197/6
f 165/202/6 184/201/6 166/198/6
f 190/203/6 205/200/6 191/199/6
f 165/202/6 185/204/6 184/201/6
f 164/205/6 185/204/6 165/202/6
f 190/203/6 206/206/6 205/200/6
f 189/207/6 206/206/6 190/203/6
f 164/205/6 186/208/6 185/204/6
f 163/29/6 186/208/6 164/205/6
f 188/209/6 206/206/6 189/207/6
f 188/209/6 226/210/6 206/206/6
f 226/210/6 207/211/6 206/206/6
f 267/184/6 265/212/6 163/29/6
f 265/212/6 264/213/6 163/29/6
f 264/213/6 263/214/6 163/29/6
f 263/214/6 262/215/6 163/29/6
f 262/215/6 261/216/6 163/29/6
f 261/216/6 260/217/6 163/29/6
f 260/217/6 259/218/6 163/29/6
f 259/218/6 258/219/6 163/29/6
f 258/219/6 257/220/6 163/29/6
f 257/220/6 256/221/6 163/29/6
f 256/221/6 255/222/6 163/29/6
f 255/222/6 254/223/6 163/29/6
f 254/223/6 186/208/6 163/29/6
f 254/223/11 253/224/11 186/208/11
f 253/224/6 187/225/6 186/208/6
f 187/225/6 227/226/6 188/209/6
f 227/226/6 226/210/6 188/209/6
f 252/227/12 187/225/12 253/224/12
f 225/228/6 207/211/6 226/210/6
f 187/225/6 228/229/6 227/226/6
f 251/230/6 187/225/6 252/227/6
f 224/231/6 207/211/6 225/228/6
f 187/225/6 229/232/6 228/229/6
f 250/233/6 187/225/6 251/230/6
f 223/234/6 207/211/6 224/231/6
f 187/225/6 230/235/6 229/232/6
f 249/236/6 187/225/6 250/233/6
f 249/236/6 230/235/6 187/225/6
f 222/237/6 207/211/6 223/234/6
f 249/236/6 231/238/6 230/235/6
f 222/237/6 208/239/6 207/211/6
f 248/240/6 231/238/6 249/236/6
f 248/240/6 232/241/6 231/238/6
f 221/242/6 208/239/6 222/237/6
f 248/240/6 233/243/6 232/241/6
f 247/244/6 233/243/6 248/240/6
f 220/245/6 208/239/6 221/242/6
f 247/244/6 234/246/6 233/243/6
f 246/247/6 234/246/6 247/244/6
f 219/248/6 208/239/6 220/245/6
f 246/247/6 235/249/6 234/246/6
f 219/248/6 209/250/6 208/239/6
f 245/251/6 235/249/6 246/247/6
f 245/251/6 236/252/6 235/249/6
f 218/253/6 209/250/6 219/248/6
f 245/251/6 237/254/6 236/252/6
f 244/255/6 237/254/6 245/251/6
f 217/256/6 209/250/6 218/253/6
f 244/255/6 238/257/6 237/254/6
f 217/256/6 210/258/6 209/250/6
f 243/259/6 238/257/6 244/255/6
f 267/184/6 266/260/6 265/212/6
f 243/259/6 239/261/6 238/257/6
f 216/49/6 210/258/6 217/256/6
f 242/262/6 239/261/6 243/259/6
f 215/263/6 210/258/6 216/49/6
f 215/263/6 211/264/6 210/258/6
f 241/265/6 239/261/6 242/262/6
f 214/266/6 211/264/6 215/263/6
f 214/266/6 212/267/6 211/264/6
f 240/268/6 239/261/6 241/265/6
f 213/269/6 212/267/6 214/266/6
f 294/270/6 296/271/6 295/272/6
f 294/270/6 297/273/6 296/271/6
f 321/274/6 323/275/6 322/276/6
f 321/274/6 324/277/6 323/275/6
f 293/278/6 297/273/6 294/270/6
f 293/278/6 298/279/6 297/273/6
f 293/278/6 299/280/6 298/279/6
f 292/281/6 299/280/6 293/278/6
f 292/281/6 300/282/6 299/280/6
f 320/283/6 324/277/6 321/274/6
f 292/281/6 301/284/6 300/282/6
f 319/285/6 324/277/6 320/283/6
f 291/286/6 301/284/6 292/281/6
f 291/286/6 302/287/6 301/284/6
f 318/288/6 324/277/6 319/285/6
f 317/289/6 324/277/6 318/288/6
f 291/286/6 303/290/6 302/287/6
f 290/291/6 303/290/6 291/286/6
f 316/292/6 324/277/6 317/289/6
f 290/291/6 304/293/6 303/290/6
f 315/294/6 270/29/6 316/292/6
f 270/29/6 324/277/6 316/292/6
f 290/291/6 305/295/6 304/293/6
f 314/296/6 270/29/6 315/294/6
f 290/291/6 306/297/6 305/295/6
f 313/298/6 270/29/6 314/296/6
f 289/299/6 306/297/6 290/291/6
f 312/300/6 270/29/6 313/298/6
f 289/299/6 307/301/6 306/297/6
f 311/302/6 270/29/6 312/300/6
f 289/299/6 308/303/6 307/301/6
f 310/304/6 270/29/6 311/302/6
f 289/299/6 309/305/6 308/303/6
f 309/305/6 270/29/6 310/304/6
f 289/299/6 270/29/6 309/305/6
f 289/299/6 271/306/6 270/29/6
f 325/27/6 324/277/6 270/29/6
f 288/307/6 271/306/6 289/299/6
f 288/307/6 272/308/6 271/306/6
f 288/307/6 273/309/6 272/308/6
f 287/310/6 273/309/6 288/307/6
f 287/310/6 274/311/6 273/309/6
f 286/312/6 274/311/6 287/310/6
f 286/312/6 275/313/6 274/311/6
f 286/312/6 276/314/6 275/313/6
f 285/315/6 276/314/6 286/312/6
f 285/315/6 277/316/6 276/314/6
f 285/315/6 278/317/6 277/316/6
f 284/318/6 278/317/6 285/315/6
f 284/318/6 279/319/6 278/317/6
f 283/320/6 279/319/6 284/318/6
f 283/320/6 280/321/6 279/319/6
f 283/320/6 281/322/6 280/321/6
f 282/323/6 281/322/6 283/320/6
f 445/324/7 447/325/7 446/326/7
f 445/324/6 448/327/6 447/325/6
f 444/328/6 448/327/6 445/324/6
f 444/328/6 449/329/6 448/327/6
f 444/328/6 450/330/6 449/329/6
f 443/331/6 450/330/6 444/328/6
f 443/331/6 451/332/6 450/330/6
f 443/331/6 452/333/6 451/332/6
f 442/334/6 452/333/6 443/331/6
f 442/334/6 453/335/6 452/333/6
f 442/334/6 454/336/6 453/335/6
f 441/337/6 454/336/6 442/334/6
f 441/337/6 455/338/6 454/336/6
f 441/337/6 456/339/6 455/338/6
f 440/87/6 456/339/6 441/337/6
f 440/87/6 457/340/6 456/339/6
f 440/87/6 458/341/6 457/340/6
f 439/342/6 458/341/6 440/87/6
f 439/342/6 333/343/6 458/341/6
f 333/343/6 332/344/6 458/341/6
f 332/344/6 331/345/6 458/341/6
f 331/345/6 330/346/6 458/341/6
f 330/346/6 329/347/6 458/341/6
f 329/347/6 328/348/6 458/341/6
f 328/348/6 327/349/6 458/341/6
f 327/349/6 326/29/6 458/341/6
f 326/29/6 459/27/6 458/341/6
f 438/350/6 335/351/6 439/342/6
f 335/351/6 334/352/6 439/342/6
f 334/352/6 333/343/6 439/342/6
f 437/353/6 336/354/6 438/350/6
f 336/354/6 335/351/6 438/350/6
f 436/355/6 338/356/6 437/353/6
f 338/356/7 337/357/7 437/353/7
f 337/357/6 336/354/6 437/353/6
f 436/355/10 339/358/10 338/356/10
f 436/355/6 340/359/6 339/358/6
f 436/355/6 341/360/6 340/359/6
f 436/355/6 342/361/6 341/360/6
f 436/355/6 343/362/6 342/361/6
f 435/363/6 343/362/6 436/355/6
f 435/363/6 344/364/6 343/362/6
f 435/363/6 345/154/6 344/364/6
f 435/363/6 346/365/6 345/154/6
f 435/363/6 347/366/6 346/365/6
f 434/367/6 347/366/6 435/363/6
f 434/367/6 348/368/6 347/366/6
f 434/367/6 349/369/6 348/368/6
f 434/367/6 350/370/6 349/369/6
f 433/371/6 350/370/6 434/367/6
f 433/371/6 351/372/6 350/370/6
f 433/371/6 352/373/6 351/372/6
f 433/371/6 353/374/6 352/373/6
f 433/371/6 354/375/6 353/374/6
f 433/371/6 355/376/6 354/375/6
f 432/377/6 355/376/6 433/371/6
f 432/377/6 356/378/6 355/376/6
f 432/377/6 357/379/6 356/378/6
f 432/377/6 358/380/6 357/379/6
f 431/381/6 358/380/6 432/377/6
f 431/381/6 359/382/6 358/380/6
f 431/381/6 360/383/6 359/382/6
f 431/381/6 361/384/6 360/383/6
f 430/385/6 361/384/6 431/381/6
f 430/385/6 362/386/6 361/384/6
f 429/387/6 362/386/6 430/385/6
f 429/387/6 363/388/6 362/386/6
f 429/387/6 364/84/6 363/388/6
f 428/389/6 364/84/6 429/387/6
f 428/389/6 365/390/6 364/84/6
f 427/391/6 365/390/6 428/389/6
f 427/391/6 366/392/6 365/390/6
f 427/391/6 367/393/6 366/392/6
f 426/394/6 367/393/6 427/391/6
f 426/394/6 368/395/6 367/393/6
f 425/396/6 368/395/6 426/394/6
f 425/396/6 369/397/6 368/395/6
f 425/396/6 370/398/6 369/397/6
f 424/399/6 370/398/6 425/396/6
f 424/399/6 371/400/6 370/398/6
f 423/401/6 371/400/6 424/399/6
f 423/401/6 372/402/6 371/400/6
f 422/403/6 372/402/6 423/401/6
f 422/403/6 373/404/6 372/402/6
f 397/405/6 399/406/6 398/407/6
f 422/403/6 374/408/6 373/404/6
f 421/132/6 374/408/6 422/403/6
f 397/405/6 400/409/6 399/406/6
f 420/410/6 374/408/6 421/132/6
f 397/405/6 401/411/6 400/409/6
f 419/412/6 374/408/6 420/410/6
f 419/412/6 375/413/6 374/408/6
f 397/405/6 402/138/6 401/411/6
f 418/414/6 375/413/6 419/412/6
f 397/405/6 403/415/6 402/138/6
f 417/416/6 375/413/6 418/414/6
f 397/405/6 404/417/6 403/415/6
f 416/418/6 375/413/6 417/416/6
f 416/418/6 376/419/6 375/413/6
f 397/405/6 405/420/6 404/417/6
f 415/421/6 376/419/6 416/418/6
f 414/422/6 376/419/6 415/421/6
f 397/405/6 406/423/6 405/420/6
f 413/424/6 376/419/6 414/422/6
f 397/405/6 407/425/6 406/423/6
f 412/426/6 376/419/6 413/424/6
f 397/405/6 408/427/6 407/425/6
f 411/428/6 376/419/6 412/426/6
f 397/405/6 409/429/6 408/427/6
f 410/430/6 376/419/6 411/428/6
f 397/405/6 410/430/6 409/429/6
f 410/430/6 377/431/6 376/419/6
f 397/405/6 377/431/6 410/430/6
f 397/405/6 378/432/6 377/431/6
f 397/405/6 379/433/6 378/432/6
f 396/434/6 379/433/6 397/405/6
f 396/434/6 380/435/6 379/433/6
f 395/436/6 380/435/6 396/434/6
f 394/437/6 380/435/6 395/436/6
f 394/437/6 381/438/6 380/435/6
f 393/439/6 381/438/6 394/437/6
f 392/440/6 381/438/6 393/439/6
f 392/440/6 382/441/6 381/438/6
f 391/442/6 382/441/6 392/440/6
f 391/442/6 383/83/6 382/441/6
f 390/443/6 383/83/6 391/442/6
f 389/444/6 383/83/6 390/443/6
f 389/444/6 384/445/6 383/83/6
f 388/446/6 384/445/6 389/444/6
f 387/447/6 384/445/6 388/446/6
f 387/447/6 385/448/6 384/445/6
f 386/449/13 385/448/13 387/447/13
f 471/450/6 473/451/6 472/121/6
f 470/452/6 473/451/6 471/450/6
f 470/452/6 474/453/6 473/451/6
f 469/454/6 474/453/6 470/452/6
f 468/154/6 474/453/6 469/454/6
f 468/154/6 475/455/6 474/453/6
f 467/456/6 475/455/6 468/154/6
f 513/457/6 515/458/6 514/459/6
f 513/457/6 516/27/6 515/458/6
f 467/456/6 476/84/6 475/455/6
f 466/460/6 476/84/6 467/456/6
f 465/461/6 476/84/6 466/460/6
f 465/461/6 477/462/6 476/84/6
f 464/161/6 477/462/6 465/461/6
f 464/161/6 478/463/6 477/462/6
f 463/464/6 478/463/6 464/161/6
f 462/465/6 478/463/6 463/464/6
f 462/465/6 479/466/6 478/463/6
f 461/467/6 479/466/6 462/465/6
f 460/29/6 479/466/6 461/467/6
f 460/29/6 499/468/6 479/466/6
f 499/468/6 480/72/6 479/466/6
f 513/457/6 460/29/6 516/27/6
f 513/457/6 511/469/6 460/29/6
f 511/469/6 510/470/6 460/29/6
f 510/470/6 509/471/6 460/29/6
f 509/471/6 508/87/6 460/29/6
f 508/87/6 507/472/6 460/29/6
f 507/472/6 506/473/6 460/29/6
f 506/473/6 505/474/6 460/29/6
f 505/474/6 504/105/6 460/29/6
f 504/105/6 503/475/6 460/29/6
f 503/475/6 502/476/6 460/29/6
f 502/476/6 501/477/6 460/29/6
f 501/477/6 500/132/6 460/29/6
f 500/132/14 499/468/14 460/29/14
f 498/478/6 480/72/6 499/468/6
f 497/479/6 480/72/6 498/478/6
f 496/145/6 480/72/6 497/479/6
f 495/480/6 480/72/6 496/145/6
f 495/480/6 481/481/6 480/72/6
f 494/482/6 481/481/6 495/480/6
f 493/483/6 481/481/6 494/482/6
f 492/138/6 481/481/6 493/483/6
f 492/138/6 482/484/6 481/481/6
f 491/485/6 482/484/6 492/138/6
f 490/486/6 482/484/6 491/485/6
f 490/486/6 483/487/6 482/484/6
f 489/488/6 483/487/6 490/486/6
f 513/457/6 512/98/6 511/469/6
f 488/49/6 483/487/6 489/488/6
f 488/49/6 484/83/6 483/487/6
f 487/489/6 484/83/6 488/49/6
f 486/490/6 484/83/6 487/489/6
f 486/490/6 485/491/6 484/83/6
f 551/492/6 553/493/6 552/413/6
f 551/492/6 554/494/6 553/493/6
f 550/495/6 554/494/6 551/492/6
f 550/495/6 555/281/6 554/494/6
f 549/496/6 555/281/6 550/495/6
f 549/496/6 556/497/6 555/281/6
f 548/498/6 556/497/6 549/496/6
f 548/498/6 557/441/6 556/497/6
f 547/395/6 557/441/6 548/498/6
f 547/395/6 558/499/6 557/441/6
f 546/500/6 558/499/6 547/395/6
f 546/500/6 559/501/6 558/499/6
f 545/502/6 600/503/6 546/500/6
f 600/503/6 559/501/6 546/500/6
f 545/502/7 601/504/7 600/503/7
f 599/505/6 559/501/6 600/503/6
f 545/502/6 602/324/6 601/504/6
f 598/506/6 559/501/6 599/505/6
f 545/502/6 603/507/6 602/324/6
f 597/350/6 559/501/6 598/506/6
f 597/350/6 560/508/6 559/501/6
f 544/509/6 603/507/6 545/502/6
f 544/509/6 604/510/6 603/507/6
f 596/511/6 560/508/6 597/350/6
f 544/509/6 605/512/6 604/510/6
f 595/513/6 560/508/6 596/511/6
f 544/509/6 606/514/6 605/512/6
f 594/515/6 560/508/6 595/513/6
f 594/515/6 561/516/6 560/508/6
f 543/517/6 606/514/6 544/509/6
f 543/517/6 607/333/6 606/514/6
f 593/296/6 561/516/6 594/515/6
f 543/517/6 608/518/6 607/333/6
f 592/381/6 561/516/6 593/296/6
f 592/381/6 562/444/6 561/516/6
f 542/384/6 608/518/6 543/517/6
f 542/384/6 609/519/6 608/518/6
f 591/520/6 562/444/6 592/381/6
f 591/520/6 563/521/6 562/444/6
f 541/522/6 609/519/6 542/384/6
f 541/522/6 610/523/6 609/519/6
f 590/524/6 563/521/6 591/520/6
f 541/522/6 611/525/6 610/523/6
f 589/526/6 563/521/6 590/524/6
f 589/526/6 564/527/6 563/521/6
f 540/528/6 611/525/6 541/522/6
f 540/528/6 612/27/6 611/525/6
f 588/529/6 564/527/6 589/526/6
f 539/530/6 612/27/6 540/528/6
f 539/530/6 565/531/6 612/27/6
f 588/529/6 517/29/6 564/527/6
f 587/399/6 517/29/6 588/529/6
f 539/530/6 566/532/6 565/531/6
f 586/533/6 517/29/6 587/399/6
f 538/534/6 566/532/6 539/530/6
f 586/533/6 518/535/6 517/29/6
f 538/534/6 567/434/6 566/532/6
f 585/536/6 518/535/6 586/533/6
f 538/534/6 568/537/6 567/434/6
f 537/375/6 568/537/6 538/534/6
f 584/538/6 518/535/6 585/536/6
f 584/538/6 519/539/6 518/535/6
f 537/375/6 569/540/6 568/537/6
f 583/541/6 519/539/6 584/538/6
f 536/322/6 569/540/6 537/375/6
f 583/541/6 520/542/6 519/539/6
f 536/322/6 570/543/6 569/540/6
f 582/416/6 520/542/6 583/541/6
f 536/322/6 571/544/6 570/543/6
f 581/545/6 520/542/6 582/416/6
f 535/546/6 571/544/6 536/322/6
f 581/545/6 521/547/6 520/542/6
f 535/546/6 572/415/6 571/544/6
f 580/548/6 521/547/6 581/545/6
f 535/546/6 573/549/6 572/415/6
f 579/550/6 521/547/6 580/548/6
f 535/546/6 574/290/6 573/549/6
f 578/551/6 521/547/6 579/550/6
f 534/552/6 574/290/6 535/546/6
f 578/551/6 522/343/6 521/547/6
f 534/552/6 575/553/6 574/290/6
f 577/430/6 522/343/6 578/551/6
f 534/552/6 576/554/6 575/553/6
f 576/554/6 522/343/6 577/430/6
f 534/552/6 522/343/6 576/554/6
f 533/555/6 522/343/6 534/552/6
f 533/555/6 523/556/6 522/343/6
f 532/366/6 523/556/6 533/555/6
f 532/366/6 524/557/6 523/556/6
f 531/558/6 524/557/6 532/366/6
f 531/558/6 525/559/6 524/557/6
f 530/560/6 525/559/6 531/558/6
f 530/560/6 526/561/6 525/559/6
f 529/562/6 526/561/6 530/560/6
f 529/562/6 527/359/6 526/561/6
f 528/563/6 527/359/6 529/562/6
f 696/564/6 698/565/6 697/566/6
f 696/564/6 699/567/6 698/565/6
f 696/564/6 700/568/6 699/567/6
f 695/569/6 700/568/6 696/564/6
f 695/569/6 701/570/6 700/568/6
f 695/569/6 702/571/6 701/570/6
f 695/569/6 703/572/6 702/571/6
f 694/573/6 703/572/6 695/569/6
f 694/573/6 704/574/6 703/572/6
f 694/573/6 705/575/6 704/574/6
f 694/573/6 706/576/6 705/575/6
f 693/577/6 706/576/6 694/573/6
f 693/577/6 707/578/6 706/576/6
f 693/577/6 708/579/6 707/578/6
f 693/577/6 709/580/6 708/579/6
f 692/581/6 709/580/6 693/577/6
f 692/581/6 622/582/6 709/580/6
f 622/582/6 621/583/6 709/580/6
f 621/583/6 620/584/6 709/580/6
f 620/584/6 619/585/6 709/580/6
f 619/585/6 618/586/6 709/580/6
f 618/586/6 617/587/6 709/580/6
f 617/587/6 616/588/6 709/580/6
f 616/588/6 615/589/6 709/580/6
f 615/589/6 614/590/6 709/580/6
f 614/590/6 613/29/6 709/580/6
f 613/29/6 710/27/6 709/580/6
f 691/591/6 624/592/6 692/581/6
f 624/592/6 623/593/6 692/581/6
f 623/593/6 622/582/6 692/581/6
f 691/591/8 625/594/8 624/592/8
f 691/591/6 626/595/6 625/594/6
f 691/591/6 627/596/6 626/595/6
f 690/597/6 627/596/6 691/591/6
f 690/597/6 628/598/6 627/596/6
f 690/597/6 629/599/6 628/598/6
f 689/600/6 629/599/6 690/597/6
f 689/600/6 630/601/6 629/599/6
f 689/600/6 631/602/6 630/601/6
f 688/603/6 631/602/6 689/600/6
f 688/603/6 632/604/6 631/602/6
f 687/605/6 632/604/6 688/603/6
f 687/605/6 633/606/6 632/604/6
f 687/605/6 634/607/6 633/606/6
f 686/608/6 634/607/6 687/605/6
f 686/608/6 635/609/6 634/607/6
f 685/610/6 635/609/6 686/608/6
f 685/610/6 636/611/6 635/609/6
f 685/610/6 637/612/6 636/611/6
f 684/613/6 637/612/6 685/610/6
f 684/613/6 638/614/6 637/612/6
f 683/615/6 638/614/6 684/613/6
f 683/615/6 639/616/6 638/614/6
f 682/617/6 639/616/6 683/615/6
f 682/617/6 640/618/6 639/616/6
f 681/619/6 640/618/6 682/617/6
f 681/619/6 641/620/6 640/618/6
f 680/621/6 641/620/6 681/619/6
f 680/621/6 642/622/6 641/620/6
f 659/623/6 661/624/6 660/625/6
f 680/621/6 643/626/6 642/622/6
f 658/627/6 661/624/6 659/623/6
f 679/628/6 643/626/6 680/621/6
f 657/629/6 661/624/6 658/627/6
f 679/628/6 644/630/6 643/626/6
f 656/631/6 661/624/6 657/629/6
f 655/632/6 661/624/6 656/631/6
f 679/628/6 645/633/6 644/630/6
f 654/634/6 661/624/6 655/632/6
f 678/635/6 645/633/6 679/628/6
f 653/636/6 661/624/6 654/634/6
f 678/635/6 646/637/6 645/633/6
f 652/638/6 661/624/6 653/636/6
f 651/639/6 661/624/6 652/638/6
f 678/635/6 647/640/6 646/637/6
f 650/641/6 661/624/6 651/639/6
f 649/642/6 661/624/6 650/641/6
f 678/635/6 648/643/6 647/640/6
f 648/643/6 661/624/6 649/642/6
f 678/635/6 661/624/6 648/643/6
f 677/644/6 661/624/6 678/635/6
f 677/644/6 662/645/6 661/624/6
f 676/646/6 662/645/6 677/644/6
f 676/646/6 663/647/6 662/645/6
f 676/646/6 664/648/6 663/647/6
f 676/646/6 665/649/6 664/648/6
f 675/650/6 665/649/6 676/646/6
f 675/650/6 666/651/6 665/649/6
f 675/650/6 667/652/6 666/651/6
f 675/650/6 668/653/6 667/652/6
f 674/654/6 668/653/6 675/650/6
f 674/654/6 669/655/6 668/653/6
f 674/654/6 670/656/6 669/655/6
f 674/654/6 671/657/6 670/656/6
f 673/658/6 671/657/6 674/654/6
f 673/658/8 672/659/8 671/657/8
f 723/15/15 724/17/15 725/16/15
f 723/15/16 725/16/16 726/18/16
f 722/19/5 723/15/5 726/18/5
f 722/19/5 726/18/5 727/20/5
f 721/21/5 722/19/5 727/20/5
f 721/21/5 727/20/5 728/22/5
f 721/21/5 728/22/5 729/23/5
f 720/24/5 721/21/5 729/23/5
f 720/24/5 729/23/5 730/25/5
f 763/26/5 764/28/5 765/27/5
f 763/26/5 765/27/5 711/29/5
f 719/30/5 720/24/5 730/25/5
f 719/30/5 730/25/5 731/31/5
f 719/30/5 731/31/5 732/32/5
f 718/33/5 719/30/5 732/32/5
f 718/33/5 732/32/5 733/34/5
f 717/35/5 718/33/5 733/34/5
f 717/35/5 733/34/5 734/36/5
f 717/35/5 734/36/5 735/37/5
f 716/38/5 717/35/5 735/37/5
f 716/38/5 735/37/5 736/39/5
f 715/40/5 716/38/5 736/39/5
f 715/40/5 736/39/5 746/41/5
f 746/41/5 736/39/5 745/42/5
f 745/42/5 736/39/5 744/43/5
f 744/43/5 736/39/5 743/44/5
f 743/44/5 736/39/5 742/45/5
f 742/45/5 736/39/5 741/46/5
f 741/46/5 736/39/5 740/47/5
f 740/47/5 736/39/5 739/48/5
f 739/48/5 736/39/5 738/49/5
f 738/49/5 736/39/5 737/50/5
f 714/51/5 715/40/5 748/52/5
f 748/52/5 715/40/5 747/53/5
f 747/53/5 715/40/5 746/41/5
f 713/54/5 714/51/5 750/55/5
f 750/55/5 714/51/5 749/56/5
f 749/56/5 714/51/5 748/52/5
f 713/54/5 750/55/5 751/57/5
f 713/54/5 751/57/5 752/58/5
f 712/59/5 713/54/5 752/58/5
f 712/59/5 752/58/5 753/60/5
f 712/59/5 753/60/5 754/61/5
f 763/26/5 711/29/5 712/59/5
f 763/26/5 712/59/5 758/62/5
f 758/62/5 712/59/5 757/63/5
f 757/63/5 712/59/5 756/64/5
f 756/64/5 712/59/5 755/65/5
f 755/65/5 712/59/5 754/61/5
f 763/26/16 758/62/16 759/66/16
f 763/26/5 759/66/5 760/67/5
f 763/26/5 760/67/5 761/68/5
f 763/26/5 761/68/5 762/69/5
f 800/70/5 801/72/5 802/71/5
f 800/70/5 802/71/5 803/73/5
f 799/74/5 800/70/5 803/73/5
f 799/74/5 803/73/5 804/75/5
f 798/76/5 799/74/5 804/75/5
f 798/76/5 804/75/5 805/77/5
f 797/78/5 798/76/5 805/77/5
f 797/78/5 805/77/5 806/79/5
f 796/80/5 797/78/5 806/79/5
f 796/80/5 806/79/5 807/81/5
f 795/82/5 796/80/5 807/81/5
f 795/82/5 807/81/5 808/83/5
f 794/84/5 795/82/5 851/85/5
f 851/85/5 795/82/5 808/83/5
f 794/84/17 851/85/17 852/86/17
f 850/87/18 851/85/18 808/83/18
f 794/84/5 852/86/5 853/88/5
f 849/89/5 850/87/5 808/83/5
f 794/84/5 853/88/5 854/90/5
f 848/91/5 849/89/5 808/83/5
f 848/91/5 808/83/5 809/92/5
f 794/84/5 854/90/5 855/93/5
f 793/94/5 794/84/5 855/93/5
f 847/95/5 848/91/5 809/92/5
f 793/94/5 855/93/5 856/96/5
f 846/97/5 847/95/5 809/92/5
f 793/94/5 856/96/5 857/98/5
f 845/99/5 846/97/5 809/92/5
f 793/94/5 857/98/5 858/100/5
f 844/101/5 845/99/5 809/92/5
f 792/102/5 793/94/5 858/100/5
f 844/101/5 809/92/5 810/103/5
f 792/102/5 858/100/5 859/104/5
f 843/105/5 844/101/5 810/103/5
f 792/102/5 859/104/5 860/106/5
f 842/107/5 843/105/5 810/103/5
f 791/108/5 792/102/5 860/106/5
f 842/107/5 810/103/5 811/109/5
f 791/108/5 860/106/5 861/110/5
f 841/111/5 842/107/5 811/109/5
f 791/108/5 861/110/5 862/112/5
f 840/113/5 841/111/5 811/109/5
f 790/114/5 791/108/5 862/112/5
f 790/114/5 862/112/5 863/115/5
f 840/113/5 811/109/5 812/116/5
f 864/27/5 840/113/5 812/116/5
f 790/114/5 863/115/5 864/27/5
f 790/114/5 864/27/5 812/116/5
f 789/117/5 790/114/5 812/116/5
f 789/117/5 812/116/5 813/118/5
f 788/119/5 789/117/5 814/120/5
f 814/120/5 789/117/5 813/118/5
f 788/119/5 814/120/5 815/49/5
f 787/121/5 788/119/5 815/49/5
f 787/121/5 815/49/5 816/122/5
f 787/121/5 816/122/5 817/123/5
f 786/124/5 787/121/5 817/123/5
f 786/124/5 817/123/5 818/125/5
f 785/126/5 786/124/5 818/125/5
f 785/126/5 818/125/5 819/127/5
f 837/128/5 838/130/5 839/129/5
f 785/126/5 819/127/5 820/131/5
f 836/132/5 837/128/5 839/129/5
f 835/133/5 836/132/5 839/129/5
f 784/134/5 785/126/5 820/131/5
f 784/134/5 820/131/5 821/135/5
f 834/136/5 835/133/5 839/129/5
f 833/137/5 834/136/5 839/129/5
f 784/134/5 821/135/5 822/138/5
f 832/139/5 833/137/5 839/129/5
f 784/134/5 822/138/5 823/140/5
f 831/141/5 832/139/5 839/129/5
f 783/142/5 784/134/5 823/140/5
f 830/143/5 831/141/5 839/129/5
f 783/142/5 823/140/5 824/144/5
f 829/145/5 830/143/5 839/129/5
f 783/142/5 824/144/5 825/146/5
f 828/147/5 829/145/5 839/129/5
f 827/148/5 828/147/5 839/129/5
f 783/142/5 825/146/5 826/149/5
f 826/149/5 827/148/5 839/129/5
f 783/142/5 826/149/5 839/129/5
f 782/150/5 783/142/5 839/129/5
f 782/150/5 839/129/5 766/29/5
f 781/151/5 782/150/5 766/29/5
f 781/151/5 766/29/5 767/152/5
f 781/151/5 767/152/5 768/153/5
f 780/154/5 781/151/5 768/153/5
f 780/154/5 768/153/5 769/155/5
f 780/154/5 769/155/5 770/156/5
f 779/157/5 780/154/5 770/156/5
f 779/157/5 770/156/5 771/158/5
f 779/157/5 771/158/5 772/159/5
f 778/160/5 779/157/5 772/159/5
f 778/160/5 772/159/5 773/161/5
f 778/160/5 773/161/5 774/162/5
f 778/160/5 774/162/5 775/163/5
f 777/164/5 778/160/5 775/163/5
f 777/164/5 775/163/5 776/165/5
f 876/166/5 877/168/5 878/167/5
f 900/169/5 901/171/5 902/170/5
f 875/172/15 876/166/15 878/167/15
f 875/172/16 878/167/16 879/173/16
f 899/174/5 900/169/5 902/170/5
f 899/174/5 902/170/5 903/175/5
f 874/176/5 875/172/5 879/173/5
f 874/176/5 879/173/5 880/177/5
f 898/178/5 899/174/5 903/175/5
f 873/179/5 874/176/5 880/177/5
f 873/179/5 880/177/5 881/180/5
f 898/178/5 903/175/5 904/181/5
f 897/182/5 898/178/5 904/181/5
f 872/183/5 873/179/5 881/180/5
f 969/184/5 970/185/5 971/27/5
f 969/184/5 971/27/5 865/29/5
f 872/183/5 881/180/5 882/186/5
f 896/187/5 897/182/5 904/181/5
f 871/188/5 872/183/5 882/186/5
f 896/187/5 904/181/5 905/189/5
f 871/188/5 882/186/5 883/190/5
f 870/191/5 871/188/5 883/190/5
f 895/192/5 896/187/5 905/189/5
f 870/191/5 883/190/5 884/193/5
f 895/192/5 905/189/5 906/194/5
f 869/195/5 870/191/5 884/193/5
f 894/196/5 895/192/5 906/194/5
f 869/195/5 884/193/5 885/197/5
f 868/198/5 869/195/5 885/197/5
f 893/199/5 894/196/5 906/194/5
f 893/199/5 906/194/5 907/200/5
f 868/198/5 885/197/5 886/201/5
f 867/202/5 868/198/5 886/201/5
f 892/203/5 893/199/5 907/200/5
f 867/202/5 886/201/5 887/204/5
f 866/205/5 867/202/5 887/204/5
f 892/203/5 907/200/5 908/206/5
f 891/207/5 892/203/5 908/206/5
f 866/205/5 887/204/5 888/208/5
f 865/29/5 866/205/5 888/208/5
f 890/209/5 891/207/5 908/206/5
f 890/209/5 908/206/5 928/210/5
f 928/210/5 908/206/5 909/211/5
f 969/184/5 865/29/5 967/212/5
f 967/212/5 865/29/5 966/213/5
f 966/213/5 865/29/5 965/214/5
f 965/214/5 865/29/5 964/215/5
f 964/215/5 865/29/5 963/216/5
f 963/216/5 865/29/5 962/217/5
f 962/217/5 865/29/5 961/218/5
f 961/218/5 865/29/5 960/219/5
f 960/219/5 865/29/5 959/220/5
f 959/220/5 865/29/5 958/221/5
f 958/221/5 865/29/5 957/222/5
f 957/222/16 865/29/16 956/223/16
f 956/223/5 865/29/5 888/208/5
f 956/223/5 888/208/5 955/224/5
f 955/224/5 888/208/5 889/225/5
f 889/225/5 890/209/5 929/226/5
f 929/226/19 890/209/19 928/210/19
f 954/227/5 955/224/5 889/225/5
f 927/228/5 928/210/5 909/211/5
f 889/225/5 929/226/5 930/229/5
f 953/230/5 954/227/5 889/225/5
f 926/231/5 927/228/5 909/211/5
f 889/225/5 930/229/5 931/232/5
f 952/233/5 953/230/5 889/225/5
f 925/234/5 926/231/5 909/211/5
f 889/225/5 931/232/5 932/235/5
f 951/236/5 952/233/5 889/225/5
f 951/236/5 889/225/5 932/235/5
f 924/237/5 925/234/5 909/211/5
f 951/236/5 932/235/5 933/238/5
f 924/237/5 909/211/5 910/239/5
f 950/240/5 951/236/5 933/238/5
f 950/240/5 933/238/5 934/241/5
f 923/242/5 924/237/5 910/239/5
f 950/240/5 934/241/5 935/243/5
f 949/244/5 950/240/5 935/243/5
f 922/245/5 923/242/5 910/239/5
f 949/244/5 935/243/5 936/246/5
f 948/247/5 949/244/5 936/246/5
f 921/248/5 922/245/5 910/239/5
f 948/247/5 936/246/5 937/249/5
f 921/248/5 910/239/5 911/250/5
f 947/251/5 948/247/5 937/249/5
f 947/251/5 937/249/5 938/252/5
f 920/253/5 921/248/5 911/250/5
f 947/251/5 938/252/5 939/254/5
f 946/255/5 947/251/5 939/254/5
f 919/256/5 920/253/5 911/250/5
f 946/255/5 939/254/5 940/257/5
f 919/256/5 911/250/5 912/258/5
f 945/259/5 946/255/5 940/257/5
f 969/184/5 967/212/5 968/260/5
f 945/259/5 940/257/5 941/261/5
f 918/49/5 919/256/5 912/258/5
f 944/262/5 945/259/5 941/261/5
f 917/263/5 918/49/5 912/258/5
f 917/263/5 912/258/5 913/264/5
f 943/265/5 944/262/5 941/261/5
f 916/266/5 917/263/5 913/264/5
f 916/266/5 913/264/5 914/267/5
f 942/268/5 943/265/5 941/261/5
f 915/269/5 916/266/5 914/267/5
f 996/270/5 997/272/5 998/271/5
f 996/270/5 998/271/5 999/273/5
f 1023/274/5 1024/276/5 1025/275/5
f 1023/274/5 1025/275/5 1026/277/5
f 995/278/5 996/270/5 999/273/5
f 995/278/5 999/273/5 1000/279/5
f 995/278/5 1000/279/5 1001/280/5
f 994/281/5 995/278/5 1001/280/5
f 994/281/5 1001/280/5 1002/282/5
f 1022/283/5 1023/274/5 1026/277/5
f 994/281/5 1002/282/5 1003/284/5
f 1021/285/5 1022/283/5 1026/277/5
f 993/286/5 994/281/5 1003/284/5
f 993/286/5 1003/284/5 1004/287/5
f 1020/288/5 1021/285/5 1026/277/5
f 1019/289/5 1020/288/5 1026/277/5
f 993/286/5 1004/287/5 1005/290/5
f 992/291/5 993/286/5 1005/290/5
f 1018/292/5 1019/289/5 1026/277/5
f 992/291/5 1005/290/5 1006/293/5
f 1017/294/5 1018/292/5 972/29/5
f 972/29/5 1018/292/5 1026/277/5
f 992/291/5 1006/293/5 1007/295/5
f 1016/296/5 1017/294/5 972/29/5
f 992/291/5 1007/295/5 1008/297/5
f 1015/298/5 1016/296/5 972/29/5
f 991/299/5 992/291/5 1008/297/5
f 1014/300/5 1015/298/5 972/29/5
f 991/299/5 1008/297/5 1009/301/5
f 1013/302/5 1014/300/5 972/29/5
f 991/299/5 1009/301/5 1010/303/5
f 1012/304/5 1013/302/5 972/29/5
f 991/299/5 1010/303/5 1011/305/5
f 1011/305/5 1012/304/5 972/29/5
f 991/299/5 1011/305/5 972/29/5
f 991/299/5 972/29/5 973/306/5
f 1027/27/5 972/29/5 1026/277/5
f 990/307/5 991/299/5 973/306/5
f 990/307/5 973/306/5 974/308/5
f 990/307/5 974/308/5 975/309/5
f 989/310/5 990/307/5 975/309/5
f 989/310/5 975/309/5 976/311/5
f 988/312/5 989/310/5 976/311/5
f 988/312/5 976/311/5 977/313/5
f 988/312/5 977/313/5 978/314/5
f 987/315/5 988/312/5 978/314/5
f 987/315/5 978/314/5 979/316/5
f 987/315/5 979/316/5 980/317/5
f 986/318/5 987/315/5 980/317/5
f 986/318/5 980/317/5 981/319/5
f 985/320/5 986/318/5 981/319/5
f 985/320/5 981/319/5 982/321/5
f 985/320/5 982/321/5 983/322/5
f 984/323/16 985/320/16 983/322/16
f 1147/324/5 1148/326/5 1149/325/5
f 1147/324/5 1149/325/5 1150/327/5
f 1146/328/5 1147/324/5 1150/327/5
f 1146/328/5 1150/327/5 1151/329/5
f 1146/328/5 1151/329/5 1152/330/5
f 1145/331/5 1146/328/5 1152/330/5
f 1145/331/5 1152/330/5 1153/332/5
f 1145/331/5 1153/332/5 1154/333/5
f 1144/334/5 1145/331/5 1154/333/5
f 1144/334/5 1154/333/5 1155/335/5
f 1144/334/5 1155/335/5 1156/336/5
f 1143/337/5 1144/334/5 1156/336/5
f 1143/337/5 1156/336/5 1157/338/5
f 1143/337/5 1157/338/5 1158/339/5
f 1142/87/5 1143/337/5 1158/339/5
f 1142/87/5 1158/339/5 1159/340/5
f 1142/87/5 1159/340/5 1160/341/5
f 1141/342/5 1142/87/5 1160/341/5
f 1141/342/5 1160/341/5 1035/343/5
f 1035/343/5 1160/341/5 1034/344/5
f 1034/344/5 1160/341/5 1033/345/5
f 1033/345/5 1160/341/5 1032/346/5
f 1032/346/5 1160/341/5 1031/347/5
f 1031/347/5 1160/341/5 1030/348/5
f 1030/348/5 1160/341/5 1029/349/5
f 1029/349/5 1160/341/5 1028/29/5
f 1028/29/5 1160/341/5 1161/27/5
f 1140/350/5 1141/342/5 1037/351/5
f 1037/351/16 1141/342/16 1036/352/16
f 1036/352/5 1141/342/5 1035/343/5
f 1139/353/5 1140/350/5 1038/354/5
f 1038/354/5 1140/350/5 1037/351/5
f 1138/355/5 1139/353/5 1040/356/5
f 1040/356/5 1139/353/5 1039/357/5
f 1039/357/5 1139/353/5 1038/354/5
f 1138/355/5 1040/356/5 1041/358/5
f 1138/355/5 1041/358/5 1042/359/5
f 1138/355/5 1042/359/5 1043/360/5
f 1138/355/5 1043/360/5 1044/361/5
f 1138/355/5 1044/361/5 1045/362/5
f 1137/363/5 1138/355/5 1045/362/5
f 1137/363/5 1045/362/5 1046/364/5
f 1137/363/5 1046/364/5 1047/154/5
f 1137/363/5 1047/154/5 1048/365/5
f 1137/363/5 1048/365/5 1049/366/5
f 1136/367/5 1137/363/5 1049/366/5
f 1136/367/5 1049/366/5 1050/368/5
f 1136/367/5 1050/368/5 1051/369/5
f 1136/367/5 1051/369/5 1052/370/5
f 1135/371/5 1136/367/5 1052/370/5
f 1135/371/5 1052/370/5 1053/372/5
f 1135/371/5 1053/372/5 1054/373/5
f 1135/371/5 1054/373/5 1055/374/5
f 1135/371/5 1055/374/5 1056/375/5
f 1135/371/5 1056/375/5 1057/376/5
f 1134/377/5 1135/371/5 1057/376/5
f 1134/377/5 1057/376/5 1058/378/5
f 1134/377/5 1058/378/5 1059/379/5
f 1134/377/5 1059/379/5 1060/380/5
f 1133/381/5 1134/377/5 1060/380/5
f 1133/381/5 1060/380/5 1061/382/5
f 1133/381/5 1061/382/5 1062/383/5
f 1133/381/5 1062/383/5 1063/384/5
f 1132/385/5 1133/381/5 1063/384/5
f 1132/385/5 1063/384/5 1064/386/5
f 1131/387/5 1132/385/5 1064/386/5
f 1131/387/5 1064/386/5 1065/388/5
f 1131/387/5 1065/388/5 1066/84/5
f 1130/389/5 1131/387/5 1066/84/5
f 1130/389/5 1066/84/5 1067/390/5
f 1129/391/5 1130/389/5 1067/390/5
f 1129/391/5 1067/390/5 1068/392/5
f 1129/391/5 1068/392/5 1069/393/5
f 1128/394/5 1129/391/5 1069/393/5
f 1128/394/5 1069/393/5 1070/395/5
f 1127/396/5 1128/394/5 1070/395/5
f 1127/396/5 1070/395/5 1071/397/5
f 1127/396/5 1071/397/5 1072/398/5
f 1126/399/5 1127/396/5 1072/398/5
f 1126/399/5 1072/398/5 1073/400/5
f 1125/401/5 1126/399/5 1073/400/5
f 1125/401/5 1073/400/5 1074/402/5
f 1124/403/5 1125/401/5 1074/402/5
f 1124/403/5 1074/402/5 1075/404/5
f 1099/405/5 1100/407/5 1101/406/5
f 1124/403/5 1075/404/5 1076/408/5
f 1123/132/5 1124/403/5 1076/408/5
f 1099/405/5 1101/406/5 1102/409/5
f 1122/410/5 1123/132/5 1076/408/5
f 1099/405/5 1102/409/5 1103/411/5
f 1121/412/5 1122/410/5 1076/408/5
f 1121/412/5 1076/408/5 1077/413/5
f 1099/405/5 1103/411/5 1104/138/5
f 1120/414/5 1121/412/5 1077/413/5
f 1099/405/5 1104/138/5 1105/415/5
f 1119/416/5 1120/414/5 1077/413/5
f 1099/405/5 1105/415/5 1106/417/5
f 1118/418/5 1119/416/5 1077/413/5
f 1118/418/5 1077/413/5 1078/419/5
f 1099/405/5 1106/417/5 1107/420/5
f 1117/421/5 1118/418/5 1078/419/5
f 1116/422/5 1117/421/5 1078/419/5
f 1099/405/5 1107/420/5 1108/423/5
f 1115/424/5 1116/422/5 1078/419/5
f 1099/405/5 1108/423/5 1109/425/5
f 1114/426/5 1115/424/5 1078/419/5
f 1099/405/5 1109/425/5 1110/427/5
f 1113/428/5 1114/426/5 1078/419/5
f 1099/405/5 1110/427/5 1111/429/5
f 1112/430/5 1113/428/5 1078/419/5
f 1099/405/5 1111/429/5 1112/430/5
f 1112/430/5 1078/419/5 1079/431/5
f 1099/405/5 1112/430/5 1079/431/5
f 1099/405/5 1079/431/5 1080/432/5
f 1099/405/5 1080/432/5 1081/433/5
f 1098/434/5 1099/405/5 1081/433/5
f 1098/434/5 1081/433/5 1082/435/5
f 1097/436/5 1098/434/5 1082/435/5
f 1096/437/5 1097/436/5 1082/435/5
f 1096/437/5 1082/435/5 1083/438/5
f 1095/439/5 1096/437/5 1083/438/5
f 1094/440/5 1095/439/5 1083/438/5
f 1094/440/5 1083/438/5 1084/441/5
f 1093/442/5 1094/440/5 1084/441/5
f 1093/442/5 1084/441/5 1085/83/5
f 1092/443/5 1093/442/5 1085/83/5
f 1091/444/5 1092/443/5 1085/83/5
f 1091/444/5 1085/83/5 1086/445/5
f 1090/446/5 1091/444/5 1086/445/5
f 1089/447/16 1090/446/16 1086/445/16
f 1089/447/5 1086/445/5 1087/448/5
f 1088/449/5 1089/447/5 1087/448/5
f 1173/450/5 1174/121/5 1175/451/5
f 1172/452/5 1173/450/5 1175/451/5
f 1172/452/5 1175/451/5 1176/453/5
f 1171/454/5 1172/452/5 1176/453/5
f 1170/154/5 1171/454/5 1176/453/5
f 1170/154/5 1176/453/5 1177/455/5
f 1169/456/5 1170/154/5 1177/455/5
f 1215/457/5 1216/459/5 1217/458/5
f 1215/457/5 1217/458/5 1218/27/5
f 1169/456/5 1177/455/5 1178/84/5
f 1168/460/5 1169/456/5 1178/84/5
f 1167/461/5 1168/460/5 1178/84/5
f 1167/461/5 1178/84/5 1179/462/5
f 1166/161/5 1167/461/5 1179/462/5
f 1166/161/5 1179/462/5 1180/463/5
f 1165/464/5 1166/161/5 1180/463/5
f 1164/465/5 1165/464/5 1180/463/5
f 1164/465/5 1180/463/5 1181/466/5
f 1163/467/5 1164/465/5 1181/466/5
f 1162/29/5 1163/467/5 1181/466/5
f 1162/29/5 1181/466/5 1201/468/5
f 1201/468/5 1181/466/5 1182/72/5
f 1215/457/5 1218/27/5 1162/29/5
f 1215/457/5 1162/29/5 1213/469/5
f 1213/469/5 1162/29/5 1212/470/5
f 1212/470/5 1162/29/5 1211/471/5
f 1211/471/5 1162/29/5 1210/87/5
f 1210/87/5 1162/29/5 1209/472/5
f 1209/472/5 1162/29/5 1208/473/5
f 1208/473/5 1162/29/5 1207/474/5
f 1207/474/5 1162/29/5 1206/105/5
f 1206/105/5 1162/29/5 1205/475/5
f 1205/475/5 1162/29/5 1204/476/5
f 1204/476/5 1162/29/5 1203/477/5
f 1203/477/5 1162/29/5 1202/132/5
f 1202/132/5 1162/29/5 1201/468/5
f 1200/478/5 1201/468/5 1182/72/5
f 1199/479/5 1200/478/5 1182/72/5
f 1198/145/5 1199/479/5 1182/72/5
f 1197/480/5 1198/145/5 1182/72/5
f 1197/480/5 1182/72/5 1183/481/5
f 1196/482/5 1197/480/5 1183/481/5
f 1195/483/5 1196/482/5 1183/481/5
f 1194/138/5 1195/483/5 1183/481/5
f 1194/138/5 1183/481/5 1184/484/5
f 1193/485/5 1194/138/5 1184/484/5
f 1192/486/5 1193/485/5 1184/484/5
f 1192/486/5 1184/484/5 1185/487/5
f 1191/488/5 1192/486/5 1185/487/5
f 1215/457/5 1213/469/5 1214/98/5
f 1190/49/5 1191/488/5 1185/487/5
f 1190/49/5 1185/487/5 1186/83/5
f 1189/489/5 1190/49/5 1186/83/5
f 1188/490/5 1189/489/5 1186/83/5
f 1188/490/5 1186/83/5 1187/491/5
f 1253/492/5 1254/413/5 1255/493/5
f 1253/492/5 1255/493/5 1256/494/5
f 1252/495/5 1253/492/5 1256/494/5
f 1252/495/5 1256/494/5 1257/281/5
f 1251/496/5 1252/495/5 1257/281/5
f 1251/496/5 1257/281/5 1258/497/5
f 1250/498/5 1251/496/5 1258/497/5
f 1250/498/5 1258/497/5 1259/441/5
f 1249/395/5 1250/498/5 1259/441/5
f 1249/395/5 1259/441/5 1260/499/5
f 1248/500/5 1249/395/5 1260/499/5
f 1248/500/5 1260/499/5 1261/501/5
f 1247/502/5 1248/500/5 1302/503/5
f 1302/503/5 1248/500/5 1261/501/5
f 1247/502/16 1302/503/16 1303/504/16
f 1301/505/5 1302/503/5 1261/501/5
f 1247/502/5 1303/504/5 1304/324/5
f 1300/506/5 1301/505/5 1261/501/5
f 1247/502/5 1304/324/5 1305/507/5
f 1299/350/5 1300/506/5 1261/501/5
f 1299/350/5 1261/501/5 1262/508/5
f 1246/509/5 1247/502/5 1305/507/5
f 1246/509/5 1305/507/5 1306/510/5
f 1298/511/5 1299/350/5 1262/508/5
f 1246/509/5 1306/510/5 1307/512/5
f 1297/513/5 1298/511/5 1262/508/5
f 1246/509/5 1307/512/5 1308/514/5
f 1296/515/5 1297/513/5 1262/508/5
f 1296/515/5 1262/508/5 1263/516/5
f 1245/517/5 1246/509/5 1308/514/5
f 1245/517/5 1308/514/5 1309/333/5
f 1295/296/5 1296/515/5 1263/516/5
f 1245/517/5 1309/333/5 1310/518/5
f 1294/381/5 1295/296/5 1263/516/5
f 1294/381/5 1263/516/5 1264/444/5
f 1244/384/5 1245/517/5 1310/518/5
f 1244/384/5 1310/518/5 1311/519/5
f 1293/520/5 1294/381/5 1264/444/5
f 1293/520/5 1264/444/5 1265/521/5
f 1243/522/5 1244/384/5 1311/519/5
f 1243/522/5 1311/519/5 1312/523/5
f 1292/524/5 1293/520/5 1265/521/5
f 1243/522/5 1312/523/5 1313/525/5
f 1291/526/5 1292/524/5 1265/521/5
f 1291/526/5 1265/521/5 1266/527/5
f 1242/528/5 1243/522/5 1313/525/5
f 1242/528/5 1313/525/5 1314/27/5
f 1290/529/5 1291/526/5 1266/527/5
f 1241/530/5 1242/528/5 1314/27/5
f 1241/530/5 1314/27/5 1267/531/5
f 1290/529/5 1266/527/5 1219/29/5
f 1289/399/5 1290/529/5 1219/29/5
f 1241/530/5 1267/531/5 1268/532/5
f 1288/533/5 1289/399/5 1219/29/5
f 1240/534/5 1241/530/5 1268/532/5
f 1288/533/5 1219/29/5 1220/535/5
f 1240/534/5 1268/532/5 1269/434/5
f 1287/536/5 1288/533/5 1220/535/5
f 1240/534/5 1269/434/5 1270/537/5
f 1239/375/5 1240/534/5 1270/537/5
f 1286/538/5 1287/536/5 1220/535/5
f 1286/538/5 1220/535/5 1221/539/5
f 1239/375/5 1270/537/5 1271/540/5
f 1285/541/5 1286/538/5 1221/539/5
f 1238/322/5 1239/375/5 1271/540/5
f 1285/541/5 1221/539/5 1222/542/5
f 1238/322/5 1271/540/5 1272/543/5
f 1284/416/5 1285/541/5 1222/542/5
f 1238/322/5 1272/543/5 1273/544/5
f 1283/545/5 1284/416/5 1222/542/5
f 1237/546/5 1238/322/5 1273/544/5
f 1283/545/5 1222/542/5 1223/547/5
f 1237/546/5 1273/544/5 1274/415/5
f 1282/548/5 1283/545/5 1223/547/5
f 1237/546/5 1274/415/5 1275/549/5
f 1281/550/5 1282/548/5 1223/547/5
f 1237/546/5 1275/549/5 1276/290/5
f 1280/551/5 1281/550/5 1223/547/5
f 1236/552/5 1237/546/5 1276/290/5
f 1280/551/5 1223/547/5 1224/343/5
f 1236/552/5 1276/290/5 1277/553/5
f 1279/430/5 1280/551/5 1224/343/5
f 1236/552/5 1277/553/5 1278/554/5
f 1278/554/5 1279/430/5 1224/343/5
f 1236/552/5 1278/554/5 1224/343/5
f 1235/555/5 1236/552/5 1224/343/5
f 1235/555/5 1224/343/5 1225/556/5
f 1234/366/5 1235/555/5 1225/556/5
f 1234/366/5 1225/556/5 1226/557/5
f 1233/558/5 1234/366/5 1226/557/5
f 1233/558/5 1226/557/5 1227/559/5
f 1232/560/5 1233/558/5 1227/559/5
f 1232/560/5 1227/559/5 1228/561/5
f 1231/562/5 1232/560/5 1228/561/5
f 1231/562/5 1228/561/5 1229/359/5
f 1230/563/5 1231/562/5 1229/359/5
f 1398/564/5 1399/566/5 1400/565/5
f 1398/564/5 1400/565/5 1401/567/5
f 1398/564/5 1401/567/5 1402/568/5
f 1397/569/5 1398/564/5 1402/568/5
f 1397/569/5 1402/568/5 1403/570/5
f 1397/569/5 1403/570/5 1404/571/5
f 1397/569/5 1404/571/5 1405/572/5
f 1396/573/5 1397/569/5 1405/572/5
f 1396/573/5 1405/572/5 1406/574/5
f 1396/573/5 1406/574/5 1407/575/5
f 1396/573/5 1407/575/5 1408/576/5
f 1395/577/5 1396/573/5 1408/576/5
f 1395/577/5 1408/576/5 1409/578/5
f 1395/577/5 1409/578/5 1410/579/5
f 1395/577/5 1410/579/5 1411/580/5
f 1394/581/5 1395/577/5 1411/580/5
f 1394/581/5 1411/580/5 1324/582/5
f 1324/582/5 1411/580/5 1323/583/5
f 1323/583/5 1411/580/5 1322/584/5
f 1322/584/5 1411/580/5 1321/585/5
f 1321/585/5 1411/580/5 1320/586/5
f 1320/586/5 1411/580/5 1319/587/5
f 1319/587/5 1411/580/5 1318/588/5
f 1318/588/5 1411/580/5 1317/589/5
f 1317/589/5 1411/580/5 1316/590/5
f 1316/590/5 1411/580/5 1315/29/5
f 1315/29/5 1411/580/5 1412/27/5
f 1393/591/5 1394/581/5 1326/592/5
f 1326/592/5 1394/581/5 1325/593/5
f 1325/593/5 1394/581/5 1324/582/5
f 1393/591/5 1326/592/5 1327/594/5
f 1393/591/5 1327/594/5 1328/595/5
f 1393/591/5 1328/595/5 1329/596/5
f 1392/597/5 1393/591/5 1329/596/5
f 1392/597/5 1329/596/5 1330/598/5
f 1392/597/5 1330/598/5 1331/599/5
f 1391/600/5 1392/597/5 1331/599/5
f 1391/600/5 1331/599/5 1332/601/5
f 1391/600/5 1332/601/5 1333/602/5
f 1390/603/5 1391/600/5 1333/602/5
f 1390/603/5 1333/602/5 1334/604/5
f 1389/605/5 1390/603/5 1334/604/5
f 1389/605/5 1334/604/5 1335/606/5
f 1389/605/5 1335/606/5 1336/607/5
f 1388/608/5 1389/605/5 1336/607/5
f 1388/608/5 1336/607/5 1337/609/5
f 1387/610/5 1388/608/5 1337/609/5
f 1387/610/5 1337/609/5 1338/611/5
f 1387/610/5 1338/611/5 1339/612/5
f 1386/613/5 1387/610/5 1339/612/5
f 1386/613/5 1339/612/5 1340/614/5
f 1385/615/5 1386/613/5 1340/614/5
f 1385/615/5 1340/614/5 1341/616/5
f 1384/617/5 1385/615/5 1341/616/5
f 1384/617/5 1341/616/5 1342/618/5
f 1383/619/5 1384/617/5 1342/618/5
f 1383/619/5 1342/618/5 1343/620/5
f 1382/621/5 1383/619/5 1343/620/5
f 1382/621/5 1343/620/5 1344/622/5
f 1361/623/5 1362/625/5 1363/624/5
f 1382/621/5 1344/622/5 1345/626/5
f 1360/627/5 1361/623/5 1363/624/5
f 1381/628/5 1382/621/5 1345/626/5
f 1359/629/5 1360/627/5 1363/624/5
f 1381/628/5 1345/626/5 1346/630/5
f 1358/631/5 1359/629/5 1363/624/5
f 1357/632/5 1358/631/5 1363/624/5
f 1381/628/5 1346/630/5 1347/633/5
f 1356/634/5 1357/632/5 1363/624/5
f 1380/635/5 1381/628/5 1347/633/5
f 1355/636/5 1356/634/5 1363/624/5
f 1380/635/5 1347/633/5 1348/637/5
f 1354/638/5 1355/636/5 1363/624/5
f 1353/639/5 1354/638/5 1363/624/5
f 1380/635/5 1348/637/5 1349/640/5
f 1352/641/5 1353/639/5 1363/624/5
f 1351/642/5 1352/641/5 1363/624/5
f 1380/635/5 1349/640/5 1350/643/5
f 1350/643/5 1351/642/5 1363/624/5
f 1380/635/5 1350/643/5 1363/624/5
f 1379/644/5 1380/635/5 1363/624/5
f 1379/644/5 1363/624/5 1364/645/5
f 1378/646/5 1379/644/5 1364/645/5
f 1378/646/5 1364/645/5 1365/647/5
f 1378/646/5 1365/647/5 1366/648/5
f 1378/646/5 1366/648/5 1367/649/5
f 1377/650/5 1378/646/5 1367/649/5
f 1377/650/5 1367/649/5 1368/651/5
f 1377/650/5 1368/651/5 1369/652/5
f 1377/650/5 1369/652/5 1370/653/5
f 1376/654/5 1377/650/5 1370/653/5
f 1376/654/5 1370/653/5 1371/655/5
f 1376/654/5 1371/655/5 1372/656/5
f 1376/654/5 1372/656/5 1373/657/5
f 1375/658/5 1376/654/5 1373/657/5
f 1375/658/16 1373/657/16 1374/659/16
s 1
f 1414/660/20 1416/661/21 1415/152/21 1413/29/20
f 1416/661/21 1418/662/22 1417/153/22 1415/152/21
f 1418/662/22 1420/663/23 1419/155/23 1417/153/22
f 1420/663/23 1422/664/24 1421/156/24 1419/155/23
f 1422/664/24 1424/665/25 1423/158/25 1421/156/24
f 1424/665/25 1426/666/26 1425/159/26 1423/158/25
f 1426/666/26 1428/667/27 1427/161/27 1425/159/26
f 1428/667/27 1430/668/28 1429/162/28 1427/161/27
f 1430/668/28 1432/669/29 1431/163/29 1429/162/28
f 1432/669/29 1434/670/30 1433/165/30 1431/163/29
f 1434/670/30 1436/671/31 1435/164/31 1433/165/30
f 1436/671/31 1438/672/32 1437/160/32 1435/164/31
f 1438/672/32 1440/673/33 1439/157/33 1437/160/32
f 1440/673/33 1442/674/34 1441/154/34 1439/157/33
f 1442/674/34 1444/675/35 1443/151/35 1441/154/34
f 1444/675/35 1446/676/36 1445/150/36 1443/151/35
f 1446/676/36 1448/677/37 1447/142/37 1445/150/36
f 1448/677/37 1450/678/38 1449/134/38 1447/142/37
f 1450/678/38 1452/679/39 1451/126/39 1449/134/38
f 1452/679/39 1454/680/40 1453/124/40 1451/126/39
f 1454/680/40 1456/681/41 1455/121/41 1453/124/40
f 1456/681/41 1458/682/42 1457/119/42 1455/121/41
f 1458/682/42 1460/683/43 1459/117/43 1457/119/42
f 1460/683/43 1462/684/44 1461/114/44 1459/117/43
f 1462/684/44 1464/685/45 1463/108/45 1461/114/44
f 1464/685/45 1466/686/46 1465/102/46 1463/108/45
f 1466/686/46 1468/687/47 1467/94/47 1465/102/46
f 1468/687/47 1470/688/48 1469/84/48 1467/94/47
f 1470/688/48 1472/689/49 1471/82/49 1469/84/48
f 1472/689/49 1474/690/50 1473/80/50 1471/82/49
f 1474/690/50 1476/691/51 1475/78/51 1473/80/50
f 1476/691/51 1478/692/52 1477/76/52 1475/78/51
f 1478/692/52 1480/693/53 1479/74/53 1477/76/52
f 1480/693/53 1482/694/54 1481/70/54 1479/74/53
f 1482/694/54 1484/695/55 1483/72/55 1481/70/54
f 1484/695/55 1486/696/56 1485/71/56 1483/72/55
f 1486/696/56 1488/697/57 1487/73/57 1485/71/56
f 1488/697/57 1490/698/58 1489/75/58 1487/73/57
f 1490/698/58 1492/699/59 1491/77/59 1489/75/58
f 1492/699/59 1494/700/60 1493/79/60 1491/77/59
f 1494/700/60 1496/701/61 1495/81/61 1493/79/60
f 1496/701/61 1498/702/62 1497/83/62 1495/81/61
f 1498/702/62 1500/703/63 1499/92/63 1497/83/62
f 1500/703/63 1502/704/64 1501/103/64 1499/92/63
f 1502/704/64 1504/705/65 1503/109/65 1501/103/64
f 1504/705/65 1506/706/66 1505/116/66 1503/109/65
f 1506/706/66 1508/707/67 1507/118/67 1505/116/66
f 1508/707/67 1510/708/68 1509/120/68 1507/118/67
f 1510/708/68 1512/709/69 1511/49/69 1509/120/68
f 1512/709/69 1514/710/70 1513/122/70 1511/49/69
f 1514/710/70 1516/711/71 1515/123/71 1513/122/70
f 1516/711/71 1518/712/72 1517/125/72 1515/123/71
f 1518/712/72 1520/713/73 1519/127/73 1517/125/72
f 1520/713/73 1522/714/74 1521/131/74 1519/127/73
f 1522/714/74 1524/715/75 1523/135/75 1521/131/74
f 1524/715/75 1526/716/76 1525/138/76 1523/135/75
f 1526/716/76 1528/717/77 1527/140/77 1525/138/76
f 1528/717/77 1530/718/78 1529/144/78 1527/140/77
f 1530/718/78 1532/719/79 1531/146/79 1529/144/78
f 1532/719/79 1534/720/80 1533/149/80 1531/146/79
f 1534/720/80 1536/721/81 1535/148/81 1533/149/80
f 1536/721/81 1538/722/82 1537/147/82 1535/148/81
f 1538/722/82 1540/723/83 1539/145/83 1537/147/82
f 1540/723/83 1542/724/84 1541/143/84 1539/145/83
f 1542/724/84 1544/725/85 1543/141/85 1541/143/84
f 1544/725/85 1546/726/86 1545/139/86 1543/141/85
f 1546/726/86 1548/727/87 1547/137/87 1545/139/86
f 1548/727/87 1550/728/88 1549/136/88 1547/137/87
f 1550/728/88 1552/729/89 1551/133/89 1549/136/88
f 1552/729/89 1554/730/90 1553/132/90 1551/133/89
f 1554/730/90 1556/731/91 1555/128/91 1553/132/90
f 1556/731/91 1558/732/92 1557/130/92 1555/128/91
f 1558/732/92 1560/733/93 1559/129/93 1557/130/92
f 1560/733/93 1562/734/94 1561/113/94 1559/129/93
f 1562/734/94 1564/735/95 1563/111/95 1561/113/94
f 1564/735/95 1566/736/96 1565/107/96 1563/111/95
f 1566/736/96 1568/737/97 1567/105/97 1565/107/96
f 1568/737/97 1570/738/98 1569/101/98 1567/105/97
f 1570/738/98 1572/739/99 1571/99/99 1569/101/98
f 1572/739/99 1574/740/100 1573/97/100 1571/99/99
f 1574/740/100 1576/741/101 1575/95/101 1573/97/100
f 1576/741/101 1578/742/102 1577/91/102 1575/95/101
f 1578/742/102 1580/743/103 1579/89/103 1577/91/102
f 1580/743/103 1582/744/104 1581/87/104 1579/89/103
f 1582/744/104 1584/745/105 1583/85/105 1581/87/104
f 1584/745/105 1586/746/106 1585/86/106 1583/85/105
f 1586/746/106 1588/747/107 1587/88/107 1585/86/106
f 1588/747/107 1590/748/108 1589/90/108 1587/88/107
f 1590/748/108 1592/749/109 1591/93/109 1589/90/108
f 1592/749/109 1594/750/110 1593/96/110 1591/93/109
f 1594/750/110 1596/751/111 1595/98/111 1593/96/110
f 1596/751/111 1598/752/112 1597/100/112 1595/98/111
f 1598/752/112 1600/753/113 1599/104/113 1597/100/112
f 1600/753/113 1602/754/114 1601/106/114 1599/104/113
f 1602/754/114 1604/755/115 1603/110/115 1601/106/114
f 1604/755/115 1606/756/116 1605/112/116 1603/110/115
f 1606/756/116 1608/757/117 1607/115/117 1605/112/116
f 1608/757/117 1414/758/20 1413/27/20 1607/115/117
f 1610/660/118 1612/759/119 1611/760/119 1609/29/118
f 1612/759/119 1614/761/120 1613/762/120 1611/760/119
f 1614/761/120 1616/763/121 1615/764/121 1613/762/120
f 1616/763/121 1618/765/122 1617/766/122 1615/764/121
f 1618/765/122 1620/767/123 1619/768/123 1617/766/122
f 1620/767/123 1622/769/124 1621/456/124 1619/768/123
f 1622/769/124 1624/770/125 1623/771/125 1621/456/124
f 1624/770/125 1626/772/126 1625/24/126 1623/771/125
f 1626/772/126 1628/773/127 1627/774/127 1625/24/126
f 1628/773/127 1630/775/128 1629/776/128 1627/774/127
f 1630/775/128 1632/777/129 1631/778/129 1629/776/128
f 1632/777/129 1634/779/130 1633/453/130 1631/778/129
f 1634/779/130 1636/780/131 1635/781/131 1633/453/130
f 1636/780/131 1638/782/132 1637/783/132 1635/781/131
f 1638/782/132 1640/784/133 1639/785/133 1637/783/132
f 1640/784/133 1642/786/134 1641/23/134 1639/785/133
f 1642/786/134 1644/787/135 1643/788/135 1641/23/134
f 1644/787/135 1646/789/136 1645/481/136 1643/788/135
f 1646/789/136 1648/790/137 1647/791/137 1645/481/136
f 1648/790/137 1650/792/138 1649/793/138 1647/791/137
f 1650/792/138 1652/794/139 1651/795/139 1649/793/138
f 1652/794/139 1654/796/140 1653/797/140 1651/795/139
f 1654/796/140 1656/798/141 1655/799/141 1653/797/140
f 1656/798/141 1658/709/142 1657/49/142 1655/799/141
f 1658/709/142 1660/800/143 1659/801/143 1657/49/142
f 1660/800/143 1662/802/144 1661/803/144 1659/801/143
f 1662/802/144 1664/804/145 1663/805/145 1661/803/144
f 1664/804/145 1666/806/146 1665/807/146 1663/805/145
f 1666/806/146 1668/808/147 1667/809/147 1665/807/146
f 1668/808/147 1670/810/148 1669/480/148 1667/809/147
f 1670/810/148 1672/811/149 1671/812/149 1669/480/148
f 1672/811/149 1674/813/150 1673/53/150 1671/812/149
f 1674/813/150 1676/814/151 1675/815/151 1673/53/150
f 1676/814/151 1678/816/152 1677/817/152 1675/815/151
f 1678/816/152 1680/818/153 1679/819/153 1677/817/152
f 1680/818/153 1682/820/154 1681/476/154 1679/819/153
f 1682/820/154 1684/821/155 1683/822/155 1681/476/154
f 1684/821/155 1686/823/156 1685/824/156 1683/822/155
f 1686/823/156 1688/825/157 1687/826/157 1685/824/156
f 1688/825/157 1690/827/158 1689/64/158 1687/826/157
f 1690/827/158 1692/828/159 1691/829/159 1689/64/158
f 1692/828/159 1694/830/160 1693/471/160 1691/829/159
f 1694/830/160 1696/831/161 1695/832/161 1693/471/160
f 1696/831/161 1698/833/162 1697/834/162 1695/832/161
f 1698/833/162 1700/835/163 1699/836/163 1697/834/162
f 1700/835/163 1702/837/164 1701/838/164 1699/836/163
f 1702/837/164 1704/839/165 1703/840/165 1701/838/164
f 1704/839/165 1610/758/118 1609/27/118 1703/840/165
f 1706/660/166 1708/759/167 1707/760/167 1705/29/166
f 1708/759/167 1710/761/168 1709/762/168 1707/760/167
f 1710/761/168 1712/763/169 1711/764/169 1709/762/168
f 1712/763/169 1714/765/170 1713/766/170 1711/764/169
f 1714/765/170 1716/767/171 1715/768/171 1713/766/170
f 1716/767/171 1718/769/172 1717/456/172 1715/768/171
f 1718/769/172 1720/770/173 1719/771/173 1717/456/172
f 1720/770/173 1722/772/174 1721/24/174 1719/771/173
f 1722/772/174 1724/773/175 1723/774/175 1721/24/174
f 1724/773/175 1726/775/176 1725/776/176 1723/774/175
f 1726/775/176 1728/777/177 1727/778/177 1725/776/176
f 1728/777/177 1730/779/178 1729/453/178 1727/778/177
f 1730/779/178 1732/780/179 1731/781/179 1729/453/178
f 1732/780/179 1734/782/180 1733/783/180 1731/781/179
f 1734/782/180 1736/784/181 1735/785/181 1733/783/180
f 1736/784/181 1738/786/182 1737/23/182 1735/785/181
f 1738/786/182 1740/787/183 1739/788/183 1737/23/182
f 1740/787/183 1742/789/184 1741/481/184 1739/788/183
f 1742/789/184 1744/790/185 1743/791/185 1741/481/184
f 1744/790/185 1746/792/186 1745/793/186 1743/791/185
f 1746/792/186 1748/794/187 1747/795/187 1745/793/186
f 1748/794/187 1750/796/188 1749/797/188 1747/795/187
f 1750/796/188 1752/798/189 1751/799/189 1749/797/188
f 1752/798/189 1754/709/190 1753/49/190 1751/799/189
f 1754/709/190 1756/800/191 1755/801/191 1753/49/190
f 1756/800/191 1758/802/192 1757/803/192 1755/801/191
f 1758/802/192 1760/804/193 1759/805/193 1757/803/192
f 1760/804/193 1762/806/194 1761/807/194 1759/805/193
f 1762/806/194 1764/808/195 1763/809/195 1761/807/194
f 1764/808/195 1766/810/196 1765/480/196 1763/809/195
f 1766/810/196 1768/811/197 1767/812/197 1765/480/196
f 1768/811/197 1770/813/198 1769/53/198 1767/812/197
f 1770/813/198 1772/814/199 1771/815/199 1769/53/198
f 1772/814/199 1774/816/200 1773/817/200 1771/815/199
f 1774/816/200 1776/818/201 1775/819/201 1773/817/200
f 1776/818/201 1778/820/202 1777/476/202 1775/819/201
f 1778/820/202 1780/821/203 1779/822/203 1777/476/202
f 1780/821/203 1782/823/204 1781/824/204 1779/822/203
f 1782/823/204 1784/825/205 1783/826/205 1781/824/204
f 1784/825/205 1786/827/206 1785/64/206 1783/826/205
f 1786/827/206 1788/828/207 1787/829/207 1785/64/206
f 1788/828/207 1790/830/208 1789/471/208 1787/829/207
f 1790/830/208 1792/831/209 1791/832/209 1789/471/208
f 1792/831/209 1794/833/210 1793/834/210 1791/832/209
f 1794/833/210 1796/835/211 1795/836/211 1793/834/210
f 1796/835/211 1798/837/212 1797/838/212 1795/836/211
f 1798/837/212 1800/839/213 1799/840/213 1797/838/212
f 1800/839/213 1706/758/166 1705/27/166 1799/840/213
f 1802/660/214 1804/841/215 1803/842/215 1801/29/214
f 1804/841/215 1806/843/216 1805/844/216 1803/842/215
f 1806/843/216 1808/845/217 1807/343/217 1805/844/216
f 1808/845/217 1810/846/218 1809/847/218 1807/343/217
f 1810/846/218 1812/848/219 1811/849/219 1809/847/218
f 1812/848/219 1814/850/220 1813/359/220 1811/849/219
f 1814/850/220 1816/851/221 1815/852/221 1813/359/220
f 1816/851/221 1818/853/222 1817/854/222 1815/852/221
f 1818/853/222 1820/855/223 1819/366/223 1817/854/222
f 1820/855/223 1822/856/224 1821/857/224 1819/366/223
f 1822/856/224 1824/858/225 1823/859/225 1821/857/224
f 1824/858/225 1826/860/226 1825/375/226 1823/859/225
f 1826/860/226 1828/861/227 1827/862/227 1825/375/226
f 1828/861/227 1830/863/228 1829/864/228 1827/862/227
f 1830/863/228 1832/865/229 1831/384/229 1829/864/228
f 1832/865/229 1834/866/230 1833/867/230 1831/384/229
f 1834/866/230 1836/868/231 1835/869/231 1833/867/230
f 1836/868/231 1838/870/232 1837/395/232 1835/869/231
f 1838/870/232 1840/786/233 1839/23/233 1837/395/232
f 1840/786/233 1842/871/234 1841/872/234 1839/23/233
f 1842/871/234 1844/873/235 1843/413/235 1841/872/234
f 1844/873/235 1846/874/236 1845/875/236 1843/413/235
f 1846/874/236 1848/876/237 1847/877/237 1845/875/236
f 1848/876/237 1850/878/238 1849/441/238 1847/877/237
f 1850/878/238 1852/879/239 1851/880/239 1849/441/238
f 1852/879/239 1854/881/240 1853/882/240 1851/880/239
f 1854/881/240 1856/883/241 1855/444/241 1853/882/240
f 1856/883/241 1858/884/242 1857/885/242 1855/444/241
f 1858/884/242 1860/886/243 1859/887/243 1857/885/242
f 1860/886/243 1862/888/244 1861/434/244 1859/887/243
f 1862/888/244 1864/889/245 1863/890/245 1861/434/244
f 1864/889/245 1866/891/246 1865/892/246 1863/890/245
f 1866/891/246 1868/893/247 1867/415/247 1865/892/246
f 1868/893/247 1870/894/248 1869/895/248 1867/415/247
f 1870/894/248 1872/896/249 1871/897/249 1869/895/248
f 1872/896/249 1874/898/250 1873/430/250 1871/897/249
f 1874/898/250 1876/899/251 1875/900/251 1873/430/250
f 1876/899/251 1878/813/252 1877/53/252 1875/900/251
f 1878/813/252 1880/901/253 1879/416/253 1877/53/252
f 1880/901/253 1882/902/254 1881/903/254 1879/416/253
f 1882/902/254 1884/904/255 1883/905/255 1881/903/254
f 1884/904/255 1886/906/256 1885/399/256 1883/905/255
f 1886/906/256 1888/907/257 1887/908/257 1885/399/256
f 1888/907/257 1890/909/258 1889/910/258 1887/908/257
f 1890/909/258 1892/911/259 1891/381/259 1889/910/258
f 1892/911/259 1894/912/260 1893/913/260 1891/381/259
f 1894/912/260 1896/914/261 1895/915/261 1893/913/260
f 1896/914/261 1898/916/262 1897/350/262 1895/915/261
f 1898/916/262 1900/917/263 1899/918/263 1897/350/262
f 1900/917/263 1902/919/264 1901/920/264 1899/918/263
f 1902/919/264 1904/921/265 1903/324/265 1901/920/264
f 1904/921/265 1906/922/239 1905/923/239 1903/324/265
f 1906/922/239 1908/924/240 1907/925/240 1905/923/239
f 1908/924/240 1910/926/266 1909/333/266 1907/925/240
f 1910/926/266 1912/927/267 1911/928/267 1909/333/266
f 1912/927/267 1914/929/267 1913/930/267 1911/928/267
f 1914/929/267 1802/758/214 1801/27/214 1913/930/267
f 1916/660/268 1918/931/269 1917/932/269 1915/29/268
f 1918/931/269 1920/933/270 1919/934/270 1917/932/269
f 1920/933/270 1922/935/271 1921/936/271 1919/934/270
f 1922/935/271 1924/937/272 1923/938/272 1921/936/271
f 1924/937/272 1926/939/273 1925/940/273 1923/938/272
f 1926/939/273 1928/941/274 1927/942/274 1925/940/273
f 1928/941/274 1930/943/275 1929/944/275 1927/942/274
f 1930/943/275 1932/945/276 1931/946/276 1929/944/275
f 1932/945/276 1934/947/277 1933/948/277 1931/946/276
f 1934/947/277 1936/949/278 1935/950/278 1933/948/277
f 1936/949/278 1938/951/279 1937/952/279 1935/950/278
f 1938/951/279 1940/953/280 1939/954/280 1937/952/279
f 1940/953/280 1942/955/281 1941/956/281 1939/954/280
f 1942/955/281 1944/957/282 1943/958/282 1941/956/281
f 1944/957/282 1946/959/283 1945/960/283 1943/958/282
f 1946/959/283 1948/961/284 1947/962/284 1945/960/283
f 1948/961/284 1950/963/285 1949/964/285 1947/962/284
f 1950/963/285 1952/965/286 1951/966/286 1949/964/285
f 1952/965/286 1954/967/287 1953/968/287 1951/966/286
f 1954/967/287 1956/969/288 1955/970/288 1953/968/287
f 1956/969/288 1958/971/289 1957/972/289 1955/970/288
f 1958/971/289 1960/973/290 1959/974/290 1957/972/289
f 1960/973/290 1962/975/291 1961/976/291 1959/974/290
f 1962/975/291 1964/977/292 1963/978/292 1961/976/291
f 1964/977/292 1966/979/293 1965/980/293 1963/978/292
f 1966/979/293 1968/981/294 1967/982/294 1965/980/293
f 1968/981/294 1970/983/295 1969/984/295 1967/982/294
f 1970/983/295 1972/985/296 1971/986/296 1969/984/295
f 1972/985/296 1974/987/297 1973/988/297 1971/986/296
f 1974/987/297 1976/989/298 1975/990/298 1973/988/297
f 1976/989/298 1978/991/299 1977/992/299 1975/990/298
f 1978/991/299 1980/993/300 1979/994/300 1977/992/299
f 1980/993/300 1982/995/301 1981/996/301 1979/994/300
f 1982/995/301 1984/997/302 1983/998/302 1981/996/301
f 1984/997/302 1986/999/303 1985/1000/303 1983/998/302
f 1986/999/303 1988/1001/304 1987/1002/304 1985/1000/303
f 1988/1001/304 1990/1003/305 1989/1004/305 1987/1002/304
f 1990/1003/305 1992/1005/306 1991/1006/306 1989/1004/305
f 1992/1005/306 1994/1007/307 1993/1008/307 1991/1006/306
f 1994/1007/307 1996/1009/308 1995/1010/308 1993/1008/307
f 1996/1009/308 1998/1011/309 1997/1012/309 1995/1010/308
f 1998/1011/309 2000/1013/310 1999/1014/310 1997/1012/309
f 2000/1013/310 2002/1015/311 2001/1016/311 1999/1014/310
f 2002/1015/311 2004/1017/312 2003/1018/312 2001/1016/311
f 2004/1017/312 2006/1019/313 2005/1020/313 2003/1018/312
f 2006/1019/313 2008/1021/314 2007/1022/314 2005/1020/313
f 2008/1021/314 2010/1023/315 2009/1024/315 2007/1022/314
f 2010/1023/315 2012/1025/316 2011/1026/316 2009/1024/315
f 2012/1025/316 2014/1027/317 2013/1028/317 2011/1026/316
f 2014/1027/317 2016/1029/318 2015/1030/318 2013/1028/317
f 2016/1029/318 2018/1031/319 2017/1032/319 2015/1030/318
f 2018/1031/319 2020/1033/320 2019/1034/320 2017/1032/319
f 2020/1033/320 2022/1035/321 2021/1036/321 2019/1034/320
f 2022/1035/321 2024/1037/322 2023/1038/322 2021/1036/321
f 2024/1037/322 2026/1039/323 2025/1040/323 2023/1038/322
f 2026/1039/323 2028/1041/324 2027/1042/324 2025/1040/323
f 2028/1041/324 2030/1043/325 2029/1044/325 2027/1042/324
f 2030/1043/325 2032/1045/326 2031/1046/326 2029/1044/325
f 2032/1045/326 2034/1047/327 2033/1048/327 2031/1046/326
f 2034/1047/327 2036/1049/328 2035/1050/328 2033/1048/327
f 2036/1049/328 2038/1051/329 2037/1052/329 2035/1050/328
f 2038/1051/329 2040/1053/330 2039/1054/330 2037/1052/329
f 2040/1053/330 2042/1055/331 2041/1056/331 2039/1054/330
f 2042/1055/331 2044/1057/332 2043/1058/332 2041/1056/331
f 2044/1057/332 2046/1059/333 2045/1060/333 2043/1058/332
f 2046/1059/333 2048/1061/334 2047/1062/334 2045/1060/333
f 2048/1061/334 2050/709/335 2049/49/335 2047/1062/334
f 2050/709/335 2052/1063/336 2051/1064/336 2049/49/335
f 2052/1063/336 2054/1065/337 2053/1066/337 2051/1064/336
f 2054/1065/337 2056/1067/338 2055/1068/338 2053/1066/337
f 2056/1067/338 2058/1069/339 2057/1070/339 2055/1068/338
f 2058/1069/339 2060/1071/340 2059/1072/340 2057/1070/339
f 2060/1071/340 2062/1073/341 2061/1074/341 2059/1072/340
f 2062/1073/341 2064/1075/342 2063/1076/342 2061/1074/341
f 2064/1075/342 2066/1077/343 2065/1078/343 2063/1076/342
f 2066/1077/343 2068/1079/344 2067/1080/344 2065/1078/343
f 2068/1079/344 2070/1081/345 2069/1082/345 2067/1080/344
f 2070/1081/345 2072/1083/346 2071/1084/346 2069/1082/345
f 2072/1083/346 2074/1085/347 2073/1086/347 2071/1084/346
f 2074/1085/347 2076/1087/348 2075/1088/348 2073/1086/347
f 2076/1087/348 2078/1089/349 2077/1090/349 2075/1088/348
f 2078/1089/349 2080/1091/350 2079/1092/350 2077/1090/349
f 2080/1091/350 2082/1093/351 2081/1094/351 2079/1092/350
f 2082/1093/351 2084/1095/352 2083/1096/352 2081/1094/351
f 2084/1095/352 2086/1097/353 2085/1098/353 2083/1096/352
f 2086/1097/353 2088/1099/354 2087/1100/354 2085/1098/353
f 2088/1099/354 2090/1101/355 2089/1102/355 2087/1100/354
f 2090/1101/355 2092/1103/356 2091/1104/356 2089/1102/355
f 2092/1103/356 2094/1105/357 2093/1106/357 2091/1104/356
f 2094/1105/357 2096/1107/358 2095/1108/358 2093/1106/357
f 2096/1107/358 2098/1109/359 2097/1110/359 2095/1108/358
f 2098/1109/359 2100/1111/360 2099/1112/360 2097/1110/359
f 2100/1111/360 2102/1113/361 2101/1114/361 2099/1112/360
f 2102/1113/361 2104/1115/362 2103/1116/362 2101/1114/361
f 2104/1115/362 2106/1117/363 2105/1118/363 2103/1116/362
f 2106/1117/363 2108/1119/364 2107/1120/364 2105/1118/363
f 2108/1119/364 2110/1121/365 2109/1122/365 2107/1120/364
f 2110/1121/365 2112/1123/366 2111/1124/366 2109/1122/365
f 2112/1123/366 2114/1125/367 2113/1126/367 2111/1124/366
f 2114/1125/367 2116/1127/368 2115/1128/368 2113/1126/367
f 2116/1127/368 2118/1129/369 2117/1130/369 2115/1128/368
f 2118/1129/369 2120/1131/370 2119/1132/370 2117/1130/369
f 2120/1131/370 2122/1133/371 2121/1134/371 2119/1132/370
f 2122/1133/371 2124/1135/372 2123/1136/372 2121/1134/371
f 2124/1135/372 2126/1137/373 2125/1138/373 2123/1136/372
f 2126/1137/373 2128/1139/374 2127/1140/374 2125/1138/373
f 2128/1139/374 2130/1141/375 2129/1142/375 2127/1140/374
f 2130/1141/375 2132/1143/376 2131/1144/376 2129/1142/375
f 2132/1143/376 2134/1145/377 2133/1146/377 2131/1144/376
f 2134/1145/377 2136/1147/378 2135/1148/378 2133/1146/377
f 2136/1147/378 2138/1149/379 2137/1150/379 2135/1148/378
f 2138/1149/379 2140/1151/380 2139/1152/380 2137/1150/379
f 2140/1151/380 2142/1153/381 2141/1154/381 2139/1152/380
f 2142/1153/381 2144/1155/382 2143/1156/382 2141/1154/381
f 2144/1155/382 2146/1157/383 2145/1158/383 2143/1156/382
f 2146/1157/383 2148/1159/384 2147/1160/384 2145/1158/383
f 2148/1159/384 2150/1161/385 2149/1162/385 2147/1160/384
f 2150/1161/385 2152/1163/386 2151/1164/386 2149/1162/385
f 2152/1163/386 2154/1165/387 2153/1166/387 2151/1164/386
f 2154/1165/387 2156/1167/388 2155/1168/388 2153/1166/387
f 2156/1167/388 2158/1169/389 2157/1170/389 2155/1168/388
f 2158/1169/389 2160/1171/390 2159/1172/390 2157/1170/389
f 2160/1171/390 2162/1173/391 2161/1174/391 2159/1172/390
f 2162/1173/391 2164/1175/392 2163/1176/392 2161/1174/391
f 2164/1175/392 2166/1177/393 2165/1178/393 2163/1176/392
f 2166/1177/393 2168/1179/394 2167/1180/394 2165/1178/393
f 2168/1179/394 2170/1181/395 2169/1182/395 2167/1180/394
f 2170/1181/395 2172/1183/396 2171/1184/396 2169/1182/395
f 2172/1183/396 2174/1185/397 2173/1186/397 2171/1184/396
f 2174/1185/397 2176/1187/398 2175/1188/398 2173/1186/397
f 2176/1187/398 2178/1189/399 2177/1190/399 2175/1188/398
f 2178/1189/399 2180/1191/400 2179/1192/400 2177/1190/399
f 2180/1191/400 2182/1193/401 2181/1194/401 2179/1192/400
f 2182/1193/401 1916/758/268 1915/27/268 2181/1194/401
f 2184/660/402 2186/1195/403 2185/467/403 2183/29/402
f 2186/1195/403 2188/1196/404 2187/465/404 2185/467/403
f 2188/1196/404 2190/1197/405 2189/464/405 2187/465/404
f 2190/1197/405 2192/667/406 2191/161/406 2189/464/405
f 2192/667/406 2194/1198/407 2193/461/407 2191/161/406
f 2194/1198/407 2196/1199/408 2195/460/408 2193/461/407
f 2196/1199/408 2198/769/409 2197/456/409 2195/460/408
f 2198/769/409 2200/674/410 2199/154/410 2197/456/409
f 2200/674/410 2202/1200/411 2201/454/411 2199/154/410
f 2202/1200/411 2204/1201/412 2203/452/412 2201/454/411
f 2204/1201/412 2206/1202/413 2205/450/413 2203/452/412
f 2206/1202/413 2208/681/414 2207/121/414 2205/450/413
f 2208/681/414 2210/1203/415 2209/451/415 2207/121/414
f 2210/1203/415 2212/779/416 2211/453/416 2209/451/415
f 2212/779/416 2214/1204/417 2213/455/417 2211/453/416
f 2214/1204/417 2216/688/418 2215/84/418 2213/455/417
f 2216/688/418 2218/1205/419 2217/462/419 2215/84/418
f 2218/1205/419 2220/1206/420 2219/463/420 2217/462/419
f 2220/1206/420 2222/1207/421 2221/466/421 2219/463/420
f 2222/1207/421 2224/695/422 2223/72/422 2221/466/421
f 2224/695/422 2226/789/423 2225/481/423 2223/72/422
f 2226/789/423 2228/1208/424 2227/484/424 2225/481/423
f 2228/1208/424 2230/1209/425 2229/487/425 2227/484/424
f 2230/1209/425 2232/702/426 2231/83/426 2229/487/425
f 2232/702/426 2234/1210/266 2233/491/266 2231/83/426
f 2234/1210/266 2236/1211/267 2235/490/267 2233/491/266
f 2236/1211/267 2238/1212/427 2237/489/427 2235/490/267
f 2238/1212/427 2240/709/428 2239/49/428 2237/489/427
f 2240/709/428 2242/1213/429 2241/488/429 2239/49/428
f 2242/1213/429 2244/1214/430 2243/486/430 2241/488/429
f 2244/1214/430 2246/1215/431 2245/485/431 2243/486/430
f 2246/1215/431 2248/716/432 2247/138/432 2245/485/431
f 2248/716/432 2250/1216/433 2249/483/433 2247/138/432
f 2250/1216/433 2252/1217/434 2251/482/434 2249/483/433
f 2252/1217/434 2254/810/435 2253/480/435 2251/482/434
f 2254/810/435 2256/723/436 2255/145/436 2253/480/435
f 2256/723/436 2258/1218/437 2257/479/437 2255/145/436
f 2258/1218/437 2260/1219/438 2259/478/438 2257/479/437
f 2260/1219/438 2262/1220/439 2261/468/439 2259/478/438
f 2262/1220/439 2264/730/440 2263/132/440 2261/468/439
f 2264/730/440 2266/1221/441 2265/477/441 2263/132/440
f 2266/1221/441 2268/820/442 2267/476/442 2265/477/441
f 2268/820/442 2270/1222/443 2269/475/443 2267/476/442
f 2270/1222/443 2272/737/444 2271/105/444 2269/475/443
f 2272/737/444 2274/1223/445 2273/474/445 2271/105/444
f 2274/1223/445 2276/1224/446 2275/473/446 2273/474/445
f 2276/1224/446 2278/1225/447 2277/472/447 2275/473/446
f 2278/1225/447 2280/744/448 2279/87/448 2277/472/447
f 2280/744/448 2282/830/449 2281/471/449 2279/87/448
f 2282/830/449 2284/1226/450 2283/470/450 2281/471/449
f 2284/1226/450 2286/1227/451 2285/469/451 2283/470/450
f 2286/1227/451 2288/751/266 2287/98/266 2285/469/451
f 2288/751/266 2290/1228/267 2289/457/267 2287/98/266
f 2290/1228/267 2292/1229/239 2291/459/239 2289/457/267
f 2292/1229/239 2294/1230/240 2293/458/240 2291/459/239
f 2294/1230/240 2184/758/402 2183/27/402 2293/458/240
f 2296/660/452 2298/1231/453 2297/1232/453 2295/29/452
f 2298/1231/453 2300/1233/454 2299/1234/454 2297/1232/453
f 2300/1233/454 2302/1235/455 2301/1236/455 2299/1234/454
f 2302/1235/455 2304/1237/456 2303/1238/456 2301/1236/455
f 2304/1237/456 2306/1239/457 2305/1240/457 2303/1238/456
f 2306/1239/457 2308/1241/458 2307/1242/458 2305/1240/457
f 2308/1241/458 2310/1243/459 2309/1244/459 2307/1242/458
f 2310/1243/459 2312/1245/460 2311/1246/460 2309/1244/459
f 2312/1245/460 2314/1247/461 2313/1248/461 2311/1246/460
f 2314/1247/461 2316/1249/462 2315/1250/462 2313/1248/461
f 2316/1249/462 2318/1251/463 2317/1252/463 2315/1250/462
f 2318/1251/463 2320/1253/464 2319/1254/464 2317/1252/463
f 2320/1253/464 2322/1255/465 2321/1256/465 2319/1254/464
f 2322/1255/465 2324/1257/466 2323/1258/466 2321/1256/465
f 2324/1257/466 2326/1259/467 2325/1260/467 2323/1258/466
f 2326/1259/467 2328/1261/468 2327/1262/468 2325/1260/467
f 2328/1261/468 2330/1263/469 2329/1264/469 2327/1262/468
f 2330/1263/469 2332/1265/470 2331/1266/470 2329/1264/469
f 2332/1265/470 2334/1267/471 2333/1268/471 2331/1266/470
f 2334/1267/471 2336/1269/472 2335/1270/472 2333/1268/471
f 2336/1269/472 2338/1271/473 2337/1272/473 2335/1270/472
f 2338/1271/473 2340/1273/474 2339/1274/474 2337/1272/473
f 2340/1273/474 2342/1275/475 2341/1276/475 2339/1274/474
f 2342/1275/475 2344/1277/476 2343/1278/476 2341/1276/475
f 2344/1277/476 2346/1279/477 2345/1280/477 2343/1278/476
f 2346/1279/477 2348/1281/478 2347/1282/478 2345/1280/477
f 2348/1281/478 2350/1283/479 2349/1284/479 2347/1282/478
f 2350/1283/479 2352/1285/480 2351/1286/480 2349/1284/479
f 2352/1285/480 2354/1287/481 2353/1288/481 2351/1286/480
f 2354/1287/481 2356/1289/482 2355/1290/482 2353/1288/481
f 2356/1289/482 2358/1291/483 2357/1292/483 2355/1290/482
f 2358/1291/483 2360/1293/484 2359/1294/484 2357/1292/483
f 2360/1293/484 2362/1295/485 2361/1296/485 2359/1294/484
f 2362/1295/485 2364/1297/486 2363/1298/486 2361/1296/485
f 2364/1297/486 2366/1299/487 2365/1300/487 2363/1298/486
f 2366/1299/487 2368/1301/488 2367/1302/488 2365/1300/487
f 2368/1301/488 2370/1303/489 2369/1304/489 2367/1302/488
f 2370/1303/489 2372/1305/490 2371/1306/490 2369/1304/489
f 2372/1305/490 2374/1307/491 2373/1308/491 2371/1306/490
f 2374/1307/491 2376/1309/492 2375/1310/492 2373/1308/491
f 2376/1309/492 2378/1311/493 2377/1312/493 2375/1310/492
f 2378/1311/493 2380/1313/494 2379/1314/494 2377/1312/493
f 2380/1313/494 2382/1315/495 2381/1316/495 2379/1314/494
f 2382/1315/495 2384/1317/496 2383/1318/496 2381/1316/495
f 2384/1317/496 2386/1319/497 2385/1320/497 2383/1318/496
f 2386/1319/497 2388/1321/498 2387/1322/498 2385/1320/497
f 2388/1321/498 2390/1323/499 2389/1324/499 2387/1322/498
f 2390/1323/499 2392/1325/500 2391/1326/500 2389/1324/499
f 2392/1325/500 2394/1327/239 2393/1328/239 2391/1326/500
f 2394/1327/239 2396/1329/240 2395/1330/240 2393/1328/239
f 2396/1329/240 2398/1331/501 2397/1332/501 2395/1330/240
f 2398/1331/501 2400/1333/502 2399/1334/502 2397/1332/501
f 2400/1333/502 2402/1335/503 2401/1336/503 2399/1334/502
f 2402/1335/503 2404/1337/504 2403/1338/504 2401/1336/503
f 2404/1337/504 2406/1339/505 2405/1340/505 2403/1338/504
f 2406/1339/505 2408/1341/506 2407/1342/506 2405/1340/505
f 2408/1341/506 2410/1343/507 2409/1344/507 2407/1342/506
f 2410/1343/507 2412/1345/508 2411/1346/508 2409/1344/507
f 2412/1345/508 2414/1347/509 2413/1348/509 2411/1346/508
f 2414/1347/509 2416/1349/510 2415/1350/510 2413/1348/509
f 2416/1349/510 2418/1351/511 2417/1352/511 2415/1350/510
f 2418/1351/511 2420/1353/512 2419/1354/512 2417/1352/511
f 2420/1353/512 2422/1355/513 2421/1356/513 2419/1354/512
f 2422/1355/513 2424/1357/514 2423/1358/514 2421/1356/513
f 2424/1357/514 2426/1359/515 2425/1360/515 2423/1358/514
f 2426/1359/515 2428/1361/516 2427/1362/516 2425/1360/515
f 2428/1361/516 2430/1363/517 2429/1364/517 2427/1362/516
f 2430/1363/517 2432/1365/518 2431/1366/518 2429/1364/517
f 2432/1365/518 2434/1367/519 2433/1368/519 2431/1366/518
f 2434/1367/519 2436/1369/520 2435/1370/520 2433/1368/519
f 2436/1369/520 2438/1371/521 2437/1372/521 2435/1370/520
f 2438/1371/521 2440/1373/522 2439/1374/522 2437/1372/521
f 2440/1373/522 2442/1375/523 2441/1376/523 2439/1374/522
f 2442/1375/523 2444/1377/524 2443/1378/524 2441/1376/523
f 2444/1377/524 2446/1379/525 2445/1380/525 2443/1378/524
f 2446/1379/525 2448/1381/239 2447/1382/239 2445/1380/525
f 2448/1381/239 2450/1383/240 2449/1384/240 2447/1382/239
f 2450/1383/240 2452/1385/526 2451/1386/526 2449/1384/240
f 2452/1385/526 2454/1387/527 2453/1388/527 2451/1386/526
f 2454/1387/527 2456/1389/528 2455/1390/528 2453/1388/527
f 2456/1389/528 2458/1391/529 2457/1392/529 2455/1390/528
f 2458/1391/529 2460/1393/530 2459/1394/530 2457/1392/529
f 2460/1393/530 2462/1395/531 2461/1396/531 2459/1394/530
f 2462/1395/531 2464/1397/532 2463/1398/532 2461/1396/531
f 2464/1397/532 2466/1399/533 2465/1400/533 2463/1398/532
f 2466/1399/533 2468/1401/534 2467/1402/534 2465/1400/533
f 2468/1401/534 2470/1403/535 2469/1404/535 2467/1402/534
f 2470/1403/535 2472/1405/536 2471/1406/536 2469/1404/535
f 2472/1405/536 2474/1407/537 2473/1408/537 2471/1406/536
f 2474/1407/537 2476/1409/538 2475/1410/538 2473/1408/537
f 2476/1409/538 2478/1411/539 2477/1412/539 2475/1410/538
f 2478/1411/539 2480/1413/540 2479/1414/540 2477/1412/539
f 2480/1413/540 2482/1415/541 2481/1416/541 2479/1414/540
f 2482/1415/541 2484/1417/542 2483/1418/542 2481/1416/541
f 2484/1417/542 2486/1419/543 2485/1420/543 2483/1418/542
f 2486/1419/543 2488/1421/544 2487/1422/544 2485/1420/543
f 2488/1421/544 2490/1423/545 2489/1424/545 2487/1422/544
f 2490/1423/545 2492/1425/546 2491/1426/546 2489/1424/545
f 2492/1425/546 2494/1427/547 2493/1428/547 2491/1426/546
f 2494/1427/547 2496/1429/548 2495/1430/548 2493/1428/547
f 2496/1429/548 2498/1431/549 2497/1432/549 2495/1430/548
f 2498/1431/549 2500/1433/550 2499/1434/550 2497/1432/549
f 2500/1433/550 2502/1435/239 2501/1436/239 2499/1434/550
f 2502/1435/239 2504/1437/240 2503/1438/240 2501/1436/239
f 2504/1437/240 2506/1439/266 2505/1440/266 2503/1438/240
f 2506/1439/266 2508/1441/267 2507/1442/267 2505/1440/266
f 2508/1441/267 2296/758/452 2295/27/452 2507/1442/267
f 2510/660/551 2512/1443/552 2511/1444/552 2509/29/551
f 2512/1443/552 2514/1445/553 2513/1446/553 2511/1444/552
f 2514/1445/553 2516/1447/554 2515/1448/554 2513/1446/553
f 2516/1447/554 2518/1449/555 2517/1450/555 2515/1448/554
f 2518/1449/555 2520/1451/556 2519/1452/556 2517/1450/555
f 2520/1451/556 2522/1453/557 2521/1454/557 2519/1452/556
f 2522/1453/557 2524/1455/558 2523/1456/558 2521/1454/557
f 2524/1455/558 2526/1457/559 2525/1458/559 2523/1456/558
f 2526/1457/559 2528/1459/560 2527/1460/560 2525/1458/559
f 2528/1459/560 2530/1461/561 2529/1462/561 2527/1460/560
f 2530/1461/561 2532/1463/562 2531/1464/562 2529/1462/561
f 2532/1463/562 2534/1465/563 2533/1466/563 2531/1464/562
f 2534/1465/563 2536/1467/564 2535/1468/564 2533/1466/563
f 2536/1467/564 2538/1469/565 2537/1470/565 2535/1468/564
f 2538/1469/565 2540/1471/566 2539/1472/566 2537/1470/565
f 2540/1471/566 2542/1473/567 2541/1474/567 2539/1472/566
f 2542/1473/567 2544/1475/568 2543/1476/568 2541/1474/567
f 2544/1475/568 2546/1477/569 2545/1478/569 2543/1476/568
f 2546/1477/569 2548/1479/570 2547/1480/570 2545/1478/569
f 2548/1479/570 2550/1481/571 2549/1482/571 2547/1480/570
f 2550/1481/571 2552/1483/572 2551/1484/572 2549/1482/571
f 2552/1483/572 2554/1485/573 2553/1486/573 2551/1484/572
f 2554/1485/573 2556/1487/574 2555/1488/574 2553/1486/573
f 2556/1487/574 2558/1489/575 2557/1490/575 2555/1488/574
f 2558/1489/575 2560/1491/576 2559/1492/576 2557/1490/575
f 2560/1491/576 2562/1493/577 2561/1494/577 2559/1492/576
f 2562/1493/577 2564/1495/578 2563/1496/578 2561/1494/577
f 2564/1495/578 2566/1497/579 2565/1498/579 2563/1496/578
f 2566/1497/579 2568/1499/580 2567/1500/580 2565/1498/579
f 2568/1499/580 2570/1501/581 2569/1502/581 2567/1500/580
f 2570/1501/581 2572/1503/457 2571/1504/457 2569/1502/581
f 2572/1503/457 2574/1505/582 2573/1506/582 2571/1504/457
f 2574/1505/582 2576/1507/583 2575/1508/583 2573/1506/582
f 2576/1507/583 2578/1509/584 2577/1510/584 2575/1508/583
f 2578/1509/584 2580/1511/585 2579/1512/585 2577/1510/584
f 2580/1511/585 2582/1513/586 2581/1514/586 2579/1512/585
f 2582/1513/586 2584/709/587 2583/49/587 2581/1514/586
f 2584/709/587 2586/1515/588 2585/1516/588 2583/49/587
f 2586/1515/588 2588/1517/589 2587/1518/589 2585/1516/588
f 2588/1517/589 2590/1519/590 2589/1520/590 2587/1518/589
f 2590/1519/590 2592/1521/591 2591/1522/591 2589/1520/590
f 2592/1521/591 2594/1523/592 2593/1524/592 2591/1522/591
f 2594/1523/592 2596/1525/593 2595/1526/593 2593/1524/592
f 2596/1525/593 2598/1527/594 2597/1528/594 2595/1526/593
f 2598/1527/594 2600/1529/595 2599/1530/595 2597/1528/594
f 2600/1529/595 2602/1531/596 2601/1532/596 2599/1530/595
f 2602/1531/596 2604/1533/597 2603/1534/597 2601/1532/596
f 2604/1533/597 2606/1535/598 2605/1536/598 2603/1534/597
f 2606/1535/598 2608/1537/599 2607/1538/599 2605/1536/598
f 2608/1537/599 2610/1539/600 2609/1540/600 2607/1538/599
f 2610/1539/600 2612/1541/601 2611/1542/601 2609/1540/600
f 2612/1541/601 2614/1543/602 2613/1544/602 2611/1542/601
f 2614/1543/602 2616/1545/603 2615/1546/603 2613/1544/602
f 2616/1545/603 2618/1547/604 2617/1548/604 2615/1546/603
f 2618/1547/604 2620/1549/605 2619/1550/605 2617/1548/604
f 2620/1549/605 2622/1551/606 2621/1552/606 2619/1550/605
f 2622/1551/606 2624/1553/607 2623/1554/607 2621/1552/606
f 2624/1553/607 2626/1555/608 2625/1556/608 2623/1554/607
f 2626/1555/608 2628/1557/609 2627/1558/609 2625/1556/608
f 2628/1557/609 2630/1559/610 2629/1560/610 2627/1558/609
f 2630/1559/610 2632/1561/611 2631/1562/611 2629/1560/610
f 2632/1561/611 2634/1563/612 2633/1564/612 2631/1562/611
f 2634/1563/612 2636/1565/613 2635/1566/613 2633/1564/612
f 2636/1565/613 2638/1567/614 2637/1568/614 2635/1566/613
f 2638/1567/614 2640/1569/615 2639/1570/615 2637/1568/614
f 2640/1569/615 2642/1571/616 2641/1572/616 2639/1570/615
f 2642/1571/616 2644/1573/617 2643/1574/617 2641/1572/616
f 2644/1573/617 2646/1575/618 2645/1576/618 2643/1574/617
f 2646/1575/618 2648/1577/619 2647/1578/619 2645/1576/618
f 2648/1577/619 2650/1579/620 2649/1580/620 2647/1578/619
f 2650/1579/620 2652/1581/621 2651/1582/621 2649/1580/620
f 2652/1581/621 2654/1583/622 2653/1584/622 2651/1582/621
f 2654/1583/622 2656/1585/623 2655/1586/623 2653/1584/622
f 2656/1585/623 2510/758/551 2509/27/551 2655/1586/623
f 2658/660/624 2660/1587/625 2659/1588/625 2657/29/624
f 2660/1587/625 2662/1589/626 2661/1590/626 2659/1588/625
f 2662/1589/626 2664/1591/627 2663/1592/627 2661/1590/626
f 2664/1591/627 2666/1593/628 2665/1594/628 2663/1592/627
f 2666/1593/628 2668/1595/629 2667/322/629 2665/1594/628
f 2668/1595/629 2670/1596/630 2669/1597/630 2667/322/629
f 2670/1596/630 2672/1598/631 2671/1599/631 2669/1597/630
f 2672/1598/631 2674/1600/632 2673/1601/632 2671/1599/631
f 2674/1600/632 2676/1602/633 2675/1603/633 2673/1601/632
f 2676/1602/633 2678/1604/634 2677/281/634 2675/1603/633
f 2678/1604/634 2680/1605/635 2679/1606/635 2677/281/634
f 2680/1605/635 2682/1607/636 2681/1608/636 2679/1606/635
f 2682/1607/636 2684/1609/637 2683/1610/637 2681/1608/636
f 2684/1609/637 2686/1611/638 2685/1612/638 2683/1610/637
f 2686/1611/638 2688/1613/639 2687/290/639 2685/1612/638
f 2688/1613/639 2690/1614/640 2689/1615/640 2687/290/639
f 2690/1614/640 2692/1616/641 2691/1617/641 2689/1615/640
f 2692/1616/641 2694/1618/642 2693/1619/642 2691/1617/641
f 2694/1618/642 2696/1620/643 2695/1621/643 2693/1619/642
f 2696/1620/643 2698/1622/644 2697/296/644 2695/1621/643
f 2698/1622/644 2700/1623/645 2699/1624/645 2697/296/644
f 2700/1623/645 2702/1625/646 2701/1626/646 2699/1624/645
f 2702/1625/646 2704/1627/647 2703/1628/647 2701/1626/646
f 2704/1627/647 2706/1629/648 2705/1630/648 2703/1628/647
f 2706/1629/648 2658/758/624 2657/27/624 2705/1630/648
f 2708/660/649 2710/1631/650 2709/306/650 2707/29/649
f 2710/1631/650 2712/1632/651 2711/308/651 2709/306/650
f 2712/1632/651 2714/1633/652 2713/309/652 2711/308/651
f 2714/1633/652 2716/1634/653 2715/311/653 2713/309/652
f 2716/1634/653 2718/1635/654 2717/313/654 2715/311/653
f 2718/1635/654 2720/1636/655 2719/314/655 2717/313/654
f 2720/1636/655 2722/1637/656 2721/316/656 2719/314/655
f 2722/1637/656 2724/1638/657 2723/317/657 2721/316/656
f 2724/1638/657 2726/1639/658 2725/319/658 2723/317/657
f 2726/1639/658 2728/1640/659 2727/321/659 2725/319/658
f 2728/1640/659 2730/1595/660 2729/322/660 2727/321/659
f 2730/1595/660 2732/1641/661 2731/323/661 2729/322/660
f 2732/1641/661 2734/1642/662 2733/320/662 2731/323/661
f 2734/1642/662 2736/1643/663 2735/318/663 2733/320/662
f 2736/1643/663 2738/1644/664 2737/315/664 2735/318/663
f 2738/1644/664 2740/1645/665 2739/312/665 2737/315/664
f 2740/1645/665 2742/1646/666 2741/310/666 2739/312/665
f 2742/1646/666 2744/1647/667 2743/307/667 2741/310/666
f 2744/1647/667 2746/1648/668 2745/299/668 2743/307/667
f 2746/1648/668 2748/1649/669 2747/291/669 2745/299/668
f 2748/1649/669 2750/1650/670 2749/286/670 2747/291/669
f 2750/1650/670 2752/1604/671 2751/281/671 2749/286/670
f 2752/1604/671 2754/1651/672 2753/278/672 2751/281/671
f 2754/1651/672 2756/1652/673 2755/270/673 2753/278/672
f 2756/1652/673 2758/1653/674 2757/272/674 2755/270/673
f 2758/1653/674 2760/1654/675 2759/271/675 2757/272/674
f 2760/1654/675 2762/1655/676 2761/273/676 2759/271/675
f 2762/1655/676 2764/1656/677 2763/279/677 2761/273/676
f 2764/1656/677 2766/1657/678 2765/280/678 2763/279/677
f 2766/1657/678 2768/1658/679 2767/282/679 2765/280/678
f 2768/1658/679 2770/1659/680 2769/284/680 2767/282/679
f 2770/1659/680 2772/1660/681 2771/287/681 2769/284/680
f 2772/1660/681 2774/1613/682 2773/290/682 2771/287/681
f 2774/1613/682 2776/1661/683 2775/293/683 2773/290/682
f 2776/1661/683 2778/1662/684 2777/295/684 2775/293/683
f 2778/1662/684 2780/1663/685 2779/297/685 2777/295/684
f 2780/1663/685 2782/1664/686 2781/301/686 2779/297/685
f 2782/1664/686 2784/1665/687 2783/303/687 2781/301/686
f 2784/1665/687 2786/1666/688 2785/305/688 2783/303/687
f 2786/1666/688 2788/1667/410 2787/304/410 2785/305/688
f 2788/1667/410 2790/1668/689 2789/302/689 2787/304/410
f 2790/1668/689 2792/1669/690 2791/300/690 2789/302/689
f 2792/1669/690 2794/1670/691 2793/298/691 2791/300/690
f 2794/1670/691 2796/1622/692 2795/296/692 2793/298/691
f 2796/1622/692 2798/1671/693 2797/294/693 2795/296/692
f 2798/1671/693 2800/1672/694 2799/292/694 2797/294/693
f 2800/1672/694 2802/1673/695 2801/289/695 2799/292/694
f 2802/1673/695 2804/1674/696 2803/288/696 2801/289/695
f 2804/1674/696 2806/1675/697 2805/285/697 2803/288/696
f 2806/1675/697 2808/1676/698 2807/283/698 2805/285/697
f 2808/1676/698 2810/1677/239 2809/274/239 2807/283/698
f 2810/1677/239 2812/1678/240 2811/276/240 2809/274/239
f 2812/1678/240 2814/1679/266 2813/275/266 2811/276/240
f 2814/1679/266 2816/1680/267 2815/277/267 2813/275/266
f 2816/1680/267 2708/758/649 2707/27/649 2815/277/267
