# Blender 5.0.1
# www.blender.org
o Cube.002
v -1.000000 0.000000 1.000000
v -1.000000 0.431534 1.000000
v -1.000000 0.000000 -1.000000
v -1.000000 0.431534 -1.000000
v 1.000000 0.000000 1.000000
v 1.000000 0.431534 1.000000
v 1.000000 0.000000 -1.000000
v 1.000000 0.431534 -1.000000
v 0.752761 0.597806 -0.840409
v 0.753665 0.597806 -0.841318
v 0.750184 0.597806 -0.854903
v 0.747518 0.597806 -0.867605
v 0.745647 0.597806 -0.879448
v 0.744552 0.597806 -0.890454
v 0.744216 0.597806 -0.900643
v 0.744618 0.597806 -0.910039
v 0.745739 0.597806 -0.918664
v 0.747562 0.597806 -0.926538
v 0.750066 0.597806 -0.933685
v 0.753233 0.597806 -0.940126
v 0.757044 0.597806 -0.945883
v 0.761480 0.597806 -0.950979
v 0.765689 0.597806 -0.954891
v 0.770191 0.597806 -0.958451
v 0.774996 0.597806 -0.961667
v 0.780114 0.597806 -0.964544
v 0.785553 0.597806 -0.967088
v 0.791324 0.597806 -0.969306
v 0.797436 0.597806 -0.971204
v 0.803898 0.597806 -0.972789
v 0.810719 0.597806 -0.974066
v 0.817910 0.597806 -0.975043
v 0.825479 0.597806 -0.975725
v 0.833436 0.597806 -0.976119
v 0.847201 0.597806 -0.919984
v 0.841207 0.597806 -0.919704
v 0.835265 0.597806 -0.919142
v 0.829424 0.597806 -0.918315
v 0.823735 0.597806 -0.917243
v 0.818248 0.597806 -0.915946
v 0.813013 0.597806 -0.914442
v 0.808081 0.597806 -0.912749
v 0.803502 0.597806 -0.910888
v 0.799326 0.597806 -0.908878
v 0.795603 0.597806 -0.906736
v 0.792385 0.597806 -0.904483
v 0.789720 0.597806 -0.902137
v 0.783530 0.597806 -0.894777
v 0.778723 0.597806 -0.886641
v 0.775283 0.597806 -0.877855
v 0.773195 0.597806 -0.868544
v 0.772443 0.597806 -0.858835
v 0.773009 0.597806 -0.848853
v 0.774878 0.597806 -0.838724
v 0.778034 0.597806 -0.828574
v 0.782461 0.597806 -0.818529
v 0.788142 0.597806 -0.808714
v 0.795062 0.597806 -0.799255
v 0.803204 0.597806 -0.790278
v 0.909997 0.597806 -0.684143
v 0.869802 0.597806 -0.643698
v 0.665758 0.597806 -0.846483
v 0.705954 0.597806 -0.886928
v 0.797979 0.597806 -0.603599
v 0.795518 0.597806 -0.594016
v 0.792698 0.597806 -0.584777
v 0.789471 0.597806 -0.575829
v 0.785790 0.597806 -0.567119
v 0.781609 0.597806 -0.558593
v 0.776879 0.597806 -0.550198
v 0.771555 0.597806 -0.541879
v 0.765589 0.597806 -0.533584
v 0.758934 0.597806 -0.525258
v 0.751543 0.597806 -0.516848
v 0.743369 0.597806 -0.508301
v 0.727089 0.597806 -0.494041
v 0.709989 0.597806 -0.482978
v 0.692264 0.597806 -0.474971
v 0.674105 0.597806 -0.469880
v 0.655705 0.597806 -0.467562
v 0.637256 0.597806 -0.467878
v 0.618950 0.597806 -0.470686
v 0.600979 0.597806 -0.475845
v 0.583537 0.597806 -0.483214
v 0.566815 0.597806 -0.492653
v 0.551006 0.597806 -0.504020
v 0.536301 0.597806 -0.517174
v 0.522076 0.597806 -0.532904
v 0.510303 0.597806 -0.549285
v 0.500983 0.597806 -0.566163
v 0.494115 0.597806 -0.583389
v 0.489700 0.597806 -0.600811
v 0.487740 0.597806 -0.618278
v 0.488233 0.597806 -0.635640
v 0.491182 0.597806 -0.652745
v 0.496586 0.597806 -0.669443
v 0.504445 0.597806 -0.685582
v 0.514760 0.597806 -0.701011
v 0.527533 0.597806 -0.715579
v 0.541324 0.597806 -0.727920
v 0.555794 0.597806 -0.737863
v 0.570897 0.597806 -0.745352
v 0.586589 0.597806 -0.750327
v 0.602824 0.597806 -0.752730
v 0.619556 0.597806 -0.752503
v 0.636740 0.597806 -0.749588
v 0.654330 0.597806 -0.743926
v 0.672282 0.597806 -0.735458
v 0.690549 0.597806 -0.724127
v 0.709086 0.597806 -0.709874
v 0.727848 0.597806 -0.692641
v 0.585131 0.597806 -0.549038
v 0.596763 0.597806 -0.541335
v 0.608269 0.597806 -0.535143
v 0.619641 0.597806 -0.530464
v 0.630872 0.597806 -0.527299
v 0.641953 0.597806 -0.525650
v 0.652877 0.597806 -0.525519
v 0.663636 0.597806 -0.526907
v 0.674222 0.597806 -0.529816
v 0.684627 0.597806 -0.534247
v 0.694843 0.597806 -0.540201
v 0.704863 0.597806 -0.547681
v 0.714678 0.597806 -0.556687
v 0.720560 0.597806 -0.562982
v 0.726023 0.597806 -0.569592
v 0.731082 0.597806 -0.576516
v 0.735753 0.597806 -0.583751
v 0.740052 0.597806 -0.591292
v 0.743994 0.597806 -0.599137
v 0.747596 0.597806 -0.607284
v 0.750872 0.597806 -0.615728
v 0.753840 0.597806 -0.624467
v 0.756514 0.597806 -0.633498
v 0.758910 0.597806 -0.642818
v 0.761045 0.597806 -0.652423
v 0.800127 0.597806 -0.613582
v 0.653134 0.597806 -0.686056
v 0.644819 0.597806 -0.691654
v 0.636394 0.597806 -0.696081
v 0.627907 0.597806 -0.699328
v 0.619404 0.597806 -0.701386
v 0.610934 0.597806 -0.702246
v 0.602543 0.597806 -0.701897
v 0.594278 0.597806 -0.700332
v 0.586187 0.597806 -0.697540
v 0.578317 0.597806 -0.693512
v 0.570715 0.597806 -0.688239
v 0.563428 0.597806 -0.681712
v 0.556381 0.597806 -0.673868
v 0.550588 0.597806 -0.665801
v 0.546039 0.597806 -0.657526
v 0.542722 0.597806 -0.649062
v 0.540627 0.597806 -0.640426
v 0.539741 0.597806 -0.631634
v 0.540055 0.597806 -0.622705
v 0.541557 0.597806 -0.613654
v 0.544235 0.597806 -0.604501
v 0.548080 0.597806 -0.595261
v 0.553079 0.597806 -0.585953
v 0.559223 0.597806 -0.576593
v 0.661292 0.597806 -0.679297
v 0.441865 0.597806 -0.522137
v 0.433339 0.597806 -0.519972
v 0.425475 0.597806 -0.517652
v 0.418215 0.597806 -0.515164
v 0.411503 0.597806 -0.512495
v 0.405283 0.597806 -0.509633
v 0.399497 0.597806 -0.506564
v 0.394089 0.597806 -0.503277
v 0.389004 0.597806 -0.499757
v 0.384183 0.597806 -0.495993
v 0.379570 0.597806 -0.491972
v 0.375110 0.597806 -0.487680
v 0.366777 0.597806 -0.478157
v 0.360069 0.597806 -0.468056
v 0.354986 0.597806 -0.457476
v 0.351528 0.597806 -0.446515
v 0.349694 0.597806 -0.435268
v 0.349484 0.597806 -0.423835
v 0.350897 0.597806 -0.412313
v 0.353935 0.597806 -0.400798
v 0.358595 0.597806 -0.389390
v 0.364878 0.597806 -0.378184
v 0.372783 0.597806 -0.367280
v 0.382311 0.597806 -0.356773
v 0.393078 0.597806 -0.347187
v 0.404200 0.597806 -0.339418
v 0.415603 0.597806 -0.333453
v 0.427213 0.597806 -0.329277
v 0.438956 0.597806 -0.326876
v 0.450758 0.597806 -0.326235
v 0.462545 0.597806 -0.327340
v 0.474243 0.597806 -0.330177
v 0.485778 0.597806 -0.334732
v 0.497077 0.597806 -0.340989
v 0.508066 0.597806 -0.348935
v 0.518671 0.597806 -0.358555
v 0.522850 0.597806 -0.362950
v 0.526821 0.597806 -0.367513
v 0.530598 0.597806 -0.372260
v 0.534201 0.597806 -0.377211
v 0.537645 0.597806 -0.382381
v 0.540949 0.597806 -0.387788
v 0.544129 0.597806 -0.393450
v 0.547203 0.597806 -0.399383
v 0.550188 0.597806 -0.405606
v 0.553102 0.597806 -0.412135
v 0.555961 0.597806 -0.418988
v 0.558782 0.597806 -0.426182
v 0.598773 0.597806 -0.386438
v 0.596710 0.597806 -0.381225
v 0.594144 0.597806 -0.375612
v 0.591116 0.597806 -0.369673
v 0.587669 0.597806 -0.363483
v 0.583845 0.597806 -0.357116
v 0.579686 0.597806 -0.350645
v 0.575235 0.597806 -0.344146
v 0.570533 0.597806 -0.337691
v 0.565623 0.597806 -0.331355
v 0.560548 0.597806 -0.325211
v 0.555349 0.597806 -0.319336
v 0.550069 0.597806 -0.313801
v 0.534464 0.597806 -0.299831
v 0.518020 0.597806 -0.288369
v 0.500907 0.597806 -0.279416
v 0.483296 0.597806 -0.272971
v 0.465357 0.597806 -0.269037
v 0.447258 0.597806 -0.267612
v 0.429171 0.597806 -0.268698
v 0.411265 0.597806 -0.272295
v 0.393709 0.597806 -0.278404
v 0.376675 0.597806 -0.287025
v 0.360331 0.597806 -0.298159
v 0.344847 0.597806 -0.311806
v 0.329354 0.597806 -0.328803
v 0.316509 0.597806 -0.346292
v 0.306318 0.597806 -0.364155
v 0.298788 0.597806 -0.382271
v 0.293925 0.597806 -0.400522
v 0.291737 0.597806 -0.418786
v 0.292229 0.597806 -0.436946
v 0.295409 0.597806 -0.454882
v 0.301283 0.597806 -0.472473
v 0.309857 0.597806 -0.489601
v 0.321140 0.597806 -0.506146
v 0.335136 0.597806 -0.521988
v 0.340966 0.597806 -0.527629
v 0.346735 0.597806 -0.532771
v 0.352474 0.597806 -0.537459
v 0.358214 0.597806 -0.541741
v 0.363986 0.597806 -0.545665
v 0.369823 0.597806 -0.549278
v 0.375754 0.597806 -0.552626
v 0.381812 0.597806 -0.555758
v 0.388028 0.597806 -0.558721
v 0.394433 0.597806 -0.561561
v 0.401059 0.597806 -0.564326
v 0.407936 0.597806 -0.567064
v 0.451108 0.597806 -0.524159
v 0.329937 0.597806 -0.152290
v 0.330033 0.597806 -0.143568
v 0.329599 0.597806 -0.134882
v 0.328652 0.597806 -0.126285
v 0.327208 0.597806 -0.117833
v 0.325286 0.597806 -0.109581
v 0.322902 0.597806 -0.101584
v 0.320074 0.597806 -0.093897
v 0.316818 0.597806 -0.086575
v 0.313152 0.597806 -0.079673
v 0.309092 0.597806 -0.073247
v 0.304657 0.597806 -0.067351
v 0.299863 0.597806 -0.062041
v 0.289241 0.597806 -0.052575
v 0.277979 0.597806 -0.044877
v 0.266161 0.597806 -0.038980
v 0.253871 0.597806 -0.034918
v 0.241191 0.597806 -0.032723
v 0.228204 0.597806 -0.032428
v 0.214994 0.597806 -0.034068
v 0.201645 0.597806 -0.037676
v 0.188239 0.597806 -0.043284
v 0.174860 0.597806 -0.050926
v 0.161591 0.597806 -0.060636
v 0.148515 0.597806 -0.072446
v 0.021726 0.597806 -0.198452
v 0.061922 0.597806 -0.238897
v 0.191437 0.597806 -0.110181
v 0.198628 0.597806 -0.103617
v 0.205875 0.597806 -0.098162
v 0.213163 0.597806 -0.093826
v 0.220475 0.597806 -0.090622
v 0.227797 0.597806 -0.088564
v 0.235112 0.597806 -0.087664
v 0.242404 0.597806 -0.087934
v 0.249658 0.597806 -0.089387
v 0.256858 0.597806 -0.092035
v 0.263989 0.597806 -0.095892
v 0.271034 0.597806 -0.100968
v 0.277977 0.597806 -0.107278
v 0.282265 0.597806 -0.112008
v 0.286093 0.597806 -0.117098
v 0.289454 0.597806 -0.122533
v 0.292342 0.597806 -0.128296
v 0.294751 0.597806 -0.134373
v 0.296675 0.597806 -0.140747
v 0.298106 0.597806 -0.147403
v 0.299040 0.597806 -0.154325
v 0.299470 0.597806 -0.161497
v 0.299390 0.597806 -0.168903
v 0.298792 0.597806 -0.176528
v 0.297672 0.597806 -0.184356
v 0.151797 0.597806 -0.329331
v 0.191993 0.597806 -0.369776
v 0.396036 0.597806 -0.166991
v 0.355840 0.597806 -0.126546
v 0.086666 0.597806 0.144300
v 0.071164 0.597806 0.158195
v 0.054993 0.597806 0.169437
v 0.038266 0.597806 0.178031
v 0.021097 0.597806 0.183984
v 0.003599 0.597806 0.187302
v -0.014114 0.597806 0.187990
v -0.031931 0.597806 0.186055
v -0.049736 0.597806 0.181502
v -0.067417 0.597806 0.174337
v -0.084861 0.597806 0.164567
v -0.101955 0.597806 0.152197
v -0.118584 0.597806 0.137233
v -0.132128 0.597806 0.122052
v -0.143219 0.597806 0.105980
v -0.151854 0.597806 0.089193
v -0.158033 0.597806 0.071865
v -0.161753 0.597806 0.054171
v -0.163011 0.597806 0.036285
v -0.161807 0.597806 0.018383
v -0.158136 0.597806 0.000637
v -0.151998 0.597806 -0.016776
v -0.143391 0.597806 -0.033682
v -0.132311 0.597806 -0.049907
v -0.118758 0.597806 -0.065276
v -0.115339 0.597806 -0.068620
v -0.111842 0.597806 -0.071844
v -0.108248 0.597806 -0.074957
v -0.104535 0.597806 -0.077972
v -0.100683 0.597806 -0.080899
v -0.096673 0.597806 -0.083749
v -0.092482 0.597806 -0.086534
v -0.088092 0.597806 -0.089265
v -0.083482 0.597806 -0.091952
v -0.078631 0.597806 -0.094607
v -0.073518 0.597806 -0.097241
v -0.068124 0.597806 -0.099864
v -0.178099 0.597806 -0.209160
v -0.137903 0.597806 -0.249605
v 0.172025 0.597806 0.058411
v -0.036846 0.597806 -0.062129
v -0.041230 0.597806 -0.060054
v -0.045399 0.597806 -0.057943
v -0.049380 0.597806 -0.055776
v -0.053196 0.597806 -0.053533
v -0.056874 0.597806 -0.051197
v -0.060438 0.597806 -0.048748
v -0.063914 0.597806 -0.046166
v -0.067327 0.597806 -0.043434
v -0.070701 0.597806 -0.040533
v -0.074062 0.597806 -0.037442
v -0.077435 0.597806 -0.034144
v -0.086295 0.597806 -0.024071
v -0.093454 0.597806 -0.013456
v -0.098913 0.597806 -0.002393
v -0.102672 0.597806 0.009023
v -0.104731 0.597806 0.020699
v -0.105090 0.597806 0.032539
v -0.103751 0.597806 0.044449
v -0.100713 0.597806 0.056335
v -0.095976 0.597806 0.068102
v -0.089541 0.597806 0.079657
v -0.081408 0.597806 0.090905
v -0.071578 0.597806 0.101750
v -0.061915 0.597806 0.110695
v -0.052022 0.597806 0.118480
v -0.041909 0.597806 0.124983
v -0.031589 0.597806 0.130084
v -0.021071 0.597806 0.133662
v -0.010369 0.597806 0.135596
v 0.000507 0.597806 0.135764
v 0.011546 0.597806 0.134045
v 0.022736 0.597806 0.130319
v 0.034066 0.597806 0.124463
v 0.045524 0.597806 0.116358
v 0.057099 0.597806 0.105883
v 0.097746 0.597806 0.064983
v -0.032223 0.597806 -0.064185
v -0.137222 0.597806 0.192808
v -0.125184 0.597806 0.210164
v -0.115868 0.597806 0.228201
v -0.109268 0.597806 0.246756
v -0.105380 0.597806 0.265666
v -0.104197 0.597806 0.284767
v -0.105713 0.597806 0.303895
v -0.109922 0.597806 0.322886
v -0.116819 0.597806 0.341578
v -0.126398 0.597806 0.359806
v -0.138654 0.597806 0.377406
v -0.153579 0.597806 0.394216
v -0.169709 0.597806 0.408585
v -0.186805 0.597806 0.420335
v -0.204678 0.597806 0.429471
v -0.223135 0.597806 0.435994
v -0.241983 0.597806 0.439907
v -0.261031 0.597806 0.441212
v -0.280088 0.597806 0.439912
v -0.298960 0.597806 0.436010
v -0.317457 0.597806 0.429508
v -0.335386 0.597806 0.420409
v -0.352556 0.597806 0.408715
v -0.368774 0.597806 0.394429
v -0.382186 0.597806 0.379199
v -0.393111 0.597806 0.362789
v -0.401551 0.597806 0.345425
v -0.407507 0.597806 0.327331
v -0.410978 0.597806 0.308732
v -0.411966 0.597806 0.289853
v -0.410473 0.597806 0.270920
v -0.406497 0.597806 0.252156
v -0.400042 0.597806 0.233788
v -0.391107 0.597806 0.216039
v -0.379694 0.597806 0.199136
v -0.365803 0.597806 0.183302
v -0.349372 0.597806 0.168557
v -0.332050 0.597806 0.156363
v -0.314028 0.597806 0.146729
v -0.295498 0.597806 0.139660
v -0.276651 0.597806 0.135163
v -0.257680 0.597806 0.133246
v -0.238777 0.597806 0.133916
v -0.220133 0.597806 0.137178
v -0.201940 0.597806 0.143041
v -0.184391 0.597806 0.151510
v -0.167676 0.597806 0.162594
v -0.151988 0.597806 0.176298
v -0.316646 0.597806 0.362942
v -0.305212 0.597806 0.371091
v -0.293472 0.597806 0.377525
v -0.281525 0.597806 0.382246
v -0.269470 0.597806 0.385254
v -0.257406 0.597806 0.386553
v -0.245433 0.597806 0.386143
v -0.233648 0.597806 0.384027
v -0.222152 0.597806 0.380207
v -0.211044 0.597806 0.374684
v -0.200422 0.597806 0.367461
v -0.190386 0.597806 0.358540
v -0.180670 0.597806 0.347639
v -0.172750 0.597806 0.336347
v -0.166628 0.597806 0.324736
v -0.162305 0.597806 0.312880
v -0.159781 0.597806 0.300854
v -0.159059 0.597806 0.288731
v -0.160140 0.597806 0.276585
v -0.163025 0.597806 0.264491
v -0.167715 0.597806 0.252521
v -0.174212 0.597806 0.240751
v -0.182518 0.597806 0.229254
v -0.192633 0.597806 0.218104
v -0.202872 0.597806 0.209112
v -0.213737 0.597806 0.201784
v -0.225108 0.597806 0.196118
v -0.236860 0.597806 0.192115
v -0.248871 0.597806 0.189774
v -0.261019 0.597806 0.189094
v -0.273180 0.597806 0.190076
v -0.285233 0.597806 0.192718
v -0.297053 0.597806 0.197021
v -0.308520 0.597806 0.202983
v -0.319509 0.597806 0.210606
v -0.329899 0.597806 0.219888
v -0.338571 0.597806 0.229785
v -0.345621 0.597806 0.240310
v -0.351052 0.597806 0.251340
v -0.354868 0.597806 0.262752
v -0.357073 0.597806 0.274423
v -0.357669 0.597806 0.286231
v -0.356661 0.597806 0.298052
v -0.354052 0.597806 0.309765
v -0.349845 0.597806 0.321247
v -0.344044 0.597806 0.332374
v -0.336653 0.597806 0.343024
v -0.327675 0.597806 0.353075
v -0.545691 0.597806 0.466104
v -0.544788 0.597806 0.465195
v -0.548269 0.597806 0.451611
v -0.550935 0.597806 0.438908
v -0.552806 0.597806 0.427065
v -0.553900 0.597806 0.416060
v -0.554237 0.597806 0.405870
v -0.553835 0.597806 0.396474
v -0.552713 0.597806 0.387850
v -0.550891 0.597806 0.379975
v -0.548387 0.597806 0.372828
v -0.545219 0.597806 0.366387
v -0.541408 0.597806 0.360630
v -0.536972 0.597806 0.355535
v -0.532764 0.597806 0.351623
v -0.528262 0.597806 0.348062
v -0.523457 0.597806 0.344846
v -0.518339 0.597806 0.341970
v -0.512899 0.597806 0.339426
v -0.507128 0.597806 0.337207
v -0.501017 0.597806 0.335309
v -0.494555 0.597806 0.333725
v -0.487733 0.597806 0.332447
v -0.480543 0.597806 0.331471
v -0.472974 0.597806 0.330789
v -0.465017 0.597806 0.330395
v -0.451252 0.597806 0.386529
v -0.457245 0.597806 0.386809
v -0.463188 0.597806 0.387372
v -0.469028 0.597806 0.388198
v -0.474717 0.597806 0.389270
v -0.480204 0.597806 0.390567
v -0.485439 0.597806 0.392072
v -0.490371 0.597806 0.393764
v -0.494950 0.597806 0.395625
v -0.499126 0.597806 0.397636
v -0.502849 0.597806 0.399777
v -0.506068 0.597806 0.402030
v -0.508733 0.597806 0.404376
v -0.514923 0.597806 0.411736
v -0.519730 0.597806 0.419872
v -0.523169 0.597806 0.428658
v -0.525257 0.597806 0.437969
v -0.526010 0.597806 0.447678
v -0.525444 0.597806 0.457660
v -0.523574 0.597806 0.467789
v -0.520418 0.597806 0.477939
v -0.515992 0.597806 0.487985
v -0.510310 0.597806 0.497800
v -0.503391 0.597806 0.507259
v -0.495248 0.597806 0.516236
v -0.388455 0.597806 0.622370
v -0.428651 0.597806 0.662815
v -0.632694 0.597806 0.460031
v -0.592498 0.597806 0.419586
v -0.855383 0.597806 0.473959
v -0.838448 0.597806 0.461668
v -0.821544 0.597806 0.452312
v -0.804760 0.597806 0.445764
v -0.788181 0.597806 0.441897
v -0.771895 0.597806 0.440584
v -0.755988 0.597806 0.441698
v -0.740547 0.597806 0.445112
v -0.725660 0.597806 0.450698
v -0.711413 0.597806 0.458330
v -0.697893 0.597806 0.467880
v -0.685188 0.597806 0.479221
v -0.673946 0.597806 0.491755
v -0.664613 0.597806 0.505146
v -0.657308 0.597806 0.519321
v -0.652147 0.597806 0.534205
v -0.649249 0.597806 0.549726
v -0.648733 0.597806 0.565809
v -0.650716 0.597806 0.582381
v -0.655318 0.597806 0.599369
v -0.662655 0.597806 0.616699
v -0.672847 0.597806 0.634297
v -0.686011 0.597806 0.652090
v -0.702266 0.597806 0.670004
v -0.748333 0.597806 0.716357
v -0.614273 0.597806 0.849590
v -0.658533 0.597806 0.894125
v -0.968461 0.597806 0.586109
v -0.872263 0.597806 0.489314
v -0.738192 0.597806 0.626170
v -0.730566 0.597806 0.617764
v -0.724185 0.597806 0.609165
v -0.719067 0.597806 0.600422
v -0.715227 0.597806 0.591584
v -0.712684 0.597806 0.582700
v -0.711454 0.597806 0.573818
v -0.711555 0.597806 0.564987
v -0.713004 0.597806 0.556257
v -0.715818 0.597806 0.547675
v -0.720014 0.597806 0.539292
v -0.725609 0.597806 0.531154
v -0.732620 0.597806 0.523313
v -0.738587 0.597806 0.517910
v -0.745100 0.597806 0.513089
v -0.752124 0.597806 0.508996
v -0.759622 0.597806 0.505778
v -0.767558 0.597806 0.503581
v -0.775894 0.597806 0.502550
v -0.784594 0.597806 0.502833
v -0.793621 0.597806 0.504574
v -0.802939 0.597806 0.507922
v -0.812511 0.597806 0.513020
v -0.822301 0.597806 0.520017
v -0.832272 0.597806 0.529058
v -0.884210 0.597806 0.581318
v -0.788323 0.597806 0.676613
v 0.752761 0.456853 -0.840409
v 0.753665 0.456853 -0.841318
v 0.750184 0.456853 -0.854903
v 0.747518 0.456853 -0.867605
v 0.745647 0.456853 -0.879448
v 0.744552 0.456853 -0.890454
v 0.744216 0.456853 -0.900643
v 0.744618 0.456853 -0.910039
v 0.745739 0.456853 -0.918664
v 0.747562 0.456853 -0.926538
v 0.750066 0.456853 -0.933685
v 0.753233 0.456853 -0.940126
v 0.757044 0.456853 -0.945883
v 0.761480 0.456853 -0.950979
v 0.765689 0.456853 -0.954891
v 0.770191 0.456853 -0.958451
v 0.774996 0.456853 -0.961667
v 0.780114 0.456853 -0.964544
v 0.785553 0.456853 -0.967088
v 0.791324 0.456853 -0.969306
v 0.797436 0.456853 -0.971204
v 0.803898 0.456853 -0.972789
v 0.810719 0.456853 -0.974066
v 0.817910 0.456853 -0.975043
v 0.825479 0.456853 -0.975725
v 0.833436 0.456853 -0.976119
v 0.847201 0.456853 -0.919984
v 0.841207 0.456853 -0.919704
v 0.835265 0.456853 -0.919142
v 0.829424 0.456853 -0.918315
v 0.823735 0.456853 -0.917243
v 0.818248 0.456853 -0.915946
v 0.813013 0.456853 -0.914442
v 0.808081 0.456853 -0.912749
v 0.803502 0.456853 -0.910888
v 0.799326 0.456853 -0.908878
v 0.795603 0.456853 -0.906736
v 0.792385 0.456853 -0.904483
v 0.789720 0.456853 -0.902137
v 0.783530 0.456853 -0.894777
v 0.778723 0.456853 -0.886641
v 0.775283 0.456853 -0.877855
v 0.773195 0.456853 -0.868544
v 0.772443 0.456853 -0.858835
v 0.773009 0.456853 -0.848853
v 0.774878 0.456853 -0.838724
v 0.778034 0.456853 -0.828574
v 0.782461 0.456853 -0.818529
v 0.788142 0.456853 -0.808714
v 0.795062 0.456853 -0.799255
v 0.803204 0.456853 -0.790278
v 0.909997 0.456853 -0.684143
v 0.869802 0.456853 -0.643698
v 0.665758 0.456853 -0.846483
v 0.705954 0.456853 -0.886928
v 0.797979 0.456853 -0.603599
v 0.795518 0.456853 -0.594016
v 0.792698 0.456853 -0.584777
v 0.789471 0.456853 -0.575829
v 0.785790 0.456853 -0.567119
v 0.781609 0.456853 -0.558593
v 0.776879 0.456853 -0.550198
v 0.771555 0.456853 -0.541879
v 0.765589 0.456853 -0.533584
v 0.758934 0.456853 -0.525258
v 0.751543 0.456853 -0.516848
v 0.743369 0.456853 -0.508301
v 0.727089 0.456853 -0.494041
v 0.709989 0.456853 -0.482978
v 0.692264 0.456853 -0.474971
v 0.674105 0.456853 -0.469880
v 0.655705 0.456853 -0.467562
v 0.637256 0.456853 -0.467878
v 0.618950 0.456853 -0.470686
v 0.600979 0.456853 -0.475845
v 0.583537 0.456853 -0.483214
v 0.566815 0.456853 -0.492653
v 0.551006 0.456853 -0.504020
v 0.536301 0.456853 -0.517174
v 0.522076 0.456853 -0.532904
v 0.510303 0.456853 -0.549285
v 0.500983 0.456853 -0.566163
v 0.494115 0.456853 -0.583389
v 0.489700 0.456853 -0.600811
v 0.487740 0.456853 -0.618278
v 0.488233 0.456853 -0.635640
v 0.491182 0.456853 -0.652745
v 0.496586 0.456853 -0.669443
v 0.504445 0.456853 -0.685582
v 0.514760 0.456853 -0.701011
v 0.527533 0.456853 -0.715579
v 0.541324 0.456853 -0.727920
v 0.555794 0.456853 -0.737863
v 0.570897 0.456853 -0.745352
v 0.586589 0.456853 -0.750327
v 0.602824 0.456853 -0.752730
v 0.619556 0.456853 -0.752503
v 0.636740 0.456853 -0.749588
v 0.654330 0.456853 -0.743926
v 0.672282 0.456853 -0.735458
v 0.690549 0.456853 -0.724127
v 0.709086 0.456853 -0.709874
v 0.727848 0.456853 -0.692641
v 0.585131 0.456853 -0.549038
v 0.596763 0.456853 -0.541335
v 0.608269 0.456853 -0.535143
v 0.619641 0.456853 -0.530464
v 0.630872 0.456853 -0.527299
v 0.641953 0.456853 -0.525650
v 0.652877 0.456853 -0.525519
v 0.663636 0.456853 -0.526907
v 0.674222 0.456853 -0.529816
v 0.684627 0.456853 -0.534247
v 0.694843 0.456853 -0.540201
v 0.704863 0.456853 -0.547681
v 0.714678 0.456853 -0.556687
v 0.720560 0.456853 -0.562982
v 0.726023 0.456853 -0.569592
v 0.731082 0.456853 -0.576516
v 0.735753 0.456853 -0.583751
v 0.740052 0.456853 -0.591292
v 0.743994 0.456853 -0.599137
v 0.747596 0.456853 -0.607284
v 0.750872 0.456853 -0.615728
v 0.753840 0.456853 -0.624467
v 0.756514 0.456853 -0.633498
v 0.758910 0.456853 -0.642818
v 0.761045 0.456853 -0.652423
v 0.800127 0.456853 -0.613582
v 0.653134 0.456853 -0.686056
v 0.644819 0.456853 -0.691654
v 0.636394 0.456853 -0.696081
v 0.627907 0.456853 -0.699328
v 0.619404 0.456853 -0.701386
v 0.610934 0.456853 -0.702246
v 0.602543 0.456853 -0.701897
v 0.594278 0.456853 -0.700332
v 0.586187 0.456853 -0.697540
v 0.578317 0.456853 -0.693512
v 0.570715 0.456853 -0.688239
v 0.563428 0.456853 -0.681712
v 0.556381 0.456853 -0.673868
v 0.550588 0.456853 -0.665801
v 0.546039 0.456853 -0.657526
v 0.542722 0.456853 -0.649062
v 0.540627 0.456853 -0.640426
v 0.539741 0.456853 -0.631634
v 0.540055 0.456853 -0.622705
v 0.541557 0.456853 -0.613654
v 0.544235 0.456853 -0.604501
v 0.548080 0.456853 -0.595261
v 0.553079 0.456853 -0.585953
v 0.559223 0.456853 -0.576593
v 0.661292 0.456853 -0.679297
v 0.441865 0.456853 -0.522137
v 0.433339 0.456853 -0.519972
v 0.425475 0.456853 -0.517652
v 0.418215 0.456853 -0.515164
v 0.411503 0.456853 -0.512495
v 0.405283 0.456853 -0.509633
v 0.399497 0.456853 -0.506564
v 0.394089 0.456853 -0.503277
v 0.389004 0.456853 -0.499757
v 0.384183 0.456853 -0.495993
v 0.379570 0.456853 -0.491972
v 0.375110 0.456853 -0.487680
v 0.366777 0.456853 -0.478157
v 0.360069 0.456853 -0.468056
v 0.354986 0.456853 -0.457476
v 0.351528 0.456853 -0.446515
v 0.349694 0.456853 -0.435268
v 0.349484 0.456853 -0.423835
v 0.350897 0.456853 -0.412313
v 0.353935 0.456853 -0.400798
v 0.358595 0.456853 -0.389390
v 0.364878 0.456853 -0.378184
v 0.372783 0.456853 -0.367280
v 0.382311 0.456853 -0.356773
v 0.393078 0.456853 -0.347187
v 0.404200 0.456853 -0.339418
v 0.415603 0.456853 -0.333453
v 0.427213 0.456853 -0.329277
v 0.438956 0.456853 -0.326876
v 0.450758 0.456853 -0.326235
v 0.462545 0.456853 -0.327340
v 0.474243 0.456853 -0.330177
v 0.485778 0.456853 -0.334732
v 0.497077 0.456853 -0.340989
v 0.508066 0.456853 -0.348935
v 0.518671 0.456853 -0.358555
v 0.522850 0.456853 -0.362950
v 0.526821 0.456853 -0.367513
v 0.530598 0.456853 -0.372260
v 0.534201 0.456853 -0.377211
v 0.537645 0.456853 -0.382381
v 0.540949 0.456853 -0.387788
v 0.544129 0.456853 -0.393450
v 0.547203 0.456853 -0.399383
v 0.550188 0.456853 -0.405606
v 0.553102 0.456853 -0.412135
v 0.555961 0.456853 -0.418988
v 0.558782 0.456853 -0.426182
v 0.598773 0.456853 -0.386438
v 0.596710 0.456853 -0.381225
v 0.594144 0.456853 -0.375612
v 0.591116 0.456853 -0.369673
v 0.587669 0.456853 -0.363483
v 0.583845 0.456853 -0.357116
v 0.579686 0.456853 -0.350645
v 0.575235 0.456853 -0.344146
v 0.570533 0.456853 -0.337691
v 0.565623 0.456853 -0.331355
v 0.560548 0.456853 -0.325211
v 0.555349 0.456853 -0.319336
v 0.550069 0.456853 -0.313801
v 0.534464 0.456853 -0.299831
v 0.518020 0.456853 -0.288369
v 0.500907 0.456853 -0.279416
v 0.483296 0.456853 -0.272971
v 0.465357 0.456853 -0.269037
v 0.447258 0.456853 -0.267612
v 0.429171 0.456853 -0.268698
v 0.411265 0.456853 -0.272295
v 0.393709 0.456853 -0.278404
v 0.376675 0.456853 -0.287025
v 0.360331 0.456853 -0.298159
v 0.344847 0.456853 -0.311806
v 0.329354 0.456853 -0.328803
v 0.316509 0.456853 -0.346292
v 0.306318 0.456853 -0.364155
v 0.298788 0.456853 -0.382271
v 0.293925 0.456853 -0.400522
v 0.291737 0.456853 -0.418786
v 0.292229 0.456853 -0.436946
v 0.295409 0.456853 -0.454882
v 0.301283 0.456853 -0.472473
v 0.309857 0.456853 -0.489601
v 0.321140 0.456853 -0.506146
v 0.335136 0.456853 -0.521988
v 0.340966 0.456853 -0.527629
v 0.346735 0.456853 -0.532771
v 0.352474 0.456853 -0.537459
v 0.358214 0.456853 -0.541741
v 0.363986 0.456853 -0.545665
v 0.369823 0.456853 -0.549278
v 0.375754 0.456853 -0.552626
v 0.381812 0.456853 -0.555758
v 0.388028 0.456853 -0.558721
v 0.394433 0.456853 -0.561561
v 0.401059 0.456853 -0.564326
v 0.407936 0.456853 -0.567064
v 0.451108 0.456853 -0.524159
v 0.329937 0.456853 -0.152290
v 0.330033 0.456853 -0.143568
v 0.329599 0.456853 -0.134882
v 0.328652 0.456853 -0.126285
v 0.327208 0.456853 -0.117833
v 0.325286 0.456853 -0.109581
v 0.322902 0.456853 -0.101584
v 0.320074 0.456853 -0.093897
v 0.316818 0.456853 -0.086575
v 0.313152 0.456853 -0.079673
v 0.309092 0.456853 -0.073247
v 0.304657 0.456853 -0.067351
v 0.299863 0.456853 -0.062041
v 0.289241 0.456853 -0.052575
v 0.277979 0.456853 -0.044877
v 0.266161 0.456853 -0.038980
v 0.253871 0.456853 -0.034918
v 0.241191 0.456853 -0.032723
v 0.228204 0.456853 -0.032428
v 0.214994 0.456853 -0.034068
v 0.201645 0.456853 -0.037676
v 0.188239 0.456853 -0.043284
v 0.174860 0.456853 -0.050926
v 0.161591 0.456853 -0.060636
v 0.148515 0.456853 -0.072446
v 0.021726 0.456853 -0.198452
v 0.061922 0.456853 -0.238897
v 0.191437 0.456853 -0.110181
v 0.198628 0.456853 -0.103617
v 0.205875 0.456853 -0.098162
v 0.213163 0.456853 -0.093826
v 0.220475 0.456853 -0.090622
v 0.227797 0.456853 -0.088564
v 0.235112 0.456853 -0.087664
v 0.242404 0.456853 -0.087934
v 0.249658 0.456853 -0.089387
v 0.256858 0.456853 -0.092035
v 0.263989 0.456853 -0.095892
v 0.271034 0.456853 -0.100968
v 0.277977 0.456853 -0.107278
v 0.282265 0.456853 -0.112008
v 0.286093 0.456853 -0.117098
v 0.289454 0.456853 -0.122533
v 0.292342 0.456853 -0.128296
v 0.294751 0.456853 -0.134373
v 0.296675 0.456853 -0.140747
v 0.298106 0.456853 -0.147403
v 0.299040 0.456853 -0.154325
v 0.299470 0.456853 -0.161497
v 0.299390 0.456853 -0.168903
v 0.298792 0.456853 -0.176528
v 0.297672 0.456853 -0.184356
v 0.151797 0.456853 -0.329331
v 0.191993 0.456853 -0.369776
v 0.396036 0.456853 -0.166991
v 0.355840 0.456853 -0.126546
v 0.086666 0.456853 0.144300
v 0.071164 0.456853 0.158195
v 0.054993 0.456853 0.169437
v 0.038266 0.456853 0.178031
v 0.021097 0.456853 0.183984
v 0.003599 0.456853 0.187302
v -0.014114 0.456853 0.187990
v -0.031931 0.456853 0.186055
v -0.049736 0.456853 0.181502
v -0.067417 0.456853 0.174337
v -0.084861 0.456853 0.164567
v -0.101955 0.456853 0.152197
v -0.118584 0.456853 0.137233
v -0.132128 0.456853 0.122052
v -0.143219 0.456853 0.105980
v -0.151854 0.456853 0.089193
v -0.158033 0.456853 0.071865
v -0.161753 0.456853 0.054171
v -0.163011 0.456853 0.036285
v -0.161807 0.456853 0.018383
v -0.158136 0.456853 0.000637
v -0.151998 0.456853 -0.016776
v -0.143391 0.456853 -0.033682
v -0.132311 0.456853 -0.049907
v -0.118758 0.456853 -0.065276
v -0.115339 0.456853 -0.068620
v -0.111842 0.456853 -0.071844
v -0.108248 0.456853 -0.074957
v -0.104535 0.456853 -0.077972
v -0.100683 0.456853 -0.080899
v -0.096673 0.456853 -0.083749
v -0.092482 0.456853 -0.086534
v -0.088092 0.456853 -0.089265
v -0.083482 0.456853 -0.091952
v -0.078631 0.456853 -0.094607
v -0.073518 0.456853 -0.097241
v -0.068124 0.456853 -0.099864
v -0.178099 0.456853 -0.209160
v -0.137903 0.456853 -0.249605
v 0.172025 0.456853 0.058411
v -0.036846 0.456853 -0.062129
v -0.041230 0.456853 -0.060054
v -0.045399 0.456853 -0.057943
v -0.049380 0.456853 -0.055776
v -0.053196 0.456853 -0.053533
v -0.056874 0.456853 -0.051197
v -0.060438 0.456853 -0.048748
v -0.063914 0.456853 -0.046166
v -0.067327 0.456853 -0.043434
v -0.070701 0.456853 -0.040533
v -0.074062 0.456853 -0.037442
v -0.077435 0.456853 -0.034144
v -0.086295 0.456853 -0.024071
v -0.093454 0.456853 -0.013456
v -0.098913 0.456853 -0.002393
v -0.102672 0.456853 0.009023
v -0.104731 0.456853 0.020699
v -0.105090 0.456853 0.032539
v -0.103751 0.456853 0.044449
v -0.100713 0.456853 0.056335
v -0.095976 0.456853 0.068102
v -0.089541 0.456853 0.079657
v -0.081408 0.456853 0.090905
v -0.071578 0.456853 0.101750
v -0.061915 0.456853 0.110695
v -0.052022 0.456853 0.118480
v -0.041909 0.456853 0.124983
v -0.031589 0.456853 0.130084
v -0.021071 0.456853 0.133662
v -0.010369 0.456853 0.135596
v 0.000507 0.456853 0.135764
v 0.011546 0.456853 0.134045
v 0.022736 0.456853 0.130319
v 0.034066 0.456853 0.124463
v 0.045524 0.456853 0.116358
v 0.057099 0.456853 0.105883
v 0.097746 0.456853 0.064983
v -0.032223 0.456853 -0.064185
v -0.137222 0.456853 0.192808
v -0.125184 0.456853 0.210164
v -0.115868 0.456853 0.228201
v -0.109268 0.456853 0.246756
v -0.105380 0.456853 0.265666
v -0.104197 0.456853 0.284767
v -0.105713 0.456853 0.303895
v -0.109922 0.456853 0.322886
v -0.116819 0.456853 0.341578
v -0.126398 0.456853 0.359806
v -0.138654 0.456853 0.377406
v -0.153579 0.456853 0.394216
v -0.169709 0.456853 0.408585
v -0.186805 0.456853 0.420335
v -0.204678 0.456853 0.429471
v -0.223135 0.456853 0.435994
v -0.241983 0.456853 0.439907
v -0.261031 0.456853 0.441212
v -0.280088 0.456853 0.439912
v -0.298960 0.456853 0.436010
v -0.317457 0.456853 0.429508
v -0.335386 0.456853 0.420409
v -0.352556 0.456853 0.408715
v -0.368774 0.456853 0.394429
v -0.382186 0.456853 0.379199
v -0.393111 0.456853 0.362789
v -0.401551 0.456853 0.345425
v -0.407507 0.456853 0.327331
v -0.410978 0.456853 0.308732
v -0.411966 0.456853 0.289853
v -0.410473 0.456853 0.270920
v -0.406497 0.456853 0.252156
v -0.400042 0.456853 0.233788
v -0.391107 0.456853 0.216039
v -0.379694 0.456853 0.199136
v -0.365803 0.456853 0.183302
v -0.349372 0.456853 0.168557
v -0.332050 0.456853 0.156363
v -0.314028 0.456853 0.146729
v -0.295498 0.456853 0.139660
v -0.276651 0.456853 0.135163
v -0.257680 0.456853 0.133246
v -0.238777 0.456853 0.133916
v -0.220133 0.456853 0.137178
v -0.201940 0.456853 0.143041
v -0.184391 0.456853 0.151510
v -0.167676 0.456853 0.162594
v -0.151988 0.456853 0.176298
v -0.316646 0.456853 0.362942
v -0.305212 0.456853 0.371091
v -0.293472 0.456853 0.377525
v -0.281525 0.456853 0.382246
v -0.269470 0.456853 0.385254
v -0.257406 0.456853 0.386553
v -0.245433 0.456853 0.386143
v -0.233648 0.456853 0.384027
v -0.222152 0.456853 0.380207
v -0.211044 0.456853 0.374684
v -0.200422 0.456853 0.367461
v -0.190386 0.456853 0.358540
v -0.180670 0.456853 0.347639
v -0.172750 0.456853 0.336347
v -0.166628 0.456853 0.324736
v -0.162305 0.456853 0.312880
v -0.159781 0.456853 0.300854
v -0.159059 0.456853 0.288731
v -0.160140 0.456853 0.276585
v -0.163025 0.456853 0.264491
v -0.167715 0.456853 0.252521
v -0.174212 0.456853 0.240751
v -0.182518 0.456853 0.229254
v -0.192633 0.456853 0.218104
v -0.202872 0.456853 0.209112
v -0.213737 0.456853 0.201784
v -0.225108 0.456853 0.196118
v -0.236860 0.456853 0.192115
v -0.248871 0.456853 0.189774
v -0.261019 0.456853 0.189094
v -0.273180 0.456853 0.190076
v -0.285233 0.456853 0.192718
v -0.297053 0.456853 0.197021
v -0.308520 0.456853 0.202983
v -0.319509 0.456853 0.210606
v -0.329899 0.456853 0.219888
v -0.338571 0.456853 0.229785
v -0.345621 0.456853 0.240310
v -0.351052 0.456853 0.251340
v -0.354868 0.456853 0.262752
v -0.357073 0.456853 0.274423
v -0.357669 0.456853 0.286231
v -0.356661 0.456853 0.298052
v -0.354052 0.456853 0.309765
v -0.349845 0.456853 0.321247
v -0.344044 0.456853 0.332374
v -0.336653 0.456853 0.343024
v -0.327675 0.456853 0.353075
v -0.545691 0.456853 0.466104
v -0.544788 0.456853 0.465195
v -0.548269 0.456853 0.451611
v -0.550935 0.456853 0.438908
v -0.552806 0.456853 0.427065
v -0.553900 0.456853 0.416060
v -0.554237 0.456853 0.405870
v -0.553835 0.456853 0.396474
v -0.552713 0.456853 0.387850
v -0.550891 0.456853 0.379975
v -0.548387 0.456853 0.372828
v -0.545219 0.456853 0.366387
v -0.541408 0.456853 0.360630
v -0.536972 0.456853 0.355535
v -0.532764 0.456853 0.351623
v -0.528262 0.456853 0.348062
v -0.523457 0.456853 0.344846
v -0.518339 0.456853 0.341970
v -0.512899 0.456853 0.339426
v -0.507128 0.456853 0.337207
v -0.501017 0.456853 0.335309
v -0.494555 0.456853 0.333725
v -0.487733 0.456853 0.332447
v -0.480543 0.456853 0.331471
v -0.472974 0.456853 0.330789
v -0.465017 0.456853 0.330395
v -0.451252 0.456853 0.386529
v -0.457245 0.456853 0.386809
v -0.463188 0.456853 0.387372
v -0.469028 0.456853 0.388198
v -0.474717 0.456853 0.389270
v -0.480204 0.456853 0.390567
v -0.485439 0.456853 0.392072
v -0.490371 0.456853 0.393764
v -0.494950 0.456853 0.395625
v -0.499126 0.456853 0.397636
v -0.502849 0.456853 0.399777
v -0.506068 0.456853 0.402030
v -0.508733 0.456853 0.404376
v -0.514923 0.456853 0.411736
v -0.519730 0.456853 0.419872
v -0.523169 0.456853 0.428658
v -0.525257 0.456853 0.437969
v -0.526010 0.456853 0.447678
v -0.525444 0.456853 0.457660
v -0.523574 0.456853 0.467789
v -0.520418 0.456853 0.477939
v -0.515992 0.456853 0.487985
v -0.510310 0.456853 0.497800
v -0.503391 0.456853 0.507259
v -0.495248 0.456853 0.516236
v -0.388455 0.456853 0.622370
v -0.428651 0.456853 0.662815
v -0.632694 0.456853 0.460031
v -0.592498 0.456853 0.419586
v -0.855383 0.456853 0.473959
v -0.838448 0.456853 0.461668
v -0.821544 0.456853 0.452312
v -0.804760 0.456853 0.445764
v -0.788181 0.456853 0.441897
v -0.771895 0.456853 0.440584
v -0.755988 0.456853 0.441698
v -0.740547 0.456853 0.445112
v -0.725660 0.456853 0.450698
v -0.711413 0.456853 0.458330
v -0.697893 0.456853 0.467880
v -0.685188 0.456853 0.479221
v -0.673946 0.456853 0.491755
v -0.664613 0.456853 0.505146
v -0.657308 0.456853 0.519321
v -0.652147 0.456853 0.534205
v -0.649249 0.456853 0.549726
v -0.648733 0.456853 0.565809
v -0.650716 0.456853 0.582381
v -0.655318 0.456853 0.599369
v -0.662655 0.456853 0.616699
v -0.672847 0.456853 0.634297
v -0.686011 0.456853 0.652090
v -0.702266 0.456853 0.670004
v -0.748333 0.456853 0.716357
v -0.614273 0.456853 0.849590
v -0.658533 0.456853 0.894125
v -0.968461 0.456853 0.586109
v -0.872263 0.456853 0.489314
v -0.738192 0.456853 0.626170
v -0.730566 0.456853 0.617764
v -0.724185 0.456853 0.609165
v -0.719067 0.456853 0.600422
v -0.715227 0.456853 0.591584
v -0.712684 0.456853 0.582700
v -0.711454 0.456853 0.573818
v -0.711555 0.456853 0.564987
v -0.713004 0.456853 0.556257
v -0.715818 0.456853 0.547675
v -0.720014 0.456853 0.539292
v -0.725609 0.456853 0.531154
v -0.732620 0.456853 0.523313
v -0.738587 0.456853 0.517910
v -0.745100 0.456853 0.513089
v -0.752124 0.456853 0.508996
v -0.759622 0.456853 0.505778
v -0.767558 0.456853 0.503581
v -0.775894 0.456853 0.502550
v -0.784594 0.456853 0.502833
v -0.793621 0.456853 0.504574
v -0.802939 0.456853 0.507922
v -0.812511 0.456853 0.513020
v -0.822301 0.456853 0.520017
v -0.832272 0.456853 0.529058
v -0.884210 0.456853 0.581318
v -0.788323 0.456853 0.676613
v -0.855383 0.456853 0.473959
v -0.855383 0.597806 0.473959
v -0.838448 0.456853 0.461668
v -0.838448 0.597806 0.461668
v -0.821544 0.456853 0.452312
v -0.821544 0.597806 0.452312
v -0.804760 0.456853 0.445764
v -0.804760 0.597806 0.445764
v -0.788181 0.456853 0.441897
v -0.788181 0.597806 0.441897
v -0.771895 0.456853 0.440584
v -0.771895 0.597806 0.440584
v -0.755988 0.456853 0.441698
v -0.755988 0.597806 0.441698
v -0.740547 0.456853 0.445112
v -0.740547 0.597806 0.445112
v -0.725660 0.456853 0.450698
v -0.725660 0.597806 0.450698
v -0.711413 0.456853 0.458330
v -0.711413 0.597806 0.458330
v -0.697893 0.456853 0.467880
v -0.697893 0.597806 0.467880
v -0.685188 0.456853 0.479221
v -0.685188 0.597806 0.479221
v -0.673946 0.456853 0.491755
v -0.673946 0.597806 0.491755
v -0.664613 0.456853 0.505146
v -0.664613 0.597806 0.505146
v -0.657308 0.456853 0.519321
v -0.657308 0.597806 0.519321
v -0.652147 0.456853 0.534205
v -0.652147 0.597806 0.534205
v -0.649249 0.456853 0.549726
v -0.649249 0.597806 0.549726
v -0.648733 0.456853 0.565809
v -0.648733 0.597806 0.565809
v -0.650716 0.456853 0.582381
v -0.650716 0.597806 0.582381
v -0.655318 0.456853 0.599369
v -0.655318 0.597806 0.599369
v -0.662655 0.456853 0.616699
v -0.662655 0.597806 0.616699
v -0.672847 0.456853 0.634297
v -0.672847 0.597806 0.634297
v -0.686011 0.456853 0.652090
v -0.686011 0.597806 0.652090
v -0.702266 0.456853 0.670004
v -0.702266 0.597806 0.670004
v -0.748333 0.456853 0.716357
v -0.748333 0.597806 0.716357
v -0.614273 0.456853 0.849590
v -0.614273 0.597806 0.849590
v -0.658533 0.456853 0.894125
v -0.658533 0.597806 0.894125
v -0.968461 0.456853 0.586109
v -0.968461 0.597806 0.586109
v -0.872263 0.456853 0.489314
v -0.872263 0.597806 0.489314
v -0.738192 0.456853 0.626170
v -0.738192 0.597806 0.626170
v -0.730566 0.456853 0.617764
v -0.730566 0.597806 0.617764
v -0.724185 0.456853 0.609165
v -0.724185 0.597806 0.609165
v -0.719067 0.456853 0.600422
v -0.719067 0.597806 0.600422
v -0.715227 0.456853 0.591584
v -0.715227 0.597806 0.591584
v -0.712684 0.456853 0.582700
v -0.712684 0.597806 0.582700
v -0.711454 0.456853 0.573818
v -0.711454 0.597806 0.573818
v -0.711555 0.456853 0.564987
v -0.711555 0.597806 0.564987
v -0.713004 0.456853 0.556257
v -0.713004 0.597806 0.556257
v -0.715818 0.456853 0.547675
v -0.715818 0.597806 0.547675
v -0.720014 0.456853 0.539292
v -0.720014 0.597806 0.539292
v -0.725609 0.456853 0.531154
v -0.725609 0.597806 0.531154
v -0.732620 0.456853 0.523313
v -0.732620 0.597806 0.523313
v -0.738587 0.456853 0.517910
v -0.738587 0.597806 0.517910
v -0.745100 0.456853 0.513089
v -0.745100 0.597806 0.513089
v -0.752124 0.456853 0.508996
v -0.752124 0.597806 0.508996
v -0.759622 0.456853 0.505778
v -0.759622 0.597806 0.505778
v -0.767558 0.456853 0.503581
v -0.767558 0.597806 0.503581
v -0.775894 0.456853 0.502550
v -0.775894 0.597806 0.502550
v -0.784594 0.456853 0.502833
v -0.784594 0.597806 0.502833
v -0.793621 0.456853 0.504574
v -0.793621 0.597806 0.504574
v -0.802939 0.456853 0.507922
v -0.802939 0.597806 0.507922
v -0.812511 0.456853 0.513020
v -0.812511 0.597806 0.513020
v -0.822301 0.456853 0.520017
v -0.822301 0.597806 0.520017
v -0.832272 0.456853 0.529058
v -0.832272 0.597806 0.529058
v -0.884210 0.456853 0.581318
v -0.884210 0.597806 0.581318
v -0.788323 0.456853 0.676613
v -0.788323 0.597806 0.676613
v -0.545691 0.456853 0.466104
v -0.545691 0.597806 0.466104
v -0.544788 0.456853 0.465195
v -0.544788 0.597806 0.465195
v -0.548269 0.456853 0.451611
v -0.548269 0.597806 0.451611
v -0.550935 0.456853 0.438908
v -0.550935 0.597806 0.438908
v -0.552806 0.456853 0.427065
v -0.552806 0.597806 0.427065
v -0.553900 0.456853 0.416060
v -0.553900 0.597806 0.416060
v -0.554237 0.456853 0.405870
v -0.554237 0.597806 0.405870
v -0.553835 0.456853 0.396474
v -0.553835 0.597806 0.396474
v -0.552713 0.456853 0.387850
v -0.552713 0.597806 0.387850
v -0.550891 0.456853 0.379975
v -0.550891 0.597806 0.379975
v -0.548387 0.456853 0.372828
v -0.548387 0.597806 0.372828
v -0.545219 0.456853 0.366387
v -0.545219 0.597806 0.366387
v -0.541408 0.456853 0.360630
v -0.541408 0.597806 0.360630
v -0.536972 0.456853 0.355535
v -0.536972 0.597806 0.355535
v -0.532764 0.456853 0.351623
v -0.532764 0.597806 0.351623
v -0.528262 0.456853 0.348062
v -0.528262 0.597806 0.348062
v -0.523457 0.456853 0.344846
v -0.523457 0.597806 0.344846
v -0.518339 0.456853 0.341970
v -0.518339 0.597806 0.341970
v -0.512899 0.456853 0.339426
v -0.512899 0.597806 0.339426
v -0.507128 0.456853 0.337207
v -0.507128 0.597806 0.337207
v -0.501017 0.456853 0.335309
v -0.501017 0.597806 0.335309
v -0.494555 0.456853 0.333725
v -0.494555 0.597806 0.333725
v -0.487733 0.456853 0.332447
v -0.487733 0.597806 0.332447
v -0.480543 0.456853 0.331471
v -0.480543 0.597806 0.331471
v -0.472974 0.456853 0.330789
v -0.472974 0.597806 0.330789
v -0.465017 0.456853 0.330395
v -0.465017 0.597806 0.330395
v -0.451252 0.456853 0.386529
v -0.451252 0.597806 0.386529
v -0.457245 0.456853 0.386809
v -0.457245 0.597806 0.386809
v -0.463188 0.456853 0.387372
v -0.463188 0.597806 0.387372
v -0.469028 0.456853 0.388198
v -0.469028 0.597806 0.388198
v -0.474717 0.456853 0.389270
v -0.474717 0.597806 0.389270
v -0.480204 0.456853 0.390567
v -0.480204 0.597806 0.390567
v -0.485439 0.456853 0.392072
v -0.485439 0.597806 0.392072
v -0.490371 0.456853 0.393764
v -0.490371 0.597806 0.393764
v -0.494950 0.456853 0.395625
v -0.494950 0.597806 0.395625
v -0.499126 0.456853 0.397636
v -0.499126 0.597806 0.397636
v -0.502849 0.456853 0.399777
v -0.502849 0.597806 0.399777
v -0.506068 0.456853 0.402030
v -0.506068 0.597806 0.402030
v -0.508733 0.456853 0.404376
v -0.508733 0.597806 0.404376
v -0.514923 0.456853 0.411736
v -0.514923 0.597806 0.411736
v -0.519730 0.456853 0.419872
v -0.519730 0.597806 0.419872
v -0.523169 0.456853 0.428658
v -0.523169 0.597806 0.428658
v -0.525257 0.456853 0.437969
v -0.525257 0.597806 0.437969
v -0.526010 0.456853 0.447678
v -0.526010 0.597806 0.447678
v -0.525444 0.456853 0.457660
v -0.525444 0.597806 0.457660
v -0.523574 0.456853 0.467789
v -0.523574 0.597806 0.467789
v -0.520418 0.456853 0.477939
v -0.520418 0.597806 0.477939
v -0.515992 0.456853 0.487985
v -0.515992 0.597806 0.487985
v -0.510310 0.456853 0.497800
v -0.510310 0.597806 0.497800
v -0.503391 0.456853 0.507259
v -0.503391 0.597806 0.507259
v -0.495248 0.456853 0.516236
v -0.495248 0.597806 0.516236
v -0.388455 0.456853 0.622370
v -0.388455 0.597806 0.622370
v -0.428651 0.456853 0.662815
v -0.428651 0.597806 0.662815
v -0.632694 0.456853 0.460031
v -0.632694 0.597806 0.460031
v -0.592498 0.456853 0.419586
v -0.592498 0.597806 0.419586
v -0.137222 0.456853 0.192808
v -0.137222 0.597806 0.192808
v -0.125184 0.456853 0.210164
v -0.125184 0.597806 0.210164
v -0.115868 0.456853 0.228201
v -0.115868 0.597806 0.228201
v -0.109268 0.456853 0.246756
v -0.109268 0.597806 0.246756
v -0.105380 0.456853 0.265666
v -0.105380 0.597806 0.265666
v -0.104197 0.456853 0.284767
v -0.104197 0.597806 0.284767
v -0.105713 0.456853 0.303895
v -0.105713 0.597806 0.303895
v -0.109922 0.456853 0.322886
v -0.109922 0.597806 0.322886
v -0.116819 0.456853 0.341578
v -0.116819 0.597806 0.341578
v -0.126398 0.456853 0.359806
v -0.126398 0.597806 0.359806
v -0.138654 0.456853 0.377406
v -0.138654 0.597806 0.377406
v -0.153579 0.456853 0.394216
v -0.153579 0.597806 0.394216
v -0.169709 0.456853 0.408585
v -0.169709 0.597806 0.408585
v -0.186805 0.456853 0.420335
v -0.186805 0.597806 0.420335
v -0.204678 0.456853 0.429471
v -0.204678 0.597806 0.429471
v -0.223135 0.456853 0.435994
v -0.223135 0.597806 0.435994
v -0.241983 0.456853 0.439907
v -0.241983 0.597806 0.439907
v -0.261031 0.456853 0.441212
v -0.261031 0.597806 0.441212
v -0.280088 0.456853 0.439912
v -0.280088 0.597806 0.439912
v -0.298960 0.456853 0.436010
v -0.298960 0.597806 0.436010
v -0.317457 0.456853 0.429508
v -0.317457 0.597806 0.429508
v -0.335386 0.456853 0.420409
v -0.335386 0.597806 0.420409
v -0.352556 0.456853 0.408715
v -0.352556 0.597806 0.408715
v -0.368774 0.456853 0.394429
v -0.368774 0.597806 0.394429
v -0.382186 0.456853 0.379199
v -0.382186 0.597806 0.379199
v -0.393111 0.456853 0.362789
v -0.393111 0.597806 0.362789
v -0.401551 0.456853 0.345425
v -0.401551 0.597806 0.345425
v -0.407507 0.456853 0.327331
v -0.407507 0.597806 0.327331
v -0.410978 0.456853 0.308732
v -0.410978 0.597806 0.308732
v -0.411966 0.456853 0.289853
v -0.411966 0.597806 0.289853
v -0.410473 0.456853 0.270920
v -0.410473 0.597806 0.270920
v -0.406497 0.456853 0.252156
v -0.406497 0.597806 0.252156
v -0.400042 0.456853 0.233788
v -0.400042 0.597806 0.233788
v -0.391107 0.456853 0.216039
v -0.391107 0.597806 0.216039
v -0.379694 0.456853 0.199136
v -0.379694 0.597806 0.199136
v -0.365803 0.456853 0.183302
v -0.365803 0.597806 0.183302
v -0.349372 0.456853 0.168557
v -0.349372 0.597806 0.168557
v -0.332050 0.456853 0.156363
v -0.332050 0.597806 0.156363
v -0.314028 0.456853 0.146729
v -0.314028 0.597806 0.146729
v -0.295498 0.456853 0.139660
v -0.295498 0.597806 0.139660
v -0.276651 0.456853 0.135163
v -0.276651 0.597806 0.135163
v -0.257680 0.456853 0.133246
v -0.257680 0.597806 0.133246
v -0.238777 0.456853 0.133916
v -0.238777 0.597806 0.133916
v -0.220133 0.456853 0.137178
v -0.220133 0.597806 0.137178
v -0.201940 0.456853 0.143041
v -0.201940 0.597806 0.143041
v -0.184391 0.456853 0.151510
v -0.184391 0.597806 0.151510
v -0.167676 0.456853 0.162594
v -0.167676 0.597806 0.162594
v -0.151988 0.456853 0.176298
v -0.151988 0.597806 0.176298
v -0.316646 0.456853 0.362942
v -0.316646 0.597806 0.362942
v -0.305212 0.456853 0.371091
v -0.305212 0.597806 0.371091
v -0.293472 0.456853 0.377525
v -0.293472 0.597806 0.377525
v -0.281525 0.456853 0.382246
v -0.281525 0.597806 0.382246
v -0.269470 0.456853 0.385254
v -0.269470 0.597806 0.385254
v -0.257406 0.456853 0.386553
v -0.257406 0.597806 0.386553
v -0.245433 0.456853 0.386143
v -0.245433 0.597806 0.386143
v -0.233648 0.456853 0.384027
v -0.233648 0.597806 0.384027
v -0.222152 0.456853 0.380207
v -0.222152 0.597806 0.380207
v -0.211044 0.456853 0.374684
v -0.211044 0.597806 0.374684
v -0.200422 0.456853 0.367461
v -0.200422 0.597806 0.367461
v -0.190386 0.456853 0.358540
v -0.190386 0.597806 0.358540
v -0.180670 0.456853 0.347639
v -0.180670 0.597806 0.347639
v -0.172750 0.456853 0.336347
v -0.172750 0.597806 0.336347
v -0.166628 0.456853 0.324736
v -0.166628 0.597806 0.324736
v -0.162305 0.456853 0.312880
v -0.162305 0.597806 0.312880
v -0.159781 0.456853 0.300854
v -0.159781 0.597806 0.300854
v -0.159059 0.456853 0.288731
v -0.159059 0.597806 0.288731
v -0.160140 0.456853 0.276585
v -0.160140 0.597806 0.276585
v -0.163025 0.456853 0.264491
v -0.163025 0.597806 0.264491
v -0.167715 0.456853 0.252521
v -0.167715 0.597806 0.252521
v -0.174212 0.456853 0.240751
v -0.174212 0.597806 0.240751
v -0.182518 0.456853 0.229254
v -0.182518 0.597806 0.229254
v -0.192633 0.456853 0.218104
v -0.192633 0.597806 0.218104
v -0.202872 0.456853 0.209112
v -0.202872 0.597806 0.209112
v -0.213737 0.456853 0.201784
v -0.213737 0.597806 0.201784
v -0.225108 0.456853 0.196118
v -0.225108 0.597806 0.196118
v -0.236860 0.456853 0.192115
v -0.236860 0.597806 0.192115
v -0.248871 0.456853 0.189774
v -0.248871 0.597806 0.189774
v -0.261019 0.456853 0.189094
v -0.261019 0.597806 0.189094
v -0.273180 0.456853 0.190076
v -0.273180 0.597806 0.190076
v -0.285233 0.456853 0.192718
v -0.285233 0.597806 0.192718
v -0.297053 0.456853 0.197021
v -0.297053 0.597806 0.197021
v -0.308520 0.456853 0.202983
v -0.308520 0.597806 0.202983
v -0.319509 0.456853 0.210606
v -0.319509 0.597806 0.210606
v -0.329899 0.456853 0.219888
v -0.329899 0.597806 0.219888
v -0.338571 0.456853 0.229785
v -0.338571 0.597806 0.229785
v -0.345621 0.456853 0.240310
v -0.345621 0.597806 0.240310
v -0.351052 0.456853 0.251340
v -0.351052 0.597806 0.251340
v -0.354868 0.456853 0.262752
v -0.354868 0.597806 0.262752
v -0.357073 0.456853 0.274423
v -0.357073 0.597806 0.274423
v -0.357669 0.456853 0.286231
v -0.357669 0.597806 0.286231
v -0.356661 0.456853 0.298052
v -0.356661 0.597806 0.298052
v -0.354052 0.456853 0.309765
v -0.354052 0.597806 0.309765
v -0.349845 0.456853 0.321247
v -0.349845 0.597806 0.321247
v -0.344044 0.456853 0.332374
v -0.344044 0.597806 0.332374
v -0.336653 0.456853 0.343024
v -0.336653 0.597806 0.343024
v -0.327675 0.456853 0.353075
v -0.327675 0.597806 0.353075
v 0.086666 0.456853 0.144300
v 0.086666 0.597806 0.144300
v 0.071164 0.456853 0.158195
v 0.071164 0.597806 0.158195
v 0.054993 0.456853 0.169437
v 0.054993 0.597806 0.169437
v 0.038266 0.456853 0.178031
v 0.038266 0.597806 0.178031
v 0.021097 0.456853 0.183984
v 0.021097 0.597806 0.183984
v 0.003599 0.456853 0.187302
v 0.003599 0.597806 0.187302
v -0.014114 0.456853 0.187990
v -0.014114 0.597806 0.187990
v -0.031931 0.456853 0.186055
v -0.031931 0.597806 0.186055
v -0.049736 0.456853 0.181502
v -0.049736 0.597806 0.181502
v -0.067417 0.456853 0.174337
v -0.067417 0.597806 0.174337
v -0.084861 0.456853 0.164567
v -0.084861 0.597806 0.164567
v -0.101955 0.456853 0.152197
v -0.101955 0.597806 0.152197
v -0.118584 0.456853 0.137233
v -0.118584 0.597806 0.137233
v -0.132128 0.456853 0.122052
v -0.132128 0.597806 0.122052
v -0.143219 0.456853 0.105980
v -0.143219 0.597806 0.105980
v -0.151854 0.456853 0.089193
v -0.151854 0.597806 0.089193
v -0.158033 0.456853 0.071865
v -0.158033 0.597806 0.071865
v -0.161753 0.456853 0.054171
v -0.161753 0.597806 0.054171
v -0.163011 0.456853 0.036285
v -0.163011 0.597806 0.036285
v -0.161807 0.456853 0.018383
v -0.161807 0.597806 0.018383
v -0.158136 0.456853 0.000637
v -0.158136 0.597806 0.000637
v -0.151998 0.456853 -0.016776
v -0.151998 0.597806 -0.016776
v -0.143391 0.456853 -0.033682
v -0.143391 0.597806 -0.033682
v -0.132311 0.456853 -0.049907
v -0.132311 0.597806 -0.049907
v -0.118758 0.456853 -0.065276
v -0.118758 0.597806 -0.065276
v -0.115339 0.456853 -0.068620
v -0.115339 0.597806 -0.068620
v -0.111842 0.456853 -0.071844
v -0.111842 0.597806 -0.071844
v -0.108248 0.456853 -0.074957
v -0.108248 0.597806 -0.074957
v -0.104535 0.456853 -0.077972
v -0.104535 0.597806 -0.077972
v -0.100683 0.456853 -0.080899
v -0.100683 0.597806 -0.080899
v -0.096673 0.456853 -0.083749
v -0.096673 0.597806 -0.083749
v -0.092482 0.456853 -0.086534
v -0.092482 0.597806 -0.086534
v -0.088092 0.456853 -0.089265
v -0.088092 0.597806 -0.089265
v -0.083482 0.456853 -0.091952
v -0.083482 0.597806 -0.091952
v -0.078631 0.456853 -0.094607
v -0.078631 0.597806 -0.094607
v -0.073518 0.456853 -0.097241
v -0.073518 0.597806 -0.097241
v -0.068124 0.456853 -0.099864
v -0.068124 0.597806 -0.099864
v -0.178099 0.456853 -0.209160
v -0.178099 0.597806 -0.209160
v -0.137903 0.456853 -0.249605
v -0.137903 0.597806 -0.249605
v 0.172025 0.456853 0.058411
v 0.172025 0.597806 0.058411
v -0.036846 0.456853 -0.062129
v -0.036846 0.597806 -0.062129
v -0.041230 0.456853 -0.060054
v -0.041230 0.597806 -0.060054
v -0.045399 0.456853 -0.057943
v -0.045399 0.597806 -0.057943
v -0.049380 0.456853 -0.055776
v -0.049380 0.597806 -0.055776
v -0.053196 0.456853 -0.053533
v -0.053196 0.597806 -0.053533
v -0.056874 0.456853 -0.051197
v -0.056874 0.597806 -0.051197
v -0.060438 0.456853 -0.048748
v -0.060438 0.597806 -0.048748
v -0.063914 0.456853 -0.046166
v -0.063914 0.597806 -0.046166
v -0.067327 0.456853 -0.043434
v -0.067327 0.597806 -0.043434
v -0.070701 0.456853 -0.040533
v -0.070701 0.597806 -0.040533
v -0.074062 0.456853 -0.037442
v -0.074062 0.597806 -0.037442
v -0.077435 0.456853 -0.034144
v -0.077435 0.597806 -0.034144
v -0.086295 0.456853 -0.024071
v -0.086295 0.597806 -0.024071
v -0.093454 0.456853 -0.013456
v -0.093454 0.597806 -0.013456
v -0.098913 0.456853 -0.002393
v -0.098913 0.597806 -0.002393
v -0.102672 0.456853 0.009023
v -0.102672 0.597806 0.009023
v -0.104731 0.456853 0.020699
v -0.104731 0.597806 0.020699
v -0.105090 0.456853 0.032539
v -0.105090 0.597806 0.032539
v -0.103751 0.456853 0.044449
v -0.103751 0.597806 0.044449
v -0.100713 0.456853 0.056335
v -0.100713 0.597806 0.056335
v -0.095976 0.456853 0.068102
v -0.095976 0.597806 0.068102
v -0.089541 0.456853 0.079657
v -0.089541 0.597806 0.079657
v -0.081408 0.456853 0.090905
v -0.081408 0.597806 0.090905
v -0.071578 0.456853 0.101750
v -0.071578 0.597806 0.101750
v -0.061915 0.456853 0.110695
v -0.061915 0.597806 0.110695
v -0.052022 0.456853 0.118480
v -0.052022 0.597806 0.118480
v -0.041909 0.456853 0.124983
v -0.041909 0.597806 0.124983
v -0.031589 0.456853 0.130084
v -0.031589 0.597806 0.130084
v -0.021071 0.456853 0.133662
v -0.021071 0.597806 0.133662
v -0.010369 0.456853 0.135596
v -0.010369 0.597806 0.135596
v 0.000507 0.456853 0.135764
v 0.000507 0.597806 0.135764
v 0.011546 0.456853 0.134045
v 0.011546 0.597806 0.134045
v 0.022736 0.456853 0.130319
v 0.022736 0.597806 0.130319
v 0.034066 0.456853 0.124463
v 0.034066 0.597806 0.124463
v 0.045524 0.456853 0.116358
v 0.045524 0.597806 0.116358
v 0.057099 0.456853 0.105883
v 0.057099 0.597806 0.105883
v 0.097746 0.456853 0.064983
v 0.097746 0.597806 0.064983
v -0.032223 0.456853 -0.064185
v -0.032223 0.597806 -0.064185
v 0.329937 0.456853 -0.152290
v 0.329937 0.597806 -0.152290
v 0.330033 0.456853 -0.143568
v 0.330033 0.597806 -0.143568
v 0.329599 0.456853 -0.134882
v 0.329599 0.597806 -0.134882
v 0.328652 0.456853 -0.126285
v 0.328652 0.597806 -0.126285
v 0.327208 0.456853 -0.117833
v 0.327208 0.597806 -0.117833
v 0.325286 0.456853 -0.109581
v 0.325286 0.597806 -0.109581
v 0.322902 0.456853 -0.101584
v 0.322902 0.597806 -0.101584
v 0.320074 0.456853 -0.093897
v 0.320074 0.597806 -0.093897
v 0.316818 0.456853 -0.086575
v 0.316818 0.597806 -0.086575
v 0.313152 0.456853 -0.079673
v 0.313152 0.597806 -0.079673
v 0.309092 0.456853 -0.073247
v 0.309092 0.597806 -0.073247
v 0.304657 0.456853 -0.067351
v 0.304657 0.597806 -0.067351
v 0.299863 0.456853 -0.062041
v 0.299863 0.597806 -0.062041
v 0.289241 0.456853 -0.052575
v 0.289241 0.597806 -0.052575
v 0.277979 0.456853 -0.044877
v 0.277979 0.597806 -0.044877
v 0.266161 0.456853 -0.038980
v 0.266161 0.597806 -0.038980
v 0.253871 0.456853 -0.034918
v 0.253871 0.597806 -0.034918
v 0.241191 0.456853 -0.032723
v 0.241191 0.597806 -0.032723
v 0.228204 0.456853 -0.032428
v 0.228204 0.597806 -0.032428
v 0.214994 0.456853 -0.034068
v 0.214994 0.597806 -0.034068
v 0.201645 0.456853 -0.037676
v 0.201645 0.597806 -0.037676
v 0.188239 0.456853 -0.043284
v 0.188239 0.597806 -0.043284
v 0.174860 0.456853 -0.050926
v 0.174860 0.597806 -0.050926
v 0.161591 0.456853 -0.060636
v 0.161591 0.597806 -0.060636
v 0.148515 0.456853 -0.072446
v 0.148515 0.597806 -0.072446
v 0.021726 0.456853 -0.198452
v 0.021726 0.597806 -0.198452
v 0.061922 0.456853 -0.238897
v 0.061922 0.597806 -0.238897
v 0.191437 0.456853 -0.110181
v 0.191437 0.597806 -0.110181
v 0.198628 0.456853 -0.103617
v 0.198628 0.597806 -0.103617
v 0.205875 0.456853 -0.098162
v 0.205875 0.597806 -0.098162
v 0.213163 0.456853 -0.093826
v 0.213163 0.597806 -0.093826
v 0.220475 0.456853 -0.090622
v 0.220475 0.597806 -0.090622
v 0.227797 0.456853 -0.088564
v 0.227797 0.597806 -0.088564
v 0.235112 0.456853 -0.087664
v 0.235112 0.597806 -0.087664
v 0.242404 0.456853 -0.087934
v 0.242404 0.597806 -0.087934
v 0.249658 0.456853 -0.089387
v 0.249658 0.597806 -0.089387
v 0.256858 0.456853 -0.092035
v 0.256858 0.597806 -0.092035
v 0.263989 0.456853 -0.095892
v 0.263989 0.597806 -0.095892
v 0.271034 0.456853 -0.100968
v 0.271034 0.597806 -0.100968
v 0.277977 0.456853 -0.107278
v 0.277977 0.597806 -0.107278
v 0.282265 0.456853 -0.112008
v 0.282265 0.597806 -0.112008
v 0.286093 0.456853 -0.117098
v 0.286093 0.597806 -0.117098
v 0.289454 0.456853 -0.122533
v 0.289454 0.597806 -0.122533
v 0.292342 0.456853 -0.128296
v 0.292342 0.597806 -0.128296
v 0.294751 0.456853 -0.134373
v 0.294751 0.597806 -0.134373
v 0.296675 0.456853 -0.140747
v 0.296675 0.597806 -0.140747
v 0.298106 0.456853 -0.147403
v 0.298106 0.597806 -0.147403
v 0.299040 0.456853 -0.154325
v 0.299040 0.597806 -0.154325
v 0.299470 0.456853 -0.161497
v 0.299470 0.597806 -0.161497
v 0.299390 0.456853 -0.168903
v 0.299390 0.597806 -0.168903
v 0.298792 0.456853 -0.176528
v 0.298792 0.597806 -0.176528
v 0.297672 0.456853 -0.184356
v 0.297672 0.597806 -0.184356
v 0.151797 0.456853 -0.329331
v 0.151797 0.597806 -0.329331
v 0.191993 0.456853 -0.369776
v 0.191993 0.597806 -0.369776
v 0.396036 0.456853 -0.166991
v 0.396036 0.597806 -0.166991
v 0.355840 0.456853 -0.126546
v 0.355840 0.597806 -0.126546
v 0.441865 0.456853 -0.522137
v 0.441865 0.597806 -0.522137
v 0.433339 0.456853 -0.519972
v 0.433339 0.597806 -0.519972
v 0.425475 0.456853 -0.517652
v 0.425475 0.597806 -0.517652
v 0.418215 0.456853 -0.515164
v 0.418215 0.597806 -0.515164
v 0.411503 0.456853 -0.512495
v 0.411503 0.597806 -0.512495
v 0.405283 0.456853 -0.509633
v 0.405283 0.597806 -0.509633
v 0.399497 0.456853 -0.506564
v 0.399497 0.597806 -0.506564
v 0.394089 0.456853 -0.503277
v 0.394089 0.597806 -0.503277
v 0.389004 0.456853 -0.499757
v 0.389004 0.597806 -0.499757
v 0.384183 0.456853 -0.495993
v 0.384183 0.597806 -0.495993
v 0.379570 0.456853 -0.491972
v 0.379570 0.597806 -0.491972
v 0.375110 0.456853 -0.487680
v 0.375110 0.597806 -0.487680
v 0.366777 0.456853 -0.478157
v 0.366777 0.597806 -0.478157
v 0.360069 0.456853 -0.468056
v 0.360069 0.597806 -0.468056
v 0.354986 0.456853 -0.457476
v 0.354986 0.597806 -0.457476
v 0.351528 0.456853 -0.446515
v 0.351528 0.597806 -0.446515
v 0.349694 0.456853 -0.435268
v 0.349694 0.597806 -0.435268
v 0.349484 0.456853 -0.423835
v 0.349484 0.597806 -0.423835
v 0.350897 0.456853 -0.412313
v 0.350897 0.597806 -0.412313
v 0.353935 0.456853 -0.400798
v 0.353935 0.597806 -0.400798
v 0.358595 0.456853 -0.389390
v 0.358595 0.597806 -0.389390
v 0.364878 0.456853 -0.378184
v 0.364878 0.597806 -0.378184
v 0.372783 0.456853 -0.367280
v 0.372783 0.597806 -0.367280
v 0.382311 0.456853 -0.356773
v 0.382311 0.597806 -0.356773
v 0.393078 0.456853 -0.347187
v 0.393078 0.597806 -0.347187
v 0.404200 0.456853 -0.339418
v 0.404200 0.597806 -0.339418
v 0.415603 0.456853 -0.333453
v 0.415603 0.597806 -0.333453
v 0.427213 0.456853 -0.329277
v 0.427213 0.597806 -0.329277
v 0.438956 0.456853 -0.326876
v 0.438956 0.597806 -0.326876
v 0.450758 0.456853 -0.326235
v 0.450758 0.597806 -0.326235
v 0.462545 0.456853 -0.327340
v 0.462545 0.597806 -0.327340
v 0.474243 0.456853 -0.330177
v 0.474243 0.597806 -0.330177
v 0.485778 0.456853 -0.334732
v 0.485778 0.597806 -0.334732
v 0.497077 0.456853 -0.340989
v 0.497077 0.597806 -0.340989
v 0.508066 0.456853 -0.348935
v 0.508066 0.597806 -0.348935
v 0.518671 0.456853 -0.358555
v 0.518671 0.597806 -0.358555
v 0.522850 0.456853 -0.362950
v 0.522850 0.597806 -0.362950
v 0.526821 0.456853 -0.367513
v 0.526821 0.597806 -0.367513
v 0.530598 0.456853 -0.372260
v 0.530598 0.597806 -0.372260
v 0.534201 0.456853 -0.377211
v 0.534201 0.597806 -0.377211
v 0.537645 0.456853 -0.382381
v 0.537645 0.597806 -0.382381
v 0.540949 0.456853 -0.387788
v 0.540949 0.597806 -0.387788
v 0.544129 0.456853 -0.393450
v 0.544129 0.597806 -0.393450
v 0.547203 0.456853 -0.399383
v 0.547203 0.597806 -0.399383
v 0.550188 0.456853 -0.405606
v 0.550188 0.597806 -0.405606
v 0.553102 0.456853 -0.412135
v 0.553102 0.597806 -0.412135
v 0.555961 0.456853 -0.418988
v 0.555961 0.597806 -0.418988
v 0.558782 0.456853 -0.426182
v 0.558782 0.597806 -0.426182
v 0.598773 0.456853 -0.386438
v 0.598773 0.597806 -0.386438
v 0.596710 0.456853 -0.381225
v 0.596710 0.597806 -0.381225
v 0.594144 0.456853 -0.375612
v 0.594144 0.597806 -0.375612
v 0.591116 0.456853 -0.369673
v 0.591116 0.597806 -0.369673
v 0.587669 0.456853 -0.363483
v 0.587669 0.597806 -0.363483
v 0.583845 0.456853 -0.357116
v 0.583845 0.597806 -0.357116
v 0.579686 0.456853 -0.350645
v 0.579686 0.597806 -0.350645
v 0.575235 0.456853 -0.344146
v 0.575235 0.597806 -0.344146
v 0.570533 0.456853 -0.337691
v 0.570533 0.597806 -0.337691
v 0.565623 0.456853 -0.331355
v 0.565623 0.597806 -0.331355
v 0.560548 0.456853 -0.325211
v 0.560548 0.597806 -0.325211
v 0.555349 0.456853 -0.319336
v 0.555349 0.597806 -0.319336
v 0.550069 0.456853 -0.313801
v 0.550069 0.597806 -0.313801
v 0.534464 0.456853 -0.299831
v 0.534464 0.597806 -0.299831
v 0.518020 0.456853 -0.288369
v 0.518020 0.597806 -0.288369
v 0.500907 0.456853 -0.279416
v 0.500907 0.597806 -0.279416
v 0.483296 0.456853 -0.272971
v 0.483296 0.597806 -0.272971
v 0.465357 0.456853 -0.269037
v 0.465357 0.597806 -0.269037
v 0.447258 0.456853 -0.267612
v 0.447258 0.597806 -0.267612
v 0.429171 0.456853 -0.268698
v 0.429171 0.597806 -0.268698
v 0.411265 0.456853 -0.272295
v 0.411265 0.597806 -0.272295
v 0.393709 0.456853 -0.278404
v 0.393709 0.597806 -0.278404
v 0.376675 0.456853 -0.287025
v 0.376675 0.597806 -0.287025
v 0.360331 0.456853 -0.298159
v 0.360331 0.597806 -0.298159
v 0.344847 0.456853 -0.311806
v 0.344847 0.597806 -0.311806
v 0.329354 0.456853 -0.328803
v 0.329354 0.597806 -0.328803
v 0.316509 0.456853 -0.346292
v 0.316509 0.597806 -0.346292
v 0.306318 0.456853 -0.364155
v 0.306318 0.597806 -0.364155
v 0.298788 0.456853 -0.382271
v 0.298788 0.597806 -0.382271
v 0.293925 0.456853 -0.400522
v 0.293925 0.597806 -0.400522
v 0.291737 0.456853 -0.418786
v 0.291737 0.597806 -0.418786
v 0.292229 0.456853 -0.436946
v 0.292229 0.597806 -0.436946
v 0.295409 0.456853 -0.454882
v 0.295409 0.597806 -0.454882
v 0.301283 0.456853 -0.472473
v 0.301283 0.597806 -0.472473
v 0.309857 0.456853 -0.489601
v 0.309857 0.597806 -0.489601
v 0.321140 0.456853 -0.506146
v 0.321140 0.597806 -0.506146
v 0.335136 0.456853 -0.521988
v 0.335136 0.597806 -0.521988
v 0.340966 0.456853 -0.527629
v 0.340966 0.597806 -0.527629
v 0.346735 0.456853 -0.532771
v 0.346735 0.597806 -0.532771
v 0.352474 0.456853 -0.537459
v 0.352474 0.597806 -0.537459
v 0.358214 0.456853 -0.541741
v 0.358214 0.597806 -0.541741
v 0.363986 0.456853 -0.545665
v 0.363986 0.597806 -0.545665
v 0.369823 0.456853 -0.549278
v 0.369823 0.597806 -0.549278
v 0.375754 0.456853 -0.552626
v 0.375754 0.597806 -0.552626
v 0.381812 0.456853 -0.555758
v 0.381812 0.597806 -0.555758
v 0.388028 0.456853 -0.558721
v 0.388028 0.597806 -0.558721
v 0.394433 0.456853 -0.561561
v 0.394433 0.597806 -0.561561
v 0.401059 0.456853 -0.564326
v 0.401059 0.597806 -0.564326
v 0.407936 0.456853 -0.567064
v 0.407936 0.597806 -0.567064
v 0.451108 0.456853 -0.524159
v 0.451108 0.597806 -0.524159
v 0.797979 0.456853 -0.603599
v 0.797979 0.597806 -0.603599
v 0.795518 0.456853 -0.594016
v 0.795518 0.597806 -0.594016
v 0.792698 0.456853 -0.584777
v 0.792698 0.597806 -0.584777
v 0.789471 0.456853 -0.575829
v 0.789471 0.597806 -0.575829
v 0.785790 0.456853 -0.567119
v 0.785790 0.597806 -0.567119
v 0.781609 0.456853 -0.558593
v 0.781609 0.597806 -0.558593
v 0.776879 0.456853 -0.550198
v 0.776879 0.597806 -0.550198
v 0.771555 0.456853 -0.541879
v 0.771555 0.597806 -0.541879
v 0.765589 0.456853 -0.533584
v 0.765589 0.597806 -0.533584
v 0.758934 0.456853 -0.525258
v 0.758934 0.597806 -0.525258
v 0.751543 0.456853 -0.516848
v 0.751543 0.597806 -0.516848
v 0.743369 0.456853 -0.508301
v 0.743369 0.597806 -0.508301
v 0.727089 0.456853 -0.494041
v 0.727089 0.597806 -0.494041
v 0.709989 0.456853 -0.482978
v 0.709989 0.597806 -0.482978
v 0.692264 0.456853 -0.474971
v 0.692264 0.597806 -0.474971
v 0.674105 0.456853 -0.469880
v 0.674105 0.597806 -0.469880
v 0.655705 0.456853 -0.467562
v 0.655705 0.597806 -0.467562
v 0.637256 0.456853 -0.467878
v 0.637256 0.597806 -0.467878
v 0.618950 0.456853 -0.470686
v 0.618950 0.597806 -0.470686
v 0.600979 0.456853 -0.475845
v 0.600979 0.597806 -0.475845
v 0.583537 0.456853 -0.483214
v 0.583537 0.597806 -0.483214
v 0.566815 0.456853 -0.492653
v 0.566815 0.597806 -0.492653
v 0.551006 0.456853 -0.504020
v 0.551006 0.597806 -0.504020
v 0.536301 0.456853 -0.517174
v 0.536301 0.597806 -0.517174
v 0.522076 0.456853 -0.532904
v 0.522076 0.597806 -0.532904
v 0.510303 0.456853 -0.549285
v 0.510303 0.597806 -0.549285
v 0.500983 0.456853 -0.566163
v 0.500983 0.597806 -0.566163
v 0.494115 0.456853 -0.583389
v 0.494115 0.597806 -0.583389
v 0.489700 0.456853 -0.600811
v 0.489700 0.597806 -0.600811
v 0.487740 0.456853 -0.618278
v 0.487740 0.597806 -0.618278
v 0.488233 0.456853 -0.635640
v 0.488233 0.597806 -0.635640
v 0.491182 0.456853 -0.652745
v 0.491182 0.597806 -0.652745
v 0.496586 0.456853 -0.669443
v 0.496586 0.597806 -0.669443
v 0.504445 0.456853 -0.685582
v 0.504445 0.597806 -0.685582
v 0.514760 0.456853 -0.701011
v 0.514760 0.597806 -0.701011
v 0.527533 0.456853 -0.715579
v 0.527533 0.597806 -0.715579
v 0.541324 0.456853 -0.727920
v 0.541324 0.597806 -0.727920
v 0.555794 0.456853 -0.737863
v 0.555794 0.597806 -0.737863
v 0.570897 0.456853 -0.745352
v 0.570897 0.597806 -0.745352
v 0.586589 0.456853 -0.750327
v 0.586589 0.597806 -0.750327
v 0.602824 0.456853 -0.752730
v 0.602824 0.597806 -0.752730
v 0.619556 0.456853 -0.752503
v 0.619556 0.597806 -0.752503
v 0.636740 0.456853 -0.749588
v 0.636740 0.597806 -0.749588
v 0.654330 0.456853 -0.743926
v 0.654330 0.597806 -0.743926
v 0.672282 0.456853 -0.735458
v 0.672282 0.597806 -0.735458
v 0.690549 0.456853 -0.724127
v 0.690549 0.597806 -0.724127
v 0.709086 0.456853 -0.709874
v 0.709086 0.597806 -0.709874
v 0.727848 0.456853 -0.692641
v 0.727848 0.597806 -0.692641
v 0.585131 0.456853 -0.549038
v 0.585131 0.597806 -0.549038
v 0.596763 0.456853 -0.541335
v 0.596763 0.597806 -0.541335
v 0.608269 0.456853 -0.535143
v 0.608269 0.597806 -0.535143
v 0.619641 0.456853 -0.530464
v 0.619641 0.597806 -0.530464
v 0.630872 0.456853 -0.527299
v 0.630872 0.597806 -0.527299
v 0.641953 0.456853 -0.525650
v 0.641953 0.597806 -0.525650
v 0.652877 0.456853 -0.525519
v 0.652877 0.597806 -0.525519
v 0.663636 0.456853 -0.526907
v 0.663636 0.597806 -0.526907
v 0.674222 0.456853 -0.529816
v 0.674222 0.597806 -0.529816
v 0.684627 0.456853 -0.534247
v 0.684627 0.597806 -0.534247
v 0.694843 0.456853 -0.540201
v 0.694843 0.597806 -0.540201
v 0.704863 0.456853 -0.547681
v 0.704863 0.597806 -0.547681
v 0.714678 0.456853 -0.556687
v 0.714678 0.597806 -0.556687
v 0.720560 0.456853 -0.562982
v 0.720560 0.597806 -0.562982
v 0.726023 0.456853 -0.569592
v 0.726023 0.597806 -0.569592
v 0.731082 0.456853 -0.576516
v 0.731082 0.597806 -0.576516
v 0.735753 0.456853 -0.583751
v 0.735753 0.597806 -0.583751
v 0.740052 0.456853 -0.591292
v 0.740052 0.597806 -0.591292
v 0.743994 0.456853 -0.599137
v 0.743994 0.597806 -0.599137
v 0.747596 0.456853 -0.607284
v 0.747596 0.597806 -0.607284
v 0.750872 0.456853 -0.615728
v 0.750872 0.597806 -0.615728
v 0.753840 0.456853 -0.624467
v 0.753840 0.597806 -0.624467
v 0.756514 0.456853 -0.633498
v 0.756514 0.597806 -0.633498
v 0.758910 0.456853 -0.642818
v 0.758910 0.597806 -0.642818
v 0.761045 0.456853 -0.652423
v 0.761045 0.597806 -0.652423
v 0.800127 0.456853 -0.613582
v 0.800127 0.597806 -0.613582
v 0.653134 0.456853 -0.686056
v 0.653134 0.597806 -0.686056
v 0.644819 0.456853 -0.691654
v 0.644819 0.597806 -0.691654
v 0.636394 0.456853 -0.696081
v 0.636394 0.597806 -0.696081
v 0.627907 0.456853 -0.699328
v 0.627907 0.597806 -0.699328
v 0.619404 0.456853 -0.701386
v 0.619404 0.597806 -0.701386
v 0.610934 0.456853 -0.702246
v 0.610934 0.597806 -0.702246
v 0.602543 0.456853 -0.701897
v 0.602543 0.597806 -0.701897
v 0.594278 0.456853 -0.700332
v 0.594278 0.597806 -0.700332
v 0.586187 0.456853 -0.697540
v 0.586187 0.597806 -0.697540
v 0.578317 0.456853 -0.693512
v 0.578317 0.597806 -0.693512
v 0.570715 0.456853 -0.688239
v 0.570715 0.597806 -0.688239
v 0.563428 0.456853 -0.681712
v 0.563428 0.597806 -0.681712
v 0.556381 0.456853 -0.673868
v 0.556381 0.597806 -0.673868
v 0.550588 0.456853 -0.665801
v 0.550588 0.597806 -0.665801
v 0.546039 0.456853 -0.657526
v 0.546039 0.597806 -0.657526
v 0.542722 0.456853 -0.649062
v 0.542722 0.597806 -0.649062
v 0.540627 0.456853 -0.640426
v 0.540627 0.597806 -0.640426
v 0.539741 0.456853 -0.631634
v 0.539741 0.597806 -0.631634
v 0.540055 0.456853 -0.622705
v 0.540055 0.597806 -0.622705
v 0.541557 0.456853 -0.613654
v 0.541557 0.597806 -0.613654
v 0.544235 0.456853 -0.604501
v 0.544235 0.597806 -0.604501
v 0.548080 0.456853 -0.595261
v 0.548080 0.597806 -0.595261
v 0.553079 0.456853 -0.585953
v 0.553079 0.597806 -0.585953
v 0.559223 0.456853 -0.576593
v 0.559223 0.597806 -0.576593
v 0.661292 0.456853 -0.679297
v 0.661292 0.597806 -0.679297
v 0.752761 0.456853 -0.840409
v 0.752761 0.597806 -0.840409
v 0.753665 0.456853 -0.841318
v 0.753665 0.597806 -0.841318
v 0.750184 0.456853 -0.854903
v 0.750184 0.597806 -0.854903
v 0.747518 0.456853 -0.867605
v 0.747518 0.597806 -0.867605
v 0.745647 0.456853 -0.879448
v 0.745647 0.597806 -0.879448
v 0.744552 0.456853 -0.890454
v 0.744552 0.597806 -0.890454
v 0.744216 0.456853 -0.900643
v 0.744216 0.597806 -0.900643
v 0.744618 0.456853 -0.910039
v 0.744618 0.597806 -0.910039
v 0.745739 0.456853 -0.918664
v 0.745739 0.597806 -0.918664
v 0.747562 0.456853 -0.926538
v 0.747562 0.597806 -0.926538
v 0.750066 0.456853 -0.933685
v 0.750066 0.597806 -0.933685
v 0.753233 0.456853 -0.940126
v 0.753233 0.597806 -0.940126
v 0.757044 0.456853 -0.945883
v 0.757044 0.597806 -0.945883
v 0.761480 0.456853 -0.950979
v 0.761480 0.597806 -0.950979
v 0.765689 0.456853 -0.954891
v 0.765689 0.597806 -0.954891
v 0.770191 0.456853 -0.958451
v 0.770191 0.597806 -0.958451
v 0.774996 0.456853 -0.961667
v 0.774996 0.597806 -0.961667
v 0.780114 0.456853 -0.964544
v 0.780114 0.597806 -0.964544
v 0.785553 0.456853 -0.967088
v 0.785553 0.597806 -0.967088
v 0.791324 0.456853 -0.969306
v 0.791324 0.597806 -0.969306
v 0.797436 0.456853 -0.971204
v 0.797436 0.597806 -0.971204
v 0.803898 0.456853 -0.972789
v 0.803898 0.597806 -0.972789
v 0.810719 0.456853 -0.974066
v 0.810719 0.597806 -0.974066
v 0.817910 0.456853 -0.975043
v 0.817910 0.597806 -0.975043
v 0.825479 0.456853 -0.975725
v 0.825479 0.597806 -0.975725
v 0.833436 0.456853 -0.976119
v 0.833436 0.597806 -0.976119
v 0.847201 0.456853 -0.919984
v 0.847201 0.597806 -0.919984
v 0.841207 0.456853 -0.919704
v 0.841207 0.597806 -0.919704
v 0.835265 0.456853 -0.919142
v 0.835265 0.597806 -0.919142
v 0.829424 0.456853 -0.918315
v 0.829424 0.597806 -0.918315
v 0.823735 0.456853 -0.917243
v 0.823735 0.597806 -0.917243
v 0.818248 0.456853 -0.915946
v 0.818248 0.597806 -0.915946
v 0.813013 0.456853 -0.914442
v 0.813013 0.597806 -0.914442
v 0.808081 0.456853 -0.912749
v 0.808081 0.597806 -0.912749
v 0.803502 0.456853 -0.910888
v 0.803502 0.597806 -0.910888
v 0.799326 0.456853 -0.908878
v 0.799326 0.597806 -0.908878
v 0.795603 0.456853 -0.906736
v 0.795603 0.597806 -0.906736
v 0.792385 0.456853 -0.904483
v 0.792385 0.597806 -0.904483
v 0.789720 0.456853 -0.902137
v 0.789720 0.597806 -0.902137
v 0.783530 0.456853 -0.894777
v 0.783530 0.597806 -0.894777
v 0.778723 0.456853 -0.886641
v 0.778723 0.597806 -0.886641
v 0.775283 0.456853 -0.877855
v 0.775283 0.597806 -0.877855
v 0.773195 0.456853 -0.868544
v 0.773195 0.597806 -0.868544
v 0.772443 0.456853 -0.858835
v 0.772443 0.597806 -0.858835
v 0.773009 0.456853 -0.848853
v 0.773009 0.597806 -0.848853
v 0.774878 0.456853 -0.838724
v 0.774878 0.597806 -0.838724
v 0.778034 0.456853 -0.828574
v 0.778034 0.597806 -0.828574
v 0.782461 0.456853 -0.818529
v 0.782461 0.597806 -0.818529
v 0.788142 0.456853 -0.808714
v 0.788142 0.597806 -0.808714
v 0.795062 0.456853 -0.799255
v 0.795062 0.597806 -0.799255
v 0.803204 0.456853 -0.790278
v 0.803204 0.597806 -0.790278
v 0.909997 0.456853 -0.684143
v 0.909997 0.597806 -0.684143
v 0.869802 0.456853 -0.643698
v 0.869802 0.597806 -0.643698
v 0.665758 0.456853 -0.846483
v 0.665758 0.597806 -0.846483
v 0.705954 0.456853 -0.886928
v 0.705954 0.597806 -0.886928
vn -1.0000 -0.0000 -0.0000
vn -0.0000 -0.0000 -1.0000
vn 1.0000 -0.0000 -0.0000
vn -0.0000 -0.0000 1.0000
vn -0.0000 -1.0000 -0.0000
vn -0.0000 1.0000 -0.0000
vn -0.0007 1.0000 -0.0000
vn -0.0005 1.0000 -0.0000
vn -0.0001 1.0000 -0.0000
vn -0.0004 1.0000 -0.0000
vn 0.0002 1.0000 -0.0000
vn 0.0001 1.0000 -0.0000
vn 0.0003 1.0000 -0.0000
vn 0.0009 1.0000 -0.0000
vn 0.0001 -1.0000 -0.0000
vn 0.0003 -1.0000 -0.0000
vn 0.0002 -1.0000 -0.0000
vn -0.0001 -1.0000 -0.0000
vn -0.0002 -1.0000 -0.0000
vn -0.0009 -1.0000 -0.0000
vn -0.0010 -1.0000 -0.0000
vn -0.6311 -0.0000 -0.7757
vn -0.5368 -0.0000 -0.8437
vn -0.4248 -0.0000 -0.9053
vn -0.2960 -0.0000 -0.9552
vn -0.1542 -0.0000 -0.9880
vn -0.0053 -0.0000 -1.0000
vn 0.1433 -0.0000 -0.9897
vn 0.2843 -0.0000 -0.9587
vn 0.4127 -0.0000 -0.9109
vn 0.5256 -0.0000 -0.8508
vn 0.6224 -0.0000 -0.7827
vn 0.7063 -0.0000 -0.7079
vn 0.7839 -0.0000 -0.6209
vn 0.8565 -0.0000 -0.5161
vn 0.9192 -0.0000 -0.3939
vn 0.9666 -0.0000 -0.2563
vn 0.9941 -0.0000 -0.1081
vn 0.9991 -0.0000 0.0435
vn 0.9817 -0.0000 0.1906
vn 0.9452 -0.0000 0.3264
vn 0.8948 -0.0000 0.4464
vn 0.8359 -0.0000 0.5488
vn 0.7732 -0.0000 0.6342
vn 0.7251 -0.0000 0.6886
vn 1.0000 -0.0000 -0.0031
vn 0.0031 -0.0000 1.0000
vn -1.0000 -0.0000 0.0031
vn -0.6913 -0.0000 -0.7226
vn -0.7252 -0.0000 -0.6886
vn -0.7728 -0.0000 -0.6347
vn -0.8342 -0.0000 -0.5514
vn -0.8917 -0.0000 -0.4527
vn -0.9413 -0.0000 -0.3375
vn -0.9784 -0.0000 -0.2067
vn -0.9980 -0.0000 -0.0630
vn -0.9961 -0.0000 0.0878
vn -0.9712 -0.0000 0.2383
vn -0.9247 -0.0000 0.3806
vn -0.8612 -0.0000 0.5083
vn -0.7863 -0.0000 0.6178
vn -0.7093 -0.0000 0.7049
vn -0.6339 -0.0000 0.7734
vn -0.5500 -0.0000 0.8352
vn -0.4498 -0.0000 0.8932
vn -0.3314 -0.0000 0.9435
vn -0.1953 -0.0000 0.9807
vn -0.0453 -0.0000 0.9990
vn 0.1113 -0.0000 0.9938
vn 0.2645 -0.0000 0.9644
vn 0.4052 -0.0000 0.9142
vn 0.5269 -0.0000 0.8499
vn 0.6276 -0.0000 0.7785
vn 0.6907 -0.0000 0.7231
vn -0.0031 -0.0000 -1.0000
vn -0.9649 -0.0000 -0.2626
vn -0.9739 -0.0000 0.2269
vn -0.9835 -0.0000 0.1808
vn -0.9918 -0.0000 0.1275
vn -0.9978 -0.0000 0.0660
vn -1.0000 -0.0000 -0.0049
vn -0.9963 -0.0000 -0.0859
vn -0.9841 -0.0000 -0.1774
vn -0.9604 -0.0000 -0.2785
vn -0.9222 -0.0000 -0.3867
vn -0.8674 -0.0000 -0.4976
vn -0.7958 -0.0000 -0.6056
vn -0.7185 -0.0000 -0.6955
vn -0.6511 -0.0000 -0.7590
vn -0.5887 -0.0000 -0.8084
vn -0.5235 -0.0000 -0.8520
vn -0.4572 -0.0000 -0.8894
vn -0.3915 -0.0000 -0.9202
vn -0.3279 -0.0000 -0.9447
vn -0.2675 -0.0000 -0.9636
vn -0.2112 -0.0000 -0.9774
vn -0.1594 -0.0000 -0.9872
vn -0.1122 -0.0000 -0.9937
vn -0.0696 -0.0000 -0.9976
vn 0.5975 -0.0000 -0.8018
vn 0.8010 -0.0000 0.5987
vn 0.0705 -0.0000 0.9975
vn 0.1172 -0.0000 0.9931
vn 0.1627 -0.0000 0.9867
vn 0.2077 -0.0000 0.9782
vn 0.2532 -0.0000 0.9674
vn 0.3005 -0.0000 0.9538
vn 0.3506 -0.0000 0.9365
vn 0.4054 -0.0000 0.9142
vn 0.4665 -0.0000 0.8845
vn 0.5366 -0.0000 0.8439
vn 0.6181 -0.0000 0.7861
vn 0.7150 -0.0000 0.6991
vn 0.8159 -0.0000 0.5781
vn 0.8990 -0.0000 0.4380
vn 0.9563 -0.0000 0.2925
vn 0.9889 -0.0000 0.1484
vn 0.9999 -0.0000 0.0104
vn 0.9929 -0.0000 -0.1193
vn 0.9709 -0.0000 -0.2396
vn 0.9365 -0.0000 -0.3506
vn 0.8916 -0.0000 -0.4528
vn 0.8375 -0.0000 -0.5465
vn 0.7750 -0.0000 -0.6320
vn 0.7231 -0.0000 -0.6908
vn 0.7850 -0.0000 -0.6195
vn 0.8569 -0.0000 -0.5155
vn 0.9174 -0.0000 -0.3979
vn 0.9632 -0.0000 -0.2689
vn 0.9913 -0.0000 -0.1320
vn 1.0000 -0.0000 0.0086
vn 0.9890 -0.0000 0.1481
vn 0.9594 -0.0000 0.2819
vn 0.9136 -0.0000 0.4066
vn 0.8546 -0.0000 0.5193
vn 0.7856 -0.0000 0.6188
vn 0.7077 -0.0000 0.7065
vn 0.6170 -0.0000 0.7870
vn 0.5119 -0.0000 0.8591
vn 0.3950 -0.0000 0.9187
vn 0.2689 -0.0000 0.9632
vn 0.1361 -0.0000 0.9907
vn 0.0002 -0.0000 1.0000
vn -0.1356 -0.0000 0.9908
vn -0.2677 -0.0000 0.9635
vn -0.3929 -0.0000 0.9196
vn -0.5088 -0.0000 0.8609
vn -0.6131 -0.0000 0.7900
vn -0.7072 -0.0000 0.7071
vn -0.7932 -0.0000 0.6089
vn -0.8679 -0.0000 0.4968
vn -0.9267 -0.0000 0.3757
vn -0.9686 -0.0000 0.2486
vn -0.9930 -0.0000 0.1181
vn -0.9999 -0.0000 -0.0132
vn -0.9897 -0.0000 -0.1433
vn -0.9629 -0.0000 -0.2700
vn -0.9202 -0.0000 -0.3914
vn -0.8627 -0.0000 -0.5057
vn -0.7918 -0.0000 -0.6108
vn -0.7111 -0.0000 -0.7031
vn -0.6229 -0.0000 -0.7823
vn -0.5245 -0.0000 -0.8514
vn -0.4148 -0.0000 -0.9099
vn -0.2949 -0.0000 -0.9555
vn -0.1667 -0.0000 -0.9860
vn -0.0327 -0.0000 -0.9995
vn 0.1041 -0.0000 -0.9946
vn 0.2401 -0.0000 -0.9707
vn 0.3716 -0.0000 -0.9284
vn 0.4948 -0.0000 -0.8690
vn 0.6066 -0.0000 -0.7950
vn 0.7030 -0.0000 -0.7112
vn 0.6245 -0.0000 -0.7810
vn 0.5314 -0.0000 -0.8471
vn 0.4249 -0.0000 -0.9053
vn 0.3055 -0.0000 -0.9522
vn 0.1750 -0.0000 -0.9846
vn 0.0365 -0.0000 -0.9993
vn -0.1057 -0.0000 -0.9944
vn -0.2467 -0.0000 -0.9691
vn -0.3812 -0.0000 -0.9245
vn -0.5049 -0.0000 -0.8632
vn -0.6146 -0.0000 -0.7888
vn -0.7066 -0.0000 -0.7076
vn -0.7839 -0.0000 -0.6208
vn -0.8533 -0.0000 -0.5213
vn -0.9141 -0.0000 -0.4054
vn -0.9615 -0.0000 -0.2747
vn -0.9911 -0.0000 -0.1328
vn -0.9999 -0.0000 0.0146
vn -0.9870 -0.0000 0.1608
vn -0.9542 -0.0000 0.2992
vn -0.9052 -0.0000 0.4250
vn -0.8446 -0.0000 0.5354
vn -0.7768 -0.0000 0.6297
vn -0.7014 -0.0000 0.7128
vn -0.6107 -0.0000 0.7918
vn -0.5036 -0.0000 0.8639
vn -0.3851 -0.0000 0.9229
vn -0.2575 -0.0000 0.9663
vn -0.1239 -0.0000 0.9923
vn 0.0123 -0.0000 0.9999
vn 0.1476 -0.0000 0.9890
vn 0.2787 -0.0000 0.9604
vn 0.4026 -0.0000 0.9154
vn 0.5167 -0.0000 0.8562
vn 0.6192 -0.0000 0.7852
vn 0.7105 -0.0000 0.7037
vn 0.7931 -0.0000 0.6090
vn 0.8659 -0.0000 0.5002
vn 0.9249 -0.0000 0.3803
vn 0.9677 -0.0000 0.2519
vn 0.9930 -0.0000 0.1183
vn 0.9999 -0.0000 -0.0173
vn 0.9885 -0.0000 -0.1515
vn 0.9596 -0.0000 -0.2813
vn 0.9148 -0.0000 -0.4040
vn 0.8558 -0.0000 -0.5172
vn 0.7851 -0.0000 -0.6193
vn 0.7074 -0.0000 -0.7068
vn 0.6887 -0.0000 0.7251
vn 0.6203 -0.0000 0.7844
vn 0.5151 -0.0000 0.8572
vn 0.3933 -0.0000 0.9194
vn 0.2576 -0.0000 0.9662
vn 0.1129 -0.0000 0.9936
vn -0.0347 -0.0000 0.9994
vn -0.1783 -0.0000 0.9840
vn -0.3123 -0.0000 0.9500
vn -0.4330 -0.0000 0.9014
vn -0.5384 -0.0000 0.8427
vn -0.6285 -0.0000 0.7778
vn -0.7086 -0.0000 0.7056
vn -0.7862 -0.0000 0.6180
vn -0.8579 -0.0000 0.5138
vn -0.9176 -0.0000 0.3975
vn -0.9625 -0.0000 0.2714
vn -0.9904 -0.0000 0.1383
vn -1.0000 -0.0000 0.0015
vn -0.9908 -0.0000 -0.1352
vn -0.9634 -0.0000 -0.2681
vn -0.9191 -0.0000 -0.3939
vn -0.8603 -0.0000 -0.5099
vn -0.7894 -0.0000 -0.6138
vn -0.7251 -0.0000 -0.6886
vn -0.6886 -0.0000 -0.7252
vn -0.6663 -0.0000 -0.7457
vn -0.6426 -0.0000 -0.7662
vn -0.6178 -0.0000 -0.7863
vn -0.5923 -0.0000 -0.8057
vn -0.5665 -0.0000 -0.8241
vn -0.5409 -0.0000 -0.8411
vn -0.5159 -0.0000 -0.8566
vn -0.4919 -0.0000 -0.8707
vn -0.4690 -0.0000 -0.8832
vn -0.4477 -0.0000 -0.8942
vn -0.9865 -0.0000 -0.1641
vn 0.4171 -0.0000 0.9089
vn 0.4398 -0.0000 0.8981
vn 0.4650 -0.0000 0.8853
vn 0.4925 -0.0000 0.8703
vn 0.5215 -0.0000 0.8533
vn 0.5514 -0.0000 0.8343
vn 0.5814 -0.0000 0.8136
vn 0.6107 -0.0000 0.7919
vn 0.6386 -0.0000 0.7695
vn 0.6645 -0.0000 0.7473
vn 0.6881 -0.0000 0.7256
vn 0.7255 -0.0000 0.6882
vn 0.7916 -0.0000 0.6110
vn 0.8649 -0.0000 0.5020
vn 0.9256 -0.0000 0.3786
vn 0.9698 -0.0000 0.2438
vn 0.9948 -0.0000 0.1023
vn 0.9992 -0.0000 -0.0408
vn 0.9836 -0.0000 -0.1801
vn 0.9503 -0.0000 -0.3112
vn 0.9024 -0.0000 -0.4308
vn 0.8435 -0.0000 -0.5372
vn 0.7768 -0.0000 -0.6297
vn 0.7108 -0.0000 -0.7034
vn 0.6494 -0.0000 -0.7605
vn 0.5803 -0.0000 -0.8144
vn 0.4928 -0.0000 -0.8702
vn 0.3834 -0.0000 -0.9236
vn 0.2506 -0.0000 -0.9681
vn 0.0969 -0.0000 -0.9953
vn -0.0694 -0.0000 -0.9976
vn -0.2357 -0.0000 -0.9718
vn -0.3887 -0.0000 -0.9214
vn -0.5195 -0.0000 -0.8544
vn -0.6254 -0.0000 -0.7803
vn -0.6904 -0.0000 -0.7234
vn -0.1809 -0.0000 0.9835
vn 0.3892 -0.0000 0.9212
vn 0.9998 -0.0000 0.0195
vn 0.9968 -0.0000 0.0798
vn 0.9903 -0.0000 0.1390
vn 0.9803 -0.0000 0.1977
vn 0.9666 -0.0000 0.2564
vn 0.9489 -0.0000 0.3156
vn 0.9266 -0.0000 0.3760
vn 0.8649 -0.0000 0.5019
vn 0.8230 -0.0000 0.5681
vn 0.7714 -0.0000 0.6363
vn 0.7048 -0.0000 0.7094
vn 0.6161 -0.0000 0.7877
vn 0.5066 -0.0000 0.8622
vn 0.3812 -0.0000 0.9245
vn 0.2429 -0.0000 0.9701
vn 0.0969 -0.0000 0.9953
vn -0.0504 -0.0000 0.9987
vn -0.1925 -0.0000 0.9813
vn -0.3241 -0.0000 0.9460
vn -0.4418 -0.0000 0.8971
vn -0.5441 -0.0000 0.8390
vn -0.6312 -0.0000 0.7756
vn -0.6878 -0.0000 0.7259
vn 0.6897 -0.0000 -0.7241
vn 0.6385 -0.0000 -0.7696
vn 0.5572 -0.0000 -0.8304
vn 0.4571 -0.0000 -0.8894
vn 0.3367 -0.0000 -0.9416
vn 0.1969 -0.0000 -0.9804
vn 0.0427 -0.0000 -0.9991
vn -0.1171 -0.0000 -0.9931
vn -0.2716 -0.0000 -0.9624
vn -0.4115 -0.0000 -0.9114
vn -0.5313 -0.0000 -0.8472
vn -0.6296 -0.0000 -0.7769
vn -0.7075 -0.0000 -0.7067
vn -0.7708 -0.0000 -0.6370
vn -0.8257 -0.0000 -0.5641
vn -0.8731 -0.0000 -0.4875
vn -0.9127 -0.0000 -0.4087
vn -0.9443 -0.0000 -0.3290
vn -0.9683 -0.0000 -0.2498
vn -0.9851 -0.0000 -0.1721
vn -0.9953 -0.0000 -0.0968
vn -0.9997 -0.0000 -0.0245
vn -0.9990 -0.0000 0.0445
vn -0.9939 -0.0000 0.1099
vn -0.8937 -0.0000 0.4487
vn 0.2299 -0.0000 0.9732
vn 0.2646 -0.0000 0.9644
vn 0.3036 -0.0000 0.9528
vn 0.3469 -0.0000 0.9379
vn 0.3939 -0.0000 0.9192
vn 0.4435 -0.0000 0.8963
vn 0.4942 -0.0000 0.8693
vn 0.5445 -0.0000 0.8388
vn 0.5925 -0.0000 0.8056
vn 0.6365 -0.0000 0.7713
vn 0.6754 -0.0000 0.7374
vn 0.7236 -0.0000 0.6902
vn 0.7945 -0.0000 0.6072
vn 0.8693 -0.0000 0.4943
vn 0.9299 -0.0000 0.3679
vn 0.9728 -0.0000 0.2315
vn 0.9960 -0.0000 0.0899
vn 0.9987 -0.0000 -0.0518
vn 0.9820 -0.0000 -0.1888
vn 0.9483 -0.0000 -0.3173
vn 0.9007 -0.0000 -0.4344
vn 0.8424 -0.0000 -0.5389
vn 0.7764 -0.0000 -0.6303
vn 0.7039 -0.0000 -0.7103
vn 0.6199 -0.0000 -0.7847
vn 0.5191 -0.0000 -0.8547
vn 0.4019 -0.0000 -0.9157
vn 0.2701 -0.0000 -0.9628
vn 0.1276 -0.0000 -0.9918
vn -0.0196 -0.0000 -0.9998
vn -0.1650 -0.0000 -0.9863
vn -0.3022 -0.0000 -0.9533
vn -0.4267 -0.0000 -0.9044
vn -0.5362 -0.0000 -0.8441
vn -0.6299 -0.0000 -0.7767
vn -0.6987 -0.0000 -0.7154
vn -0.7397 -0.0000 -0.6729
vn -0.7686 -0.0000 -0.6397
vn -0.7957 -0.0000 -0.6057
vn -0.8206 -0.0000 -0.5716
vn -0.8429 -0.0000 -0.5380
vn -0.8627 -0.0000 -0.5056
vn -0.8800 -0.0000 -0.4749
vn -0.8949 -0.0000 -0.4463
vn -0.9075 -0.0000 -0.4200
vn -0.9181 -0.0000 -0.3963
vn -0.9270 -0.0000 -0.3751
vn -0.2059 -0.0000 -0.9786
vn 0.9789 -0.0000 -0.2044
vn 0.9200 -0.0000 0.3920
vn 0.9004 -0.0000 0.4351
vn 0.8824 -0.0000 0.4705
vn 0.8656 -0.0000 0.5008
vn 0.8493 -0.0000 0.5278
vn 0.8332 -0.0000 0.5529
vn 0.8168 -0.0000 0.5770
vn 0.7995 -0.0000 0.6007
vn 0.7808 -0.0000 0.6248
vn 0.7600 -0.0000 0.6499
vn 0.7364 -0.0000 0.6766
vn 0.6958 -0.0000 0.7182
vn 0.6205 -0.0000 0.7842
vn 0.5187 -0.0000 0.8549
vn 0.4045 -0.0000 0.9145
vn 0.2796 -0.0000 0.9601
vn 0.1467 -0.0000 0.9892
vn 0.0093 -0.0000 1.0000
vn -0.1288 -0.0000 0.9917
vn -0.2634 -0.0000 0.9647
vn -0.3910 -0.0000 0.9204
vn -0.5083 -0.0000 0.8612
vn -0.6133 -0.0000 0.7899
vn -0.7012 -0.0000 0.7130
vn -0.7736 -0.0000 0.6337
vn -0.8387 -0.0000 0.5446
vn -0.8977 -0.0000 0.4405
vn -0.9470 -0.0000 0.3214
vn -0.9820 -0.0000 0.1887
vn -0.9989 -0.0000 0.0461
vn -0.9949 -0.0000 -0.1011
vn -0.9692 -0.0000 -0.2463
vn -0.9237 -0.0000 -0.3832
vn -0.8621 -0.0000 -0.5067
vn -0.7893 -0.0000 -0.6140
vn -0.7230 -0.0000 -0.6909
vn -0.6805 -0.0000 -0.7327
vn -0.6492 -0.0000 -0.7607
vn -0.6155 -0.0000 -0.7882
vn -0.5802 -0.0000 -0.8145
vn -0.5444 -0.0000 -0.8389
vn -0.5091 -0.0000 -0.8607
vn -0.4755 -0.0000 -0.8797
vn -0.4448 -0.0000 -0.8956
vn -0.4178 -0.0000 -0.9085
vn -0.3953 -0.0000 -0.9186
vn -0.3775 -0.0000 -0.9260
vn 0.2003 -0.0000 -0.9797
vn 0.9601 -0.0000 0.2797
vn 0.9733 -0.0000 0.2296
vn 0.9628 -0.0000 0.2704
vn 0.9489 -0.0000 0.3157
vn 0.9312 -0.0000 0.3644
vn 0.9098 -0.0000 0.4150
vn 0.8849 -0.0000 0.4658
vn 0.8571 -0.0000 0.5152
vn 0.8274 -0.0000 0.5617
vn 0.7967 -0.0000 0.6043
vn 0.7663 -0.0000 0.6424
vn 0.7371 -0.0000 0.6758
vn 0.6915 -0.0000 0.7224
vn 0.6026 -0.0000 0.7980
vn 0.4788 -0.0000 0.8779
vn 0.3418 -0.0000 0.9398
vn 0.1980 -0.0000 0.9802
vn 0.0541 -0.0000 0.9985
vn -0.0846 -0.0000 0.9964
vn -0.2142 -0.0000 0.9768
vn -0.3332 -0.0000 0.9429
vn -0.4411 -0.0000 0.8975
vn -0.5385 -0.0000 0.8426
vn -0.6261 -0.0000 0.7797
vn -0.7052 -0.0000 0.7090
vn -0.7781 -0.0000 0.6282
vn -0.8452 -0.0000 0.5345
vn -0.9039 -0.0000 0.4277
vn -0.9512 -0.0000 0.3086
vn -0.9839 -0.0000 0.1790
vn -0.9991 -0.0000 0.0417
vn -0.9950 -0.0000 -0.0994
vn -0.9709 -0.0000 -0.2395
vn -0.9275 -0.0000 -0.3738
vn -0.8672 -0.0000 -0.4980
vn -0.7933 -0.0000 -0.6088
vn -0.7107 -0.0000 -0.7035
vn -0.6179 -0.0000 -0.7863
vn -0.5066 -0.0000 -0.8622
vn -0.3743 -0.0000 -0.9273
vn -0.2251 -0.0000 -0.9743
vn -0.0667 -0.0000 -0.9978
vn 0.0907 -0.0000 -0.9959
vn 0.2375 -0.0000 -0.9714
vn 0.3673 -0.0000 -0.9301
vn 0.4777 -0.0000 -0.8785
vn 0.5690 -0.0000 -0.8223
vn 0.6436 -0.0000 -0.7653
vn 0.9997 -0.0000 -0.0228
vn 0.9948 -0.0000 -0.1016
vn 0.5136 -0.0000 -0.8581
vn 0.4278 -0.0000 -0.9039
vn 0.3264 -0.0000 -0.9452
vn 0.2096 -0.0000 -0.9778
vn 0.0798 -0.0000 -0.9968
vn -0.0581 -0.0000 -0.9983
vn -0.1969 -0.0000 -0.9804
vn -0.3291 -0.0000 -0.9443
vn -0.4486 -0.0000 -0.8938
vn -0.5518 -0.0000 -0.8340
vn -0.6380 -0.0000 -0.7701
vn -0.7039 -0.0000 -0.7103
vn -0.7511 -0.0000 -0.6602
vn -0.7895 -0.0000 -0.6138
vn -0.8241 -0.0000 -0.5664
vn -0.8548 -0.0000 -0.5190
vn -0.8814 -0.0000 -0.4723
vn -0.9043 -0.0000 -0.4268
vn -0.9398 -0.0000 -0.3417
vn -0.9531 -0.0000 -0.3028
vn -0.9638 -0.0000 -0.2665
vn -0.9725 -0.0000 -0.2330
vn -0.2811 -0.0000 -0.9597
vn 0.9587 -0.0000 -0.2843
vn -0.5990 -0.0000 0.8008
vn -0.5126 -0.0000 0.8586
vn -0.4120 -0.0000 0.9112
vn -0.2969 -0.0000 0.9549
vn -0.1685 -0.0000 0.9857
vn -0.0298 -0.0000 0.9996
vn 0.1141 -0.0000 0.9935
vn 0.2568 -0.0000 0.9665
vn 0.3919 -0.0000 0.9200
vn 0.5139 -0.0000 0.8578
vn 0.6198 -0.0000 0.7848
vn 0.7066 -0.0000 0.7076
vn 0.7792 -0.0000 0.6267
vn 0.8458 -0.0000 0.5335
vn 0.9056 -0.0000 0.4242
vn 0.9536 -0.0000 0.3010
vn 0.9857 -0.0000 0.1684
vn 0.9995 -0.0000 0.0326
vn 0.9950 -0.0000 -0.0996
vn 0.9749 -0.0000 -0.2227
vn 0.9429 -0.0000 -0.3330
vn 0.9032 -0.0000 -0.4292
vn 0.8593 -0.0000 -0.5114
vn 0.1006 -0.0000 -0.9949
vn -0.9988 -0.0000 0.0483
vn -0.9649 -0.0000 -0.2627
vn -0.5887 -0.0000 -0.8083
vn 0.5976 -0.0000 -0.8018
vn 0.3004 -0.0000 0.9538
vn 0.6180 -0.0000 0.7861
vt 0.126454 0.688990
vt 0.194370 0.688990
vt 0.194370 0.756907
vt 0.126454 0.756907
vt 0.194370 0.824823
vt 0.126454 0.824823
vt 0.194370 0.892740
vt 0.126454 0.892740
vt 0.194370 0.960656
vt 0.126454 0.960656
vt 0.058537 0.824823
vt 0.058537 0.892740
vt 0.262287 0.824823
vt 0.262287 0.892740
vt 0.733035 0.141856
vt 0.739695 0.141856
vt 0.736365 0.141856
vt 0.743026 0.141856
vt 0.729705 0.141856
vt 0.746356 0.141856
vt 0.726374 0.141856
vt 0.749687 0.141856
vt 0.753017 0.141856
vt 0.723044 0.141856
vt 0.756347 0.141856
vt 0.866248 0.141856
vt 0.872909 0.141856
vt 0.869579 0.141856
vt 0.693071 0.141856
vt 0.719714 0.141856
vt 0.759678 0.141856
vt 0.763008 0.141856
vt 0.716383 0.141856
vt 0.766338 0.141856
vt 0.713053 0.141856
vt 0.769669 0.141856
vt 0.772999 0.141856
vt 0.709723 0.141856
vt 0.776329 0.141856
vt 0.706392 0.141856
vt 0.809633 0.141856
vt 0.806302 0.141856
vt 0.802972 0.141856
vt 0.799642 0.141856
vt 0.796311 0.141856
vt 0.792981 0.141856
vt 0.789651 0.141856
vt 0.786320 0.141856
vt 0.782990 0.141856
vt 0.779660 0.141856
vt 0.703062 0.141856
vt 0.816293 0.141856
vt 0.812963 0.141856
vt 0.699732 0.141856
vt 0.822954 0.141856
vt 0.819624 0.141856
vt 0.826284 0.141856
vt 0.829615 0.141856
vt 0.696401 0.141856
vt 0.832945 0.141856
vt 0.836275 0.141856
vt 0.849597 0.141856
vt 0.846267 0.141856
vt 0.842936 0.141856
vt 0.839605 0.141856
vt 0.852927 0.141856
vt 0.856257 0.141856
vt 0.859588 0.141856
vt 0.862918 0.141856
vt 0.755464 0.141856
vt 0.759134 0.141856
vt 0.757299 0.141856
vt 0.760969 0.141856
vt 0.753629 0.141856
vt 0.762804 0.141856
vt 0.751794 0.141856
vt 0.764639 0.141856
vt 0.749958 0.141856
vt 0.766474 0.141856
vt 0.748124 0.141856
vt 0.768309 0.141856
vt 0.746288 0.141856
vt 0.770144 0.141856
vt 0.744453 0.141856
vt 0.849053 0.141856
vt 0.850888 0.141856
vt 0.847218 0.141856
vt 0.852723 0.141856
vt 0.845383 0.141856
vt 0.854558 0.141856
vt 0.843548 0.141856
vt 0.771980 0.141856
vt 0.856393 0.141856
vt 0.742618 0.141856
vt 0.841713 0.141856
vt 0.858228 0.141856
vt 0.839878 0.141856
vt 0.860063 0.141856
vt 0.838042 0.141856
vt 0.861898 0.141856
vt 0.836208 0.141856
vt 0.740783 0.141856
vt 0.773814 0.141856
vt 0.863734 0.141856
vt 0.834372 0.141856
vt 0.865569 0.141856
vt 0.832537 0.141856
vt 0.738948 0.141856
vt 0.775650 0.141856
vt 0.867404 0.141856
vt 0.830702 0.141856
vt 0.869239 0.141856
vt 0.828867 0.141856
vt 0.737113 0.141856
vt 0.871074 0.141856
vt 0.777485 0.141856
vt 0.735278 0.141856
vt 0.779320 0.141856
vt 0.733443 0.141856
vt 0.781155 0.141856
vt 0.731608 0.141856
vt 0.784825 0.141856
vt 0.786660 0.141856
vt 0.729773 0.141856
vt 0.788495 0.141856
vt 0.727938 0.141856
vt 0.790330 0.141856
vt 0.823362 0.141856
vt 0.827032 0.141856
vt 0.825197 0.141856
vt 0.792165 0.141856
vt 0.821527 0.141856
vt 0.819692 0.141856
vt 0.726102 0.141856
vt 0.794001 0.141856
vt 0.817857 0.141856
vt 0.816021 0.141856
vt 0.795835 0.141856
vt 0.814186 0.141856
vt 0.797671 0.141856
vt 0.812351 0.141856
vt 0.724267 0.141856
vt 0.810516 0.141856
vt 0.799506 0.141856
vt 0.808681 0.141856
vt 0.801341 0.141856
vt 0.806846 0.141856
vt 0.805011 0.141856
vt 0.803176 0.141856
vt 0.722432 0.141856
vt 0.720597 0.141856
vt 0.694906 0.141856
vt 0.696741 0.141856
vt 0.718762 0.141856
vt 0.698576 0.141856
vt 0.700411 0.141856
vt 0.716927 0.141856
vt 0.702246 0.141856
vt 0.704081 0.141856
vt 0.715092 0.141856
vt 0.705917 0.141856
vt 0.707752 0.141856
vt 0.709587 0.141856
vt 0.713257 0.141856
vt 0.711422 0.141856
vt 0.846953 0.141856
vt 0.850661 0.141856
vt 0.848807 0.141856
vt 0.852515 0.141856
vt 0.854369 0.141856
vt 0.845099 0.141856
vt 0.856223 0.141856
vt 0.858077 0.141856
vt 0.859931 0.141856
vt 0.843245 0.141856
vt 0.861785 0.141856
vt 0.863639 0.141856
vt 0.865493 0.141856
vt 0.841391 0.141856
vt 0.867347 0.141856
vt 0.869201 0.141856
vt 0.871055 0.141856
vt 0.839537 0.141856
vt 0.706049 0.141856
vt 0.704195 0.141856
vt 0.702341 0.141856
vt 0.700487 0.141856
vt 0.698633 0.141856
vt 0.696779 0.141856
vt 0.694925 0.141856
vt 0.837683 0.141856
vt 0.709757 0.141856
vt 0.707903 0.141856
vt 0.835829 0.141856
vt 0.713465 0.141856
vt 0.711611 0.141856
vt 0.715319 0.141856
vt 0.717173 0.141856
vt 0.719027 0.141856
vt 0.833975 0.141856
vt 0.720881 0.141856
vt 0.722735 0.141856
vt 0.724589 0.141856
vt 0.832121 0.141856
vt 0.726443 0.141856
vt 0.728297 0.141856
vt 0.830267 0.141856
vt 0.730151 0.141856
vt 0.732005 0.141856
vt 0.828413 0.141856
vt 0.733859 0.141856
vt 0.826559 0.141856
vt 0.735713 0.141856
vt 0.737567 0.141856
vt 0.824705 0.141856
vt 0.739421 0.141856
vt 0.822851 0.141856
vt 0.741275 0.141856
vt 0.743129 0.141856
vt 0.820997 0.141856
vt 0.744983 0.141856
vt 0.746837 0.141856
vt 0.819143 0.141856
vt 0.748691 0.141856
vt 0.778355 0.141856
vt 0.782063 0.141856
vt 0.780209 0.141856
vt 0.750545 0.141856
vt 0.776501 0.141856
vt 0.817289 0.141856
vt 0.774647 0.141856
vt 0.752399 0.141856
vt 0.772793 0.141856
vt 0.770939 0.141856
vt 0.769085 0.141856
vt 0.754253 0.141856
vt 0.767231 0.141856
vt 0.765377 0.141856
vt 0.756107 0.141856
vt 0.763523 0.141856
vt 0.761669 0.141856
vt 0.757961 0.141856
vt 0.759815 0.141856
vt 0.815435 0.141856
vt 0.813581 0.141856
vt 0.811727 0.141856
vt 0.809873 0.141856
vt 0.783917 0.141856
vt 0.785771 0.141856
vt 0.787625 0.141856
vt 0.808019 0.141856
vt 0.789479 0.141856
vt 0.791333 0.141856
vt 0.793187 0.141856
vt 0.795041 0.141856
vt 0.806165 0.141856
vt 0.796895 0.141856
vt 0.798749 0.141856
vt 0.800603 0.141856
vt 0.804311 0.141856
vt 0.802457 0.141856
vt 0.771546 0.141856
vt 0.778085 0.141856
vt 0.774815 0.141856
vt 0.781355 0.141856
vt 0.859830 0.141856
vt 0.866370 0.141856
vt 0.863100 0.141856
vt 0.869639 0.141856
vt 0.768276 0.141856
vt 0.784625 0.141856
vt 0.787895 0.141856
vt 0.765006 0.141856
vt 0.791164 0.141856
vt 0.856560 0.141856
vt 0.794434 0.141856
vt 0.853290 0.141856
vt 0.761736 0.141856
vt 0.797704 0.141856
vt 0.850020 0.141856
vt 0.846751 0.141856
vt 0.800974 0.141856
vt 0.758467 0.141856
vt 0.843481 0.141856
vt 0.804244 0.141856
vt 0.840211 0.141856
vt 0.807513 0.141856
vt 0.836941 0.141856
vt 0.810783 0.141856
vt 0.833671 0.141856
vt 0.755197 0.141856
vt 0.830402 0.141856
vt 0.814053 0.141856
vt 0.827132 0.141856
vt 0.817323 0.141856
vt 0.823862 0.141856
vt 0.820593 0.141856
vt 0.696341 0.141856
vt 0.751927 0.141856
vt 0.699611 0.141856
vt 0.702880 0.141856
vt 0.748657 0.141856
vt 0.706150 0.141856
vt 0.745387 0.141856
vt 0.709420 0.141856
vt 0.712690 0.141856
vt 0.742118 0.141856
vt 0.715959 0.141856
vt 0.719229 0.141856
vt 0.738848 0.141856
vt 0.722499 0.141856
vt 0.735578 0.141856
vt 0.725769 0.141856
vt 0.729038 0.141856
vt 0.732308 0.141856
vt 0.777151 0.141856
vt 0.781822 0.141856
vt 0.779487 0.141856
vt 0.784158 0.141856
vt 0.746789 0.141856
vt 0.751460 0.141856
vt 0.749124 0.141856
vt 0.753796 0.141856
vt 0.756131 0.141856
vt 0.760802 0.141856
vt 0.763138 0.141856
vt 0.765473 0.141856
vt 0.767809 0.141856
vt 0.772480 0.141856
vt 0.739782 0.141856
vt 0.788829 0.141856
vt 0.786493 0.141856
vt 0.737446 0.141856
vt 0.798171 0.141856
vt 0.793500 0.141856
vt 0.735111 0.141856
vt 0.805178 0.141856
vt 0.802842 0.141856
vt 0.800507 0.141856
vt 0.732775 0.141856
vt 0.812185 0.141856
vt 0.809849 0.141856
vt 0.814520 0.141856
vt 0.816856 0.141856
vt 0.730440 0.141856
vt 0.819191 0.141856
vt 0.870574 0.141856
vt 0.728104 0.141856
vt 0.826198 0.141856
vt 0.828533 0.141856
vt 0.830869 0.141856
vt 0.833204 0.141856
vt 0.723433 0.141856
vt 0.835540 0.141856
vt 0.721098 0.141856
vt 0.837875 0.141856
vt 0.842547 0.141856
vt 0.844882 0.141856
vt 0.716426 0.141856
vt 0.714091 0.141856
vt 0.849553 0.141856
vt 0.851889 0.141856
vt 0.711755 0.141856
vt 0.854225 0.141856
vt 0.858896 0.141856
vt 0.861231 0.141856
vt 0.863567 0.141856
vt 0.707084 0.141856
vt 0.865902 0.141856
vt 0.868238 0.141856
vt 0.704749 0.141856
vt 0.702413 0.141856
vt 0.700078 0.141856
vt 0.697742 0.141856
vt 0.695407 0.141856
vt 0.757434 0.141856
vt 0.761220 0.141856
vt 0.759327 0.141856
vt 0.763113 0.141856
vt 0.755541 0.141856
vt 0.753648 0.141856
vt 0.766899 0.141856
vt 0.751755 0.141856
vt 0.768792 0.141856
vt 0.749862 0.141856
vt 0.770685 0.141856
vt 0.747969 0.141856
vt 0.772578 0.141856
vt 0.746076 0.141856
vt 0.850192 0.141856
vt 0.852085 0.141856
vt 0.848300 0.141856
vt 0.853979 0.141856
vt 0.846407 0.141856
vt 0.855872 0.141856
vt 0.844514 0.141856
vt 0.774471 0.141856
vt 0.744183 0.141856
vt 0.857765 0.141856
vt 0.842621 0.141856
vt 0.859658 0.141856
vt 0.840727 0.141856
vt 0.861551 0.141856
vt 0.838834 0.141856
vt 0.776364 0.141856
vt 0.742290 0.141856
vt 0.863444 0.141856
vt 0.865337 0.141856
vt 0.835048 0.141856
vt 0.778257 0.141856
vt 0.740397 0.141856
vt 0.867230 0.141856
vt 0.833155 0.141856
vt 0.780150 0.141856
vt 0.738504 0.141856
vt 0.869123 0.141856
vt 0.831262 0.141856
vt 0.871016 0.141856
vt 0.829369 0.141856
vt 0.782044 0.141856
vt 0.736611 0.141856
vt 0.827476 0.141856
vt 0.734718 0.141856
vt 0.783937 0.141856
vt 0.825583 0.141856
vt 0.785830 0.141856
vt 0.823690 0.141856
vt 0.732825 0.141856
vt 0.694964 0.141856
vt 0.787722 0.141856
vt 0.821797 0.141856
vt 0.789615 0.141856
vt 0.730932 0.141856
vt 0.819904 0.141856
vt 0.696857 0.141856
vt 0.791508 0.141856
vt 0.818011 0.141856
vt 0.698750 0.141856
vt 0.793402 0.141856
vt 0.816118 0.141856
vt 0.795295 0.141856
vt 0.814225 0.141856
vt 0.727145 0.141856
vt 0.700643 0.141856
vt 0.797188 0.141856
vt 0.812332 0.141856
vt 0.799081 0.141856
vt 0.810439 0.141856
vt 0.808546 0.141856
vt 0.725252 0.141856
vt 0.702536 0.141856
vt 0.802867 0.141856
vt 0.806653 0.141856
vt 0.804760 0.141856
vt 0.723360 0.141856
vt 0.704429 0.141856
vt 0.721467 0.141856
vt 0.706322 0.141856
vt 0.719574 0.141856
vt 0.708215 0.141856
vt 0.717680 0.141856
vt 0.710108 0.141856
vt 0.715787 0.141856
vt 0.712001 0.141856
vt 0.713894 0.141856
vt 0.693071 0.321694
vt 0.699272 0.321694
vt 0.699272 0.141856
vt 0.705473 0.321694
vt 0.705473 0.141856
vt 0.711675 0.321694
vt 0.711675 0.141856
vt 0.717876 0.321694
vt 0.717876 0.141856
vt 0.724078 0.321694
vt 0.724078 0.141856
vt 0.730279 0.321694
vt 0.730279 0.141856
vt 0.736480 0.321694
vt 0.736480 0.141856
vt 0.742682 0.321694
vt 0.742682 0.141856
vt 0.748883 0.321694
vt 0.748883 0.141856
vt 0.755084 0.321694
vt 0.755084 0.141856
vt 0.761285 0.321694
vt 0.761285 0.141856
vt 0.767487 0.321694
vt 0.767487 0.141856
vt 0.773688 0.321694
vt 0.773688 0.141856
vt 0.779889 0.321694
vt 0.779889 0.141856
vt 0.786090 0.321694
vt 0.786090 0.141856
vt 0.792292 0.321694
vt 0.792292 0.141856
vt 0.798493 0.321694
vt 0.798493 0.141856
vt 0.804695 0.321694
vt 0.804695 0.141856
vt 0.810896 0.321694
vt 0.810896 0.141856
vt 0.817097 0.321694
vt 0.817097 0.141856
vt 0.823299 0.321694
vt 0.823299 0.141856
vt 0.829500 0.321694
vt 0.829500 0.141856
vt 0.835701 0.321694
vt 0.835701 0.141856
vt 0.841902 0.321694
vt 0.841902 0.141856
vt 0.848104 0.321694
vt 0.848104 0.141856
vt 0.854305 0.321694
vt 0.854305 0.141856
vt 0.860506 0.321694
vt 0.860506 0.141856
vt 0.866708 0.321694
vt 0.866708 0.141856
vt 0.872909 0.321694
vt 0.699732 0.321694
vt 0.706392 0.321694
vt 0.713053 0.321694
vt 0.719714 0.321694
vt 0.726374 0.321694
vt 0.733035 0.321694
vt 0.739695 0.321694
vt 0.746356 0.321694
vt 0.753017 0.321694
vt 0.759678 0.321694
vt 0.766338 0.321694
vt 0.772999 0.321694
vt 0.779660 0.321694
vt 0.786320 0.321694
vt 0.792981 0.321694
vt 0.799642 0.321694
vt 0.806302 0.321694
vt 0.812963 0.321694
vt 0.819624 0.321694
vt 0.826284 0.321694
vt 0.832945 0.321694
vt 0.839605 0.321694
vt 0.846267 0.321694
vt 0.852927 0.321694
vt 0.859588 0.321694
vt 0.866248 0.321694
vt 0.696341 0.321694
vt 0.699611 0.321694
vt 0.702880 0.321694
vt 0.706150 0.321694
vt 0.709420 0.321694
vt 0.712690 0.321694
vt 0.715959 0.321694
vt 0.719229 0.321694
vt 0.722499 0.321694
vt 0.725769 0.321694
vt 0.729038 0.321694
vt 0.732308 0.321694
vt 0.735578 0.321694
vt 0.738848 0.321694
vt 0.742118 0.321694
vt 0.745387 0.321694
vt 0.748657 0.321694
vt 0.751927 0.321694
vt 0.755197 0.321694
vt 0.758467 0.321694
vt 0.761736 0.321694
vt 0.765006 0.321694
vt 0.768276 0.321694
vt 0.771546 0.321694
vt 0.774815 0.321694
vt 0.778085 0.321694
vt 0.781355 0.321694
vt 0.784625 0.321694
vt 0.787895 0.321694
vt 0.791164 0.321694
vt 0.794434 0.321694
vt 0.797704 0.321694
vt 0.800974 0.321694
vt 0.804244 0.321694
vt 0.807513 0.321694
vt 0.810783 0.321694
vt 0.814053 0.321694
vt 0.817323 0.321694
vt 0.820593 0.321694
vt 0.823862 0.321694
vt 0.827132 0.321694
vt 0.830402 0.321694
vt 0.833671 0.321694
vt 0.836941 0.321694
vt 0.840211 0.321694
vt 0.843481 0.321694
vt 0.846751 0.321694
vt 0.850020 0.321694
vt 0.853290 0.321694
vt 0.856560 0.321694
vt 0.859830 0.321694
vt 0.863100 0.321694
vt 0.866370 0.321694
vt 0.869639 0.321694
vt 0.696818 0.321694
vt 0.696818 0.141856
vt 0.700564 0.321694
vt 0.700564 0.141856
vt 0.704311 0.321694
vt 0.704311 0.141856
vt 0.708058 0.321694
vt 0.708058 0.141856
vt 0.711804 0.321694
vt 0.711804 0.141856
vt 0.715551 0.321694
vt 0.715551 0.141856
vt 0.719297 0.321694
vt 0.719297 0.141856
vt 0.723044 0.321694
vt 0.726790 0.321694
vt 0.726790 0.141856
vt 0.730537 0.321694
vt 0.730537 0.141856
vt 0.734284 0.321694
vt 0.734284 0.141856
vt 0.738030 0.321694
vt 0.738030 0.141856
vt 0.741777 0.321694
vt 0.741777 0.141856
vt 0.745524 0.321694
vt 0.745524 0.141856
vt 0.749270 0.321694
vt 0.749270 0.141856
vt 0.756763 0.321694
vt 0.756763 0.141856
vt 0.760510 0.321694
vt 0.760510 0.141856
vt 0.764257 0.321694
vt 0.764257 0.141856
vt 0.768003 0.321694
vt 0.768003 0.141856
vt 0.771750 0.321694
vt 0.771750 0.141856
vt 0.775497 0.321694
vt 0.775497 0.141856
vt 0.779243 0.321694
vt 0.779243 0.141856
vt 0.782990 0.321694
vt 0.786736 0.321694
vt 0.786736 0.141856
vt 0.790483 0.321694
vt 0.790483 0.141856
vt 0.794230 0.321694
vt 0.794230 0.141856
vt 0.797976 0.321694
vt 0.797976 0.141856
vt 0.801723 0.321694
vt 0.801723 0.141856
vt 0.805470 0.321694
vt 0.805470 0.141856
vt 0.809216 0.321694
vt 0.809216 0.141856
vt 0.816710 0.321694
vt 0.816710 0.141856
vt 0.820456 0.321694
vt 0.820456 0.141856
vt 0.824203 0.321694
vt 0.824203 0.141856
vt 0.827949 0.321694
vt 0.827949 0.141856
vt 0.831696 0.321694
vt 0.831696 0.141856
vt 0.835443 0.321694
vt 0.835443 0.141856
vt 0.839189 0.321694
vt 0.839189 0.141856
vt 0.842936 0.321694
vt 0.846683 0.321694
vt 0.846683 0.141856
vt 0.850429 0.321694
vt 0.850429 0.141856
vt 0.854176 0.321694
vt 0.854176 0.141856
vt 0.857923 0.321694
vt 0.857923 0.141856
vt 0.861669 0.321694
vt 0.861669 0.141856
vt 0.865416 0.321694
vt 0.865416 0.141856
vt 0.869162 0.321694
vt 0.869162 0.141856
vt 0.697567 0.321694
vt 0.697567 0.141856
vt 0.702063 0.321694
vt 0.702063 0.141856
vt 0.706559 0.321694
vt 0.706559 0.141856
vt 0.711055 0.321694
vt 0.711055 0.141856
vt 0.720047 0.321694
vt 0.720047 0.141856
vt 0.724543 0.321694
vt 0.724543 0.141856
vt 0.733535 0.321694
vt 0.733535 0.141856
vt 0.742526 0.321694
vt 0.742526 0.141856
vt 0.747022 0.321694
vt 0.747022 0.141856
vt 0.751518 0.321694
vt 0.751518 0.141856
vt 0.756014 0.321694
vt 0.756014 0.141856
vt 0.769502 0.321694
vt 0.769502 0.141856
vt 0.773998 0.321694
vt 0.773998 0.141856
vt 0.778494 0.321694
vt 0.778494 0.141856
vt 0.787486 0.321694
vt 0.787486 0.141856
vt 0.791982 0.321694
vt 0.791982 0.141856
vt 0.796478 0.321694
vt 0.796478 0.141856
vt 0.809966 0.321694
vt 0.809966 0.141856
vt 0.814461 0.321694
vt 0.814461 0.141856
vt 0.818958 0.321694
vt 0.818958 0.141856
vt 0.823453 0.321694
vt 0.823453 0.141856
vt 0.832446 0.321694
vt 0.832446 0.141856
vt 0.841438 0.321694
vt 0.841438 0.141856
vt 0.845933 0.321694
vt 0.845933 0.141856
vt 0.854925 0.321694
vt 0.854925 0.141856
vt 0.859421 0.321694
vt 0.859421 0.141856
vt 0.863917 0.321694
vt 0.863917 0.141856
vt 0.868413 0.321694
vt 0.868413 0.141856
vt 0.697804 0.321694
vt 0.697804 0.141856
vt 0.702536 0.321694
vt 0.707269 0.321694
vt 0.707269 0.141856
vt 0.712001 0.321694
vt 0.716734 0.321694
vt 0.716734 0.141856
vt 0.721467 0.321694
vt 0.726199 0.321694
vt 0.726199 0.141856
vt 0.730932 0.321694
vt 0.735664 0.321694
vt 0.735664 0.141856
vt 0.740397 0.321694
vt 0.745129 0.321694
vt 0.745129 0.141856
vt 0.749862 0.321694
vt 0.754595 0.321694
vt 0.754595 0.141856
vt 0.759327 0.321694
vt 0.764060 0.321694
vt 0.764060 0.141856
vt 0.768792 0.321694
vt 0.773525 0.321694
vt 0.773525 0.141856
vt 0.778257 0.321694
vt 0.787722 0.321694
vt 0.792455 0.321694
vt 0.792455 0.141856
vt 0.797188 0.321694
vt 0.801920 0.321694
vt 0.801920 0.141856
vt 0.806653 0.321694
vt 0.811385 0.321694
vt 0.811385 0.141856
vt 0.816118 0.321694
vt 0.820851 0.321694
vt 0.820851 0.141856
vt 0.825583 0.321694
vt 0.830316 0.321694
vt 0.830316 0.141856
vt 0.835048 0.321694
vt 0.839781 0.321694
vt 0.839781 0.141856
vt 0.844514 0.321694
vt 0.849246 0.321694
vt 0.849246 0.141856
vt 0.853979 0.321694
vt 0.858711 0.321694
vt 0.858711 0.141856
vt 0.863444 0.321694
vt 0.868177 0.321694
vt 0.868177 0.141856
vt 0.696282 0.321694
vt 0.696282 0.141856
vt 0.699494 0.321694
vt 0.699494 0.141856
vt 0.702705 0.321694
vt 0.702705 0.141856
vt 0.705917 0.321694
vt 0.709128 0.321694
vt 0.709128 0.141856
vt 0.712339 0.321694
vt 0.712339 0.141856
vt 0.718762 0.321694
vt 0.721974 0.321694
vt 0.721974 0.141856
vt 0.725185 0.321694
vt 0.725185 0.141856
vt 0.728396 0.321694
vt 0.728396 0.141856
vt 0.731608 0.321694
vt 0.734819 0.321694
vt 0.734819 0.141856
vt 0.741242 0.321694
vt 0.741242 0.141856
vt 0.744453 0.321694
vt 0.747665 0.321694
vt 0.747665 0.141856
vt 0.750876 0.321694
vt 0.750876 0.141856
vt 0.754087 0.321694
vt 0.754087 0.141856
vt 0.757299 0.321694
vt 0.763722 0.321694
vt 0.763722 0.141856
vt 0.766933 0.321694
vt 0.766933 0.141856
vt 0.770144 0.321694
vt 0.773356 0.321694
vt 0.773356 0.141856
vt 0.776567 0.321694
vt 0.776567 0.141856
vt 0.779779 0.321694
vt 0.779779 0.141856
vt 0.786202 0.321694
vt 0.786202 0.141856
vt 0.789413 0.321694
vt 0.789413 0.141856
vt 0.792624 0.321694
vt 0.792624 0.141856
vt 0.795835 0.321694
vt 0.799047 0.321694
vt 0.799047 0.141856
vt 0.802258 0.321694
vt 0.802258 0.141856
vt 0.808681 0.321694
vt 0.811892 0.321694
vt 0.811892 0.141856
vt 0.815104 0.321694
vt 0.815104 0.141856
vt 0.818315 0.321694
vt 0.818315 0.141856
vt 0.821527 0.321694
vt 0.824738 0.321694
vt 0.824738 0.141856
vt 0.831161 0.321694
vt 0.831161 0.141856
vt 0.834372 0.321694
vt 0.837584 0.321694
vt 0.837584 0.141856
vt 0.840795 0.321694
vt 0.840795 0.141856
vt 0.844007 0.321694
vt 0.844007 0.141856
vt 0.847218 0.321694
vt 0.853641 0.321694
vt 0.853641 0.141856
vt 0.856852 0.321694
vt 0.856852 0.141856
vt 0.860063 0.321694
vt 0.863275 0.321694
vt 0.863275 0.141856
vt 0.866486 0.321694
vt 0.866486 0.141856
vt 0.869698 0.321694
vt 0.869698 0.141856
vt 0.694906 0.321694
vt 0.696741 0.321694
vt 0.698576 0.321694
vt 0.700411 0.321694
vt 0.702246 0.321694
vt 0.704081 0.321694
vt 0.707752 0.321694
vt 0.709587 0.321694
vt 0.711422 0.321694
vt 0.713257 0.321694
vt 0.715092 0.321694
vt 0.716927 0.321694
vt 0.720597 0.321694
vt 0.722432 0.321694
vt 0.724267 0.321694
vt 0.726102 0.321694
vt 0.727938 0.321694
vt 0.729773 0.321694
vt 0.733443 0.321694
vt 0.735278 0.321694
vt 0.737113 0.321694
vt 0.738948 0.321694
vt 0.740783 0.321694
vt 0.742618 0.321694
vt 0.746288 0.321694
vt 0.748124 0.321694
vt 0.749958 0.321694
vt 0.751794 0.321694
vt 0.753629 0.321694
vt 0.755464 0.321694
vt 0.759134 0.321694
vt 0.760969 0.321694
vt 0.762804 0.321694
vt 0.764639 0.321694
vt 0.766474 0.321694
vt 0.768309 0.321694
vt 0.771980 0.321694
vt 0.773814 0.321694
vt 0.775650 0.321694
vt 0.777485 0.321694
vt 0.779320 0.321694
vt 0.781155 0.321694
vt 0.784825 0.321694
vt 0.786660 0.321694
vt 0.788495 0.321694
vt 0.790330 0.321694
vt 0.792165 0.321694
vt 0.794001 0.321694
vt 0.797671 0.321694
vt 0.799506 0.321694
vt 0.801341 0.321694
vt 0.803176 0.321694
vt 0.805011 0.321694
vt 0.806846 0.321694
vt 0.810516 0.321694
vt 0.812351 0.321694
vt 0.814186 0.321694
vt 0.816021 0.321694
vt 0.817857 0.321694
vt 0.819692 0.321694
vt 0.823362 0.321694
vt 0.825197 0.321694
vt 0.827032 0.321694
vt 0.828867 0.321694
vt 0.830702 0.321694
vt 0.832537 0.321694
vt 0.836208 0.321694
vt 0.838042 0.321694
vt 0.839878 0.321694
vt 0.841713 0.321694
vt 0.843548 0.321694
vt 0.845383 0.321694
vt 0.849053 0.321694
vt 0.850888 0.321694
vt 0.852723 0.321694
vt 0.854558 0.321694
vt 0.856393 0.321694
vt 0.858228 0.321694
vt 0.861898 0.321694
vt 0.863734 0.321694
vt 0.865569 0.321694
vt 0.867404 0.321694
vt 0.869239 0.321694
vt 0.871074 0.321694
vt 0.695501 0.321694
vt 0.695501 0.141856
vt 0.697931 0.321694
vt 0.697931 0.141856
vt 0.700362 0.321694
vt 0.700362 0.141856
vt 0.702792 0.321694
vt 0.702792 0.141856
vt 0.705222 0.321694
vt 0.705222 0.141856
vt 0.707652 0.321694
vt 0.707652 0.141856
vt 0.710083 0.321694
vt 0.710083 0.141856
vt 0.712513 0.321694
vt 0.712513 0.141856
vt 0.714943 0.321694
vt 0.714943 0.141856
vt 0.717373 0.321694
vt 0.717373 0.141856
vt 0.719804 0.321694
vt 0.719804 0.141856
vt 0.722234 0.321694
vt 0.722234 0.141856
vt 0.724664 0.321694
vt 0.724664 0.141856
vt 0.727094 0.321694
vt 0.727094 0.141856
vt 0.729525 0.321694
vt 0.729525 0.141856
vt 0.731955 0.321694
vt 0.731955 0.141856
vt 0.734385 0.321694
vt 0.734385 0.141856
vt 0.736815 0.321694
vt 0.736815 0.141856
vt 0.739245 0.321694
vt 0.739245 0.141856
vt 0.741676 0.321694
vt 0.741676 0.141856
vt 0.744106 0.321694
vt 0.744106 0.141856
vt 0.746536 0.321694
vt 0.746536 0.141856
vt 0.748967 0.321694
vt 0.748967 0.141856
vt 0.751397 0.321694
vt 0.751397 0.141856
vt 0.753827 0.321694
vt 0.753827 0.141856
vt 0.756257 0.321694
vt 0.756257 0.141856
vt 0.758687 0.321694
vt 0.758687 0.141856
vt 0.761118 0.321694
vt 0.761118 0.141856
vt 0.763548 0.321694
vt 0.763548 0.141856
vt 0.765978 0.321694
vt 0.765978 0.141856
vt 0.768408 0.321694
vt 0.768408 0.141856
vt 0.770839 0.321694
vt 0.770839 0.141856
vt 0.773269 0.321694
vt 0.773269 0.141856
vt 0.775699 0.321694
vt 0.775699 0.141856
vt 0.778130 0.321694
vt 0.778130 0.141856
vt 0.780560 0.321694
vt 0.780560 0.141856
vt 0.785420 0.321694
vt 0.785420 0.141856
vt 0.787851 0.321694
vt 0.787851 0.141856
vt 0.790281 0.321694
vt 0.790281 0.141856
vt 0.792711 0.321694
vt 0.792711 0.141856
vt 0.795141 0.321694
vt 0.795141 0.141856
vt 0.797571 0.321694
vt 0.797571 0.141856
vt 0.800002 0.321694
vt 0.800002 0.141856
vt 0.802432 0.321694
vt 0.802432 0.141856
vt 0.804862 0.321694
vt 0.804862 0.141856
vt 0.807292 0.321694
vt 0.807292 0.141856
vt 0.809723 0.321694
vt 0.809723 0.141856
vt 0.812153 0.321694
vt 0.812153 0.141856
vt 0.814583 0.321694
vt 0.814583 0.141856
vt 0.817014 0.321694
vt 0.817014 0.141856
vt 0.819444 0.321694
vt 0.819444 0.141856
vt 0.821874 0.321694
vt 0.821874 0.141856
vt 0.824304 0.321694
vt 0.824304 0.141856
vt 0.826734 0.321694
vt 0.826734 0.141856
vt 0.829165 0.321694
vt 0.829165 0.141856
vt 0.831595 0.321694
vt 0.831595 0.141856
vt 0.834025 0.321694
vt 0.834025 0.141856
vt 0.836455 0.321694
vt 0.836455 0.141856
vt 0.838885 0.321694
vt 0.838885 0.141856
vt 0.841316 0.321694
vt 0.841316 0.141856
vt 0.843746 0.321694
vt 0.843746 0.141856
vt 0.846177 0.321694
vt 0.846177 0.141856
vt 0.848607 0.321694
vt 0.848607 0.141856
vt 0.851037 0.321694
vt 0.851037 0.141856
vt 0.853467 0.321694
vt 0.853467 0.141856
vt 0.855897 0.321694
vt 0.855897 0.141856
vt 0.858328 0.321694
vt 0.858328 0.141856
vt 0.860758 0.321694
vt 0.860758 0.141856
vt 0.863188 0.321694
vt 0.863188 0.141856
vt 0.865618 0.321694
vt 0.865618 0.141856
vt 0.868048 0.321694
vt 0.868048 0.141856
vt 0.870479 0.321694
vt 0.870479 0.141856
vt 0.700265 0.321694
vt 0.700265 0.141856
vt 0.707458 0.321694
vt 0.707458 0.141856
vt 0.714651 0.321694
vt 0.714651 0.141856
vt 0.721845 0.321694
vt 0.721845 0.141856
vt 0.736232 0.321694
vt 0.736232 0.141856
vt 0.743426 0.321694
vt 0.743426 0.141856
vt 0.750619 0.321694
vt 0.750619 0.141856
vt 0.757813 0.321694
vt 0.757813 0.141856
vt 0.772200 0.321694
vt 0.772200 0.141856
vt 0.779393 0.321694
vt 0.779393 0.141856
vt 0.786587 0.321694
vt 0.786587 0.141856
vt 0.793780 0.321694
vt 0.793780 0.141856
vt 0.808167 0.321694
vt 0.808167 0.141856
vt 0.815361 0.321694
vt 0.815361 0.141856
vt 0.822554 0.321694
vt 0.822554 0.141856
vt 0.829748 0.321694
vt 0.829748 0.141856
vt 0.844135 0.321694
vt 0.844135 0.141856
vt 0.851328 0.321694
vt 0.851328 0.141856
vt 0.858522 0.321694
vt 0.858522 0.141856
vt 0.865716 0.321694
vt 0.865716 0.141856
s 0
f 1/1/1 2/2/1 4/3/1 3/4/1
f 3/4/2 4/3/2 8/5/2 7/6/2
f 7/6/3 8/5/3 6/7/3 5/8/3
f 5/8/4 6/7/4 2/9/4 1/10/4
f 3/11/5 7/6/5 5/8/5 1/12/5
f 8/5/6 4/13/6 2/14/6 6/7/6
f 21/15/6 23/16/6 22/17/6
f 21/15/6 24/18/6 23/16/6
f 20/19/6 24/18/6 21/15/6
f 20/19/6 25/20/6 24/18/6
f 19/21/6 25/20/6 20/19/6
f 19/21/6 26/22/6 25/20/6
f 19/21/6 27/23/6 26/22/6
f 18/24/6 27/23/6 19/21/6
f 18/24/6 28/25/6 27/23/6
f 61/26/6 63/27/6 62/28/6
f 61/26/6 9/29/6 63/27/6
f 17/30/6 28/25/6 18/24/6
f 17/30/6 29/31/6 28/25/6
f 17/30/6 30/32/6 29/31/6
f 16/33/6 30/32/6 17/30/6
f 16/33/6 31/34/6 30/32/6
f 15/35/6 31/34/6 16/33/6
f 15/35/6 32/36/6 31/34/6
f 15/35/6 33/37/6 32/36/6
f 14/38/6 33/37/6 15/35/6
f 14/38/6 34/39/6 33/37/6
f 13/40/6 34/39/6 14/38/6
f 13/40/6 44/41/6 34/39/6
f 44/41/6 43/42/6 34/39/6
f 43/42/6 42/43/6 34/39/6
f 42/43/6 41/44/6 34/39/6
f 41/44/6 40/45/6 34/39/6
f 40/45/6 39/46/6 34/39/6
f 39/46/6 38/47/6 34/39/6
f 38/47/6 37/48/6 34/39/6
f 37/48/6 36/49/6 34/39/6
f 36/49/6 35/50/6 34/39/6
f 12/51/6 46/52/6 13/40/6
f 46/52/6 45/53/6 13/40/6
f 45/53/7 44/41/7 13/40/7
f 11/54/6 48/55/6 12/51/6
f 48/55/6 47/56/6 12/51/6
f 47/56/8 46/52/8 12/51/8
f 11/54/6 49/57/6 48/55/6
f 11/54/6 50/58/6 49/57/6
f 10/59/6 50/58/6 11/54/6
f 10/59/6 51/60/6 50/58/6
f 10/59/6 52/61/6 51/60/6
f 61/26/6 10/59/6 9/29/6
f 61/26/6 56/62/6 10/59/6
f 56/62/6 55/63/6 10/59/6
f 55/63/6 54/64/6 10/59/6
f 54/64/6 53/65/6 10/59/6
f 53/65/6 52/61/6 10/59/6
f 61/26/6 57/66/6 56/62/6
f 61/26/6 58/67/6 57/66/6
f 61/26/6 59/68/6 58/67/6
f 61/26/6 60/69/6 59/68/6
f 98/70/6 100/71/6 99/72/6
f 98/70/6 101/73/6 100/71/6
f 97/74/6 101/73/6 98/70/6
f 97/74/6 102/75/6 101/73/6
f 96/76/6 102/75/6 97/74/6
f 96/76/6 103/77/6 102/75/6
f 95/78/6 103/77/6 96/76/6
f 95/78/6 104/79/6 103/77/6
f 94/80/6 104/79/6 95/78/6
f 94/80/6 105/81/6 104/79/6
f 93/82/6 105/81/6 94/80/6
f 93/82/6 106/83/6 105/81/6
f 92/84/6 149/85/6 93/82/6
f 149/85/6 106/83/6 93/82/6
f 92/84/6 150/86/6 149/85/6
f 148/87/6 106/83/6 149/85/6
f 92/84/6 151/88/6 150/86/6
f 147/89/6 106/83/6 148/87/6
f 92/84/6 152/90/6 151/88/6
f 146/91/6 106/83/6 147/89/6
f 146/91/6 107/92/6 106/83/6
f 92/84/6 153/93/6 152/90/6
f 91/94/6 153/93/6 92/84/6
f 145/95/6 107/92/6 146/91/6
f 91/94/6 154/96/6 153/93/6
f 144/97/6 107/92/6 145/95/6
f 91/94/6 155/98/6 154/96/6
f 143/99/6 107/92/6 144/97/6
f 91/94/6 156/100/6 155/98/6
f 142/101/6 107/92/6 143/99/6
f 90/102/6 156/100/6 91/94/6
f 142/101/6 108/103/6 107/92/6
f 90/102/6 157/104/6 156/100/6
f 141/105/6 108/103/6 142/101/6
f 90/102/6 158/106/6 157/104/6
f 140/107/6 108/103/6 141/105/6
f 89/108/6 158/106/6 90/102/6
f 140/107/6 109/109/6 108/103/6
f 89/108/6 159/110/6 158/106/6
f 139/111/6 109/109/6 140/107/6
f 89/108/6 160/112/6 159/110/6
f 138/113/6 109/109/6 139/111/6
f 88/114/6 160/112/6 89/108/6
f 88/114/6 161/115/6 160/112/6
f 138/113/6 110/116/6 109/109/6
f 162/27/6 110/116/6 138/113/6
f 88/114/6 162/27/6 161/115/6
f 88/114/6 110/116/6 162/27/6
f 87/117/6 110/116/6 88/114/6
f 87/117/6 111/118/6 110/116/6
f 86/119/6 112/120/6 87/117/6
f 112/120/6 111/118/6 87/117/6
f 86/119/6 113/49/6 112/120/6
f 85/121/6 113/49/6 86/119/6
f 85/121/6 114/122/6 113/49/6
f 85/121/6 115/123/6 114/122/6
f 84/124/6 115/123/6 85/121/6
f 84/124/6 116/125/6 115/123/6
f 83/126/6 116/125/6 84/124/6
f 83/126/6 117/127/6 116/125/6
f 135/128/6 137/129/6 136/130/6
f 83/126/6 118/131/6 117/127/6
f 134/132/6 137/129/6 135/128/6
f 133/133/6 137/129/6 134/132/6
f 82/134/6 118/131/6 83/126/6
f 82/134/6 119/135/6 118/131/6
f 132/136/6 137/129/6 133/133/6
f 131/137/6 137/129/6 132/136/6
f 82/134/6 120/138/6 119/135/6
f 130/139/6 137/129/6 131/137/6
f 82/134/6 121/140/6 120/138/6
f 129/141/6 137/129/6 130/139/6
f 81/142/6 121/140/6 82/134/6
f 128/143/6 137/129/6 129/141/6
f 81/142/6 122/144/6 121/140/6
f 127/145/6 137/129/6 128/143/6
f 81/142/6 123/146/6 122/144/6
f 126/147/6 137/129/6 127/145/6
f 125/148/6 137/129/6 126/147/6
f 81/142/6 124/149/6 123/146/6
f 124/149/6 137/129/6 125/148/6
f 81/142/6 137/129/6 124/149/6
f 80/150/6 137/129/6 81/142/6
f 80/150/6 64/29/6 137/129/6
f 79/151/6 64/29/6 80/150/6
f 79/151/6 65/152/6 64/29/6
f 79/151/6 66/153/6 65/152/6
f 78/154/6 66/153/6 79/151/6
f 78/154/6 67/155/6 66/153/6
f 78/154/6 68/156/6 67/155/6
f 77/157/6 68/156/6 78/154/6
f 77/157/6 69/158/6 68/156/6
f 77/157/6 70/159/6 69/158/6
f 76/160/6 70/159/6 77/157/6
f 76/160/6 71/161/6 70/159/6
f 76/160/6 72/162/6 71/161/6
f 76/160/6 73/163/6 72/162/6
f 75/164/6 73/163/6 76/160/6
f 75/164/6 74/165/6 73/163/6
f 246/166/9 248/167/9 247/168/9
f 246/166/6 249/169/6 248/167/6
f 246/166/6 250/170/6 249/169/6
f 245/171/6 250/170/6 246/166/6
f 245/171/6 251/172/6 250/170/6
f 245/171/6 252/173/6 251/172/6
f 245/171/6 253/174/6 252/173/6
f 244/175/6 253/174/6 245/171/6
f 244/175/6 254/176/6 253/174/6
f 244/175/6 255/177/6 254/176/6
f 244/175/6 256/178/6 255/177/6
f 243/179/6 256/178/6 244/175/6
f 243/179/6 257/180/6 256/178/6
f 243/179/6 258/181/6 257/180/6
f 243/179/6 259/182/6 258/181/6
f 242/183/6 259/182/6 243/179/6
f 242/183/6 170/184/6 259/182/6
f 170/184/6 169/185/6 259/182/6
f 169/185/6 168/186/6 259/182/6
f 168/186/6 167/187/6 259/182/6
f 167/187/6 166/188/6 259/182/6
f 166/188/6 165/189/6 259/182/6
f 165/189/6 164/190/6 259/182/6
f 164/190/6 163/29/6 259/182/6
f 163/29/6 260/27/6 259/182/6
f 241/191/6 172/192/6 242/183/6
f 172/192/6 171/193/6 242/183/6
f 171/193/10 170/184/10 242/183/10
f 240/194/6 174/195/6 241/191/6
f 174/195/6 173/196/6 241/191/6
f 173/196/6 172/192/6 241/191/6
f 240/194/6 175/197/6 174/195/6
f 240/194/6 176/198/6 175/197/6
f 240/194/6 177/199/6 176/198/6
f 239/200/6 177/199/6 240/194/6
f 239/200/6 178/201/6 177/199/6
f 239/200/6 179/202/6 178/201/6
f 239/200/6 180/203/6 179/202/6
f 238/204/6 180/203/6 239/200/6
f 238/204/6 181/205/6 180/203/6
f 238/204/6 182/206/6 181/205/6
f 237/207/6 182/206/6 238/204/6
f 237/207/6 183/208/6 182/206/6
f 237/207/6 184/209/6 183/208/6
f 236/210/6 184/209/6 237/207/6
f 236/210/6 185/211/6 184/209/6
f 235/212/6 185/211/6 236/210/6
f 235/212/6 186/213/6 185/211/6
f 235/212/6 187/214/6 186/213/6
f 234/215/6 187/214/6 235/212/6
f 234/215/6 188/216/6 187/214/6
f 233/217/6 188/216/6 234/215/6
f 233/217/6 189/218/6 188/216/6
f 233/217/6 190/219/6 189/218/6
f 232/220/6 190/219/6 233/217/6
f 232/220/6 191/221/6 190/219/6
f 232/220/6 192/222/6 191/221/6
f 231/223/6 192/222/6 232/220/6
f 231/223/6 193/224/6 192/222/6
f 209/225/6 211/226/6 210/227/6
f 231/223/6 194/228/6 193/224/6
f 208/229/6 211/226/6 209/225/6
f 230/230/6 194/228/6 231/223/6
f 207/231/6 211/226/6 208/229/6
f 230/230/6 195/232/6 194/228/6
f 206/233/6 211/226/6 207/231/6
f 205/234/6 211/226/6 206/233/6
f 204/235/6 211/226/6 205/234/6
f 230/230/6 196/236/6 195/232/6
f 203/237/6 211/226/6 204/235/6
f 202/238/6 211/226/6 203/237/6
f 230/230/6 197/239/6 196/236/6
f 201/240/6 211/226/6 202/238/6
f 200/241/6 211/226/6 201/240/6
f 230/230/6 198/242/6 197/239/6
f 199/243/6 211/226/6 200/241/6
f 229/244/6 198/242/6 230/230/6
f 198/242/6 211/226/6 199/243/6
f 229/244/6 211/226/6 198/242/6
f 228/245/6 211/226/6 229/244/6
f 227/246/6 211/226/6 228/245/6
f 226/247/6 211/226/6 227/246/6
f 226/247/6 212/248/6 211/226/6
f 226/247/6 213/249/6 212/248/6
f 226/247/6 214/250/6 213/249/6
f 225/251/6 214/250/6 226/247/6
f 225/251/6 215/252/6 214/250/6
f 225/251/6 216/253/6 215/252/6
f 225/251/6 217/254/6 216/253/6
f 225/251/6 218/255/6 217/254/6
f 224/256/6 218/255/6 225/251/6
f 224/256/6 219/257/6 218/255/6
f 224/256/6 220/258/6 219/257/6
f 224/256/6 221/259/6 220/258/6
f 223/260/6 221/259/6 224/256/6
f 223/260/11 222/261/11 221/259/11
f 285/262/6 287/263/6 286/264/6
f 285/262/6 288/265/6 287/263/6
f 312/266/6 314/267/6 313/268/6
f 312/266/6 315/269/6 314/267/6
f 284/270/6 288/265/6 285/262/6
f 284/270/6 289/271/6 288/265/6
f 284/270/6 290/272/6 289/271/6
f 283/273/6 290/272/6 284/270/6
f 283/273/6 291/274/6 290/272/6
f 311/275/6 315/269/6 312/266/6
f 283/273/6 292/276/6 291/274/6
f 310/277/6 315/269/6 311/275/6
f 282/278/6 292/276/6 283/273/6
f 282/278/6 293/279/6 292/276/6
f 309/280/6 315/269/6 310/277/6
f 308/281/6 315/269/6 309/280/6
f 282/278/6 294/282/6 293/279/6
f 281/283/6 294/282/6 282/278/6
f 307/284/6 315/269/6 308/281/6
f 281/283/6 295/285/6 294/282/6
f 306/286/6 261/29/6 307/284/6
f 261/29/6 315/269/6 307/284/6
f 281/283/6 296/287/6 295/285/6
f 305/288/6 261/29/6 306/286/6
f 281/283/6 297/289/6 296/287/6
f 304/290/6 261/29/6 305/288/6
f 280/291/6 297/289/6 281/283/6
f 303/292/6 261/29/6 304/290/6
f 280/291/6 298/293/6 297/289/6
f 302/294/6 261/29/6 303/292/6
f 280/291/6 299/295/6 298/293/6
f 301/296/6 261/29/6 302/294/6
f 280/291/6 300/297/6 299/295/6
f 300/297/12 261/29/12 301/296/12
f 280/291/6 261/29/6 300/297/6
f 280/291/6 262/298/6 261/29/6
f 316/27/6 315/269/6 261/29/6
f 279/299/6 262/298/6 280/291/6
f 279/299/6 263/300/6 262/298/6
f 279/299/6 264/301/6 263/300/6
f 278/302/6 264/301/6 279/299/6
f 278/302/6 265/303/6 264/301/6
f 277/304/6 265/303/6 278/302/6
f 277/304/6 266/305/6 265/303/6
f 277/304/6 267/306/6 266/305/6
f 276/307/6 267/306/6 277/304/6
f 276/307/6 268/308/6 267/306/6
f 276/307/6 269/309/6 268/308/6
f 275/310/6 269/309/6 276/307/6
f 275/310/6 270/311/6 269/309/6
f 274/312/6 270/311/6 275/310/6
f 274/312/6 271/313/6 270/311/6
f 274/312/9 272/314/9 271/313/9
f 273/315/11 272/314/11 274/312/11
f 353/316/6 355/317/6 354/318/6
f 353/316/6 356/319/6 355/317/6
f 340/320/9 342/321/9 341/322/9
f 340/320/6 343/323/6 342/321/6
f 340/320/6 344/324/6 343/323/6
f 340/320/12 345/283/12 344/324/12
f 340/320/9 346/325/9 345/283/9
f 339/84/6 346/325/6 340/320/6
f 339/84/6 347/326/6 346/325/6
f 339/84/6 348/327/6 347/326/6
f 339/84/6 349/328/6 348/327/6
f 338/307/6 349/328/6 339/84/6
f 338/307/6 350/83/6 349/328/6
f 338/307/6 351/329/6 350/83/6
f 338/307/6 352/264/6 351/329/6
f 338/307/6 353/316/6 352/264/6
f 337/330/6 353/316/6 338/307/6
f 337/330/6 359/274/6 353/316/6
f 359/274/6 358/331/6 353/316/6
f 358/331/6 357/332/6 353/316/6
f 357/332/6 394/27/6 353/316/6
f 394/27/6 356/319/6 353/316/6
f 336/333/6 362/334/6 337/330/6
f 362/334/6 361/138/6 337/330/6
f 361/138/6 360/335/6 337/330/6
f 360/335/6 359/274/6 337/330/6
f 335/336/6 365/337/6 336/333/6
f 365/337/6 364/338/6 336/333/6
f 364/338/13 363/339/13 336/333/13
f 363/339/6 362/334/6 336/333/6
f 334/340/6 368/341/6 335/336/6
f 368/341/6 367/342/6 335/336/6
f 367/342/6 366/287/6 335/336/6
f 366/287/14 365/337/14 335/336/14
f 334/340/6 369/343/6 368/341/6
f 334/340/6 370/344/6 369/343/6
f 333/345/6 370/344/6 334/340/6
f 333/345/6 371/346/6 370/344/6
f 333/345/6 372/132/6 371/346/6
f 393/347/6 356/319/6 394/27/6
f 333/345/6 373/296/6 372/132/6
f 332/348/6 373/296/6 333/345/6
f 332/348/6 374/349/6 373/296/6
f 332/348/6 375/350/6 374/349/6
f 331/313/6 375/350/6 332/348/6
f 331/313/6 376/351/6 375/350/6
f 331/313/6 377/352/6 376/351/6
f 330/353/6 377/352/6 331/313/6
f 330/353/6 378/354/6 377/352/6
f 329/355/6 378/354/6 330/353/6
f 329/355/6 379/356/6 378/354/6
f 329/355/6 380/286/6 379/356/6
f 328/154/6 380/286/6 329/355/6
f 328/154/6 381/357/6 380/286/6
f 328/154/6 382/358/6 381/357/6
f 327/359/6 382/358/6 328/154/6
f 327/359/6 383/87/6 382/358/6
f 326/360/6 383/87/6 327/359/6
f 326/360/6 384/361/6 383/87/6
f 326/360/6 385/362/6 384/361/6
f 325/363/6 385/362/6 326/360/6
f 325/363/6 386/364/6 385/362/6
f 325/363/6 387/275/6 386/364/6
f 324/305/6 387/275/6 325/363/6
f 324/305/6 388/365/6 387/275/6
f 324/305/6 389/366/6 388/365/6
f 324/305/6 390/367/6 389/366/6
f 323/368/6 390/367/6 324/305/6
f 323/368/6 391/369/6 390/367/6
f 323/368/6 392/370/6 391/369/6
f 323/368/6 393/347/6 392/370/6
f 323/368/6 356/319/6 393/347/6
f 322/371/6 356/319/6 323/368/6
f 321/372/6 356/319/6 322/371/6
f 320/373/6 356/319/6 321/372/6
f 319/374/6 356/319/6 320/373/6
f 318/375/6 356/319/6 319/374/6
f 317/29/6 356/319/6 318/375/6
f 429/376/6 431/377/6 430/378/6
f 429/376/6 432/379/6 431/377/6
f 428/380/6 432/379/6 429/376/6
f 428/380/6 433/273/6 432/379/6
f 427/381/6 433/273/6 428/380/6
f 427/381/6 434/382/6 433/273/6
f 426/383/6 434/382/6 427/381/6
f 426/383/6 435/384/6 434/382/6
f 425/385/6 435/384/6 426/383/6
f 425/385/6 436/386/6 435/384/6
f 424/387/6 436/386/6 425/385/6
f 424/387/6 437/388/6 436/386/6
f 423/389/6 478/390/6 424/387/6
f 478/390/6 437/388/6 424/387/6
f 423/389/9 479/391/9 478/390/9
f 477/392/6 437/388/6 478/390/6
f 423/389/6 480/393/6 479/391/6
f 476/394/6 437/388/6 477/392/6
f 423/389/6 481/395/6 480/393/6
f 475/396/6 437/388/6 476/394/6
f 475/396/6 438/397/6 437/388/6
f 422/398/6 481/395/6 423/389/6
f 422/398/6 482/399/6 481/395/6
f 474/400/6 438/397/6 475/396/6
f 422/398/6 483/401/6 482/399/6
f 473/402/6 438/397/6 474/400/6
f 422/398/6 484/403/6 483/401/6
f 472/404/6 438/397/6 473/402/6
f 472/404/6 439/405/6 438/397/6
f 421/406/6 484/403/6 422/398/6
f 421/406/6 485/407/6 484/403/6
f 471/288/6 439/405/6 472/404/6
f 421/406/6 486/408/6 485/407/6
f 470/409/6 439/405/6 471/288/6
f 470/409/6 440/410/6 439/405/6
f 420/411/6 486/408/6 421/406/6
f 420/411/6 487/412/6 486/408/6
f 469/413/6 440/410/6 470/409/6
f 469/413/6 441/414/6 440/410/6
f 419/415/6 487/412/6 420/411/6
f 419/415/6 488/416/6 487/412/6
f 468/417/6 441/414/6 469/413/6
f 419/415/6 489/418/6 488/416/6
f 467/419/6 441/414/6 468/417/6
f 467/419/6 442/420/6 441/414/6
f 418/421/6 489/418/6 419/415/6
f 418/421/6 490/27/6 489/418/6
f 466/422/6 442/420/6 467/419/6
f 417/423/6 490/27/6 418/421/6
f 417/423/6 443/424/6 490/27/6
f 466/422/6 395/29/6 442/420/6
f 465/425/6 395/29/6 466/422/6
f 417/423/6 444/426/6 443/424/6
f 464/427/6 395/29/6 465/425/6
f 416/428/6 444/426/6 417/423/6
f 464/427/6 396/429/6 395/29/6
f 416/428/6 445/430/6 444/426/6
f 463/431/6 396/429/6 464/427/6
f 416/428/6 446/432/6 445/430/6
f 415/433/6 446/432/6 416/428/6
f 462/434/6 396/429/6 463/431/6
f 462/434/6 397/435/6 396/429/6
f 415/433/6 447/436/6 446/432/6
f 461/437/6 397/435/6 462/434/6
f 414/314/6 447/436/6 415/433/6
f 461/437/6 398/438/6 397/435/6
f 414/314/6 448/439/6 447/436/6
f 460/440/6 398/438/6 461/437/6
f 414/314/6 449/441/6 448/439/6
f 459/442/6 398/438/6 460/440/6
f 413/443/6 449/441/6 414/314/6
f 459/442/6 399/444/6 398/438/6
f 413/443/6 450/445/6 449/441/6
f 458/446/6 399/444/6 459/442/6
f 413/443/6 451/447/6 450/445/6
f 457/448/6 399/444/6 458/446/6
f 413/443/6 452/282/6 451/447/6
f 456/449/6 399/444/6 457/448/6
f 412/450/6 452/282/6 413/443/6
f 456/449/6 400/451/6 399/444/6
f 412/450/6 453/452/6 452/282/6
f 455/453/6 400/451/6 456/449/6
f 412/450/6 454/454/6 453/452/6
f 454/454/6 400/451/6 455/453/6
f 412/450/6 400/451/6 454/454/6
f 411/455/6 400/451/6 412/450/6
f 411/455/6 401/456/6 400/451/6
f 410/457/6 401/456/6 411/455/6
f 410/457/6 402/458/6 401/456/6
f 409/459/6 402/458/6 410/457/6
f 409/459/6 403/460/6 402/458/6
f 408/461/6 403/460/6 409/459/6
f 408/461/6 404/462/6 403/460/6
f 407/463/6 404/462/6 408/461/6
f 407/463/6 405/464/6 404/462/6
f 406/465/12 405/464/12 407/463/12
f 503/15/6 505/16/6 504/17/6
f 503/15/6 506/18/6 505/16/6
f 502/19/6 506/18/6 503/15/6
f 502/19/6 507/20/6 506/18/6
f 501/21/6 507/20/6 502/19/6
f 501/21/6 508/22/6 507/20/6
f 501/21/6 509/23/6 508/22/6
f 500/24/6 509/23/6 501/21/6
f 500/24/6 510/25/6 509/23/6
f 543/26/6 545/27/6 544/28/6
f 543/26/6 491/29/6 545/27/6
f 499/30/6 510/25/6 500/24/6
f 499/30/6 511/31/6 510/25/6
f 499/30/6 512/32/6 511/31/6
f 498/33/6 512/32/6 499/30/6
f 498/33/6 513/34/6 512/32/6
f 497/35/6 513/34/6 498/33/6
f 497/35/6 514/36/6 513/34/6
f 497/35/6 515/37/6 514/36/6
f 496/38/6 515/37/6 497/35/6
f 496/38/6 516/39/6 515/37/6
f 495/40/6 516/39/6 496/38/6
f 495/40/6 526/41/6 516/39/6
f 526/41/6 525/42/6 516/39/6
f 525/42/6 524/43/6 516/39/6
f 524/43/6 523/44/6 516/39/6
f 523/44/6 522/45/6 516/39/6
f 522/45/6 521/46/6 516/39/6
f 521/46/6 520/47/6 516/39/6
f 520/47/6 519/48/6 516/39/6
f 519/48/6 518/49/6 516/39/6
f 518/49/6 517/50/6 516/39/6
f 494/51/6 528/52/6 495/40/6
f 528/52/6 527/53/6 495/40/6
f 527/53/6 526/41/6 495/40/6
f 493/54/6 530/55/6 494/51/6
f 530/55/6 529/56/6 494/51/6
f 529/56/8 528/52/8 494/51/8
f 493/54/6 531/57/6 530/55/6
f 493/54/6 532/58/6 531/57/6
f 492/59/6 532/58/6 493/54/6
f 492/59/6 533/60/6 532/58/6
f 492/59/6 534/61/6 533/60/6
f 543/26/6 492/59/6 491/29/6
f 543/26/6 538/62/6 492/59/6
f 538/62/6 537/63/6 492/59/6
f 537/63/6 536/64/6 492/59/6
f 536/64/6 535/65/6 492/59/6
f 535/65/6 534/61/6 492/59/6
f 543/26/6 539/66/6 538/62/6
f 543/26/6 540/67/6 539/66/6
f 543/26/6 541/68/6 540/67/6
f 543/26/6 542/69/6 541/68/6
f 572/263/6 600/269/6 573/265/6
f 600/269/6 574/271/6 573/265/6
f 600/269/6 546/29/6 574/271/6
f 600/269/6 547/298/6 546/29/6
f 600/269/6 548/300/6 547/298/6
f 600/269/6 549/301/6 548/300/6
f 600/269/6 550/303/6 549/301/6
f 600/269/6 551/305/6 550/303/6
f 600/269/6 552/306/6 551/305/6
f 600/269/6 599/267/6 552/306/6
f 599/267/6 553/308/6 552/306/6
f 572/263/6 601/27/6 600/269/6
f 598/268/6 553/308/6 599/267/6
f 597/266/6 553/308/6 598/268/6
f 596/275/6 553/308/6 597/266/6
f 596/275/6 554/309/6 553/308/6
f 595/277/6 554/309/6 596/275/6
f 594/280/6 554/309/6 595/277/6
f 593/281/6 554/309/6 594/280/6
f 593/281/6 555/311/6 554/309/6
f 592/284/6 555/311/6 593/281/6
f 591/286/6 555/311/6 592/284/6
f 590/288/6 555/311/6 591/286/6
f 590/288/6 556/313/6 555/311/6
f 589/290/6 556/313/6 590/288/6
f 588/292/6 556/313/6 589/290/6
f 588/292/6 557/314/6 556/313/6
f 587/294/6 557/314/6 588/292/6
f 586/296/6 557/314/6 587/294/6
f 586/296/6 558/315/6 557/314/6
f 585/297/6 558/315/6 586/296/6
f 585/297/6 559/312/6 558/315/6
f 584/295/6 559/312/6 585/297/6
f 583/293/6 559/312/6 584/295/6
f 583/293/6 560/310/6 559/312/6
f 582/289/6 560/310/6 583/293/6
f 581/287/6 560/310/6 582/289/6
f 581/287/6 561/307/6 560/310/6
f 580/285/6 561/307/6 581/287/6
f 579/282/6 561/307/6 580/285/6
f 578/279/6 561/307/6 579/282/6
f 577/276/6 561/307/6 578/279/6
f 577/276/6 562/304/6 561/307/6
f 576/274/6 562/304/6 577/276/6
f 575/272/6 562/304/6 576/274/6
f 572/263/6 570/262/6 601/27/6
f 570/262/6 575/272/6 601/27/6
f 570/262/6 562/304/6 575/272/6
f 570/262/6 563/302/6 562/304/6
f 570/262/6 564/299/6 563/302/6
f 570/262/6 565/291/6 564/299/6
f 570/262/6 566/283/6 565/291/6
f 570/262/6 567/278/6 566/283/6
f 570/262/6 568/273/6 567/278/6
f 570/262/9 569/270/9 568/273/9
f 572/263/6 571/264/6 570/262/6
f 614/15/15 615/17/15 616/16/15
f 614/15/5 616/16/5 617/18/5
f 613/19/5 614/15/5 617/18/5
f 613/19/5 617/18/5 618/20/5
f 612/21/5 613/19/5 618/20/5
f 612/21/5 618/20/5 619/22/5
f 612/21/5 619/22/5 620/23/5
f 611/24/5 612/21/5 620/23/5
f 611/24/5 620/23/5 621/25/5
f 654/26/5 655/28/5 656/27/5
f 654/26/5 656/27/5 602/29/5
f 610/30/5 611/24/5 621/25/5
f 610/30/5 621/25/5 622/31/5
f 610/30/5 622/31/5 623/32/5
f 609/33/5 610/30/5 623/32/5
f 609/33/5 623/32/5 624/34/5
f 608/35/5 609/33/5 624/34/5
f 608/35/5 624/34/5 625/36/5
f 608/35/5 625/36/5 626/37/5
f 607/38/5 608/35/5 626/37/5
f 607/38/5 626/37/5 627/39/5
f 606/40/5 607/38/5 627/39/5
f 606/40/5 627/39/5 637/41/5
f 637/41/5 627/39/5 636/42/5
f 636/42/5 627/39/5 635/43/5
f 635/43/5 627/39/5 634/44/5
f 634/44/5 627/39/5 633/45/5
f 633/45/5 627/39/5 632/46/5
f 632/46/5 627/39/5 631/47/5
f 631/47/5 627/39/5 630/48/5
f 630/48/5 627/39/5 629/49/5
f 629/49/5 627/39/5 628/50/5
f 605/51/5 606/40/5 639/52/5
f 639/52/5 606/40/5 638/53/5
f 638/53/16 606/40/16 637/41/16
f 604/54/5 605/51/5 641/55/5
f 641/55/5 605/51/5 640/56/5
f 640/56/5 605/51/5 639/52/5
f 604/54/5 641/55/5 642/57/5
f 604/54/5 642/57/5 643/58/5
f 603/59/5 604/54/5 643/58/5
f 603/59/5 643/58/5 644/60/5
f 603/59/5 644/60/5 645/61/5
f 654/26/5 602/29/5 603/59/5
f 654/26/5 603/59/5 649/62/5
f 649/62/5 603/59/5 648/63/5
f 648/63/5 603/59/5 647/64/5
f 647/64/5 603/59/5 646/65/5
f 646/65/5 603/59/5 645/61/5
f 654/26/5 649/62/5 650/66/5
f 654/26/5 650/66/5 651/67/5
f 654/26/5 651/67/5 652/68/5
f 654/26/5 652/68/5 653/69/5
f 691/70/5 692/72/5 693/71/5
f 691/70/5 693/71/5 694/73/5
f 690/74/5 691/70/5 694/73/5
f 690/74/5 694/73/5 695/75/5
f 689/76/5 690/74/5 695/75/5
f 689/76/5 695/75/5 696/77/5
f 688/78/5 689/76/5 696/77/5
f 688/78/5 696/77/5 697/79/5
f 687/80/5 688/78/5 697/79/5
f 687/80/5 697/79/5 698/81/5
f 686/82/5 687/80/5 698/81/5
f 686/82/5 698/81/5 699/83/5
f 685/84/5 686/82/5 742/85/5
f 742/85/5 686/82/5 699/83/5
f 685/84/17 742/85/17 743/86/17
f 741/87/17 742/85/17 699/83/17
f 685/84/5 743/86/5 744/88/5
f 740/89/5 741/87/5 699/83/5
f 685/84/5 744/88/5 745/90/5
f 739/91/5 740/89/5 699/83/5
f 739/91/5 699/83/5 700/92/5
f 685/84/5 745/90/5 746/93/5
f 684/94/5 685/84/5 746/93/5
f 738/95/5 739/91/5 700/92/5
f 684/94/5 746/93/5 747/96/5
f 737/97/5 738/95/5 700/92/5
f 684/94/5 747/96/5 748/98/5
f 736/99/5 737/97/5 700/92/5
f 684/94/5 748/98/5 749/100/5
f 735/101/5 736/99/5 700/92/5
f 683/102/5 684/94/5 749/100/5
f 735/101/5 700/92/5 701/103/5
f 683/102/5 749/100/5 750/104/5
f 734/105/5 735/101/5 701/103/5
f 683/102/5 750/104/5 751/106/5
f 733/107/5 734/105/5 701/103/5
f 682/108/5 683/102/5 751/106/5
f 733/107/5 701/103/5 702/109/5
f 682/108/5 751/106/5 752/110/5
f 732/111/5 733/107/5 702/109/5
f 682/108/5 752/110/5 753/112/5
f 731/113/5 732/111/5 702/109/5
f 681/114/5 682/108/5 753/112/5
f 681/114/5 753/112/5 754/115/5
f 731/113/5 702/109/5 703/116/5
f 755/27/5 731/113/5 703/116/5
f 681/114/5 754/115/5 755/27/5
f 681/114/5 755/27/5 703/116/5
f 680/117/5 681/114/5 703/116/5
f 680/117/5 703/116/5 704/118/5
f 679/119/5 680/117/5 705/120/5
f 705/120/5 680/117/5 704/118/5
f 679/119/5 705/120/5 706/49/5
f 678/121/5 679/119/5 706/49/5
f 678/121/5 706/49/5 707/122/5
f 678/121/5 707/122/5 708/123/5
f 677/124/5 678/121/5 708/123/5
f 677/124/5 708/123/5 709/125/5
f 676/126/5 677/124/5 709/125/5
f 676/126/5 709/125/5 710/127/5
f 728/128/5 729/130/5 730/129/5
f 676/126/5 710/127/5 711/131/5
f 727/132/5 728/128/5 730/129/5
f 726/133/5 727/132/5 730/129/5
f 675/134/5 676/126/5 711/131/5
f 675/134/5 711/131/5 712/135/5
f 725/136/5 726/133/5 730/129/5
f 724/137/5 725/136/5 730/129/5
f 675/134/5 712/135/5 713/138/5
f 723/139/5 724/137/5 730/129/5
f 675/134/5 713/138/5 714/140/5
f 722/141/5 723/139/5 730/129/5
f 674/142/5 675/134/5 714/140/5
f 721/143/5 722/141/5 730/129/5
f 674/142/5 714/140/5 715/144/5
f 720/145/5 721/143/5 730/129/5
f 674/142/5 715/144/5 716/146/5
f 719/147/5 720/145/5 730/129/5
f 718/148/5 719/147/5 730/129/5
f 674/142/5 716/146/5 717/149/5
f 717/149/5 718/148/5 730/129/5
f 674/142/5 717/149/5 730/129/5
f 673/150/5 674/142/5 730/129/5
f 673/150/5 730/129/5 657/29/5
f 672/151/5 673/150/5 657/29/5
f 672/151/5 657/29/5 658/152/5
f 672/151/5 658/152/5 659/153/5
f 671/154/5 672/151/5 659/153/5
f 671/154/5 659/153/5 660/155/5
f 671/154/5 660/155/5 661/156/5
f 670/157/5 671/154/5 661/156/5
f 670/157/5 661/156/5 662/158/5
f 670/157/5 662/158/5 663/159/5
f 669/160/5 670/157/5 663/159/5
f 669/160/5 663/159/5 664/161/5
f 669/160/5 664/161/5 665/162/5
f 669/160/5 665/162/5 666/163/5
f 668/164/5 669/160/5 666/163/5
f 668/164/5 666/163/5 667/165/5
f 839/166/18 840/168/18 841/167/18
f 839/166/5 841/167/5 842/169/5
f 839/166/5 842/169/5 843/170/5
f 838/171/5 839/166/5 843/170/5
f 838/171/5 843/170/5 844/172/5
f 838/171/5 844/172/5 845/173/5
f 838/171/5 845/173/5 846/174/5
f 837/175/5 838/171/5 846/174/5
f 837/175/5 846/174/5 847/176/5
f 837/175/5 847/176/5 848/177/5
f 837/175/5 848/177/5 849/178/5
f 836/179/5 837/175/5 849/178/5
f 836/179/5 849/178/5 850/180/5
f 836/179/5 850/180/5 851/181/5
f 836/179/5 851/181/5 852/182/5
f 835/183/5 836/179/5 852/182/5
f 835/183/5 852/182/5 763/184/5
f 763/184/5 852/182/5 762/185/5
f 762/185/5 852/182/5 761/186/5
f 761/186/5 852/182/5 760/187/5
f 760/187/5 852/182/5 759/188/5
f 759/188/5 852/182/5 758/189/5
f 758/189/5 852/182/5 757/190/5
f 757/190/5 852/182/5 756/29/5
f 756/29/5 852/182/5 853/27/5
f 834/191/5 835/183/5 765/192/5
f 765/192/18 835/183/18 764/193/18
f 764/193/17 835/183/17 763/184/17
f 833/194/5 834/191/5 767/195/5
f 767/195/5 834/191/5 766/196/5
f 766/196/5 834/191/5 765/192/5
f 833/194/5 767/195/5 768/197/5
f 833/194/5 768/197/5 769/198/5
f 833/194/5 769/198/5 770/199/5
f 832/200/5 833/194/5 770/199/5
f 832/200/5 770/199/5 771/201/5
f 832/200/5 771/201/5 772/202/5
f 832/200/5 772/202/5 773/203/5
f 831/204/5 832/200/5 773/203/5
f 831/204/5 773/203/5 774/205/5
f 831/204/5 774/205/5 775/206/5
f 830/207/5 831/204/5 775/206/5
f 830/207/5 775/206/5 776/208/5
f 830/207/5 776/208/5 777/209/5
f 829/210/5 830/207/5 777/209/5
f 829/210/5 777/209/5 778/211/5
f 828/212/5 829/210/5 778/211/5
f 828/212/5 778/211/5 779/213/5
f 828/212/5 779/213/5 780/214/5
f 827/215/5 828/212/5 780/214/5
f 827/215/5 780/214/5 781/216/5
f 826/217/5 827/215/5 781/216/5
f 826/217/5 781/216/5 782/218/5
f 826/217/5 782/218/5 783/219/5
f 825/220/5 826/217/5 783/219/5
f 825/220/5 783/219/5 784/221/5
f 825/220/5 784/221/5 785/222/5
f 824/223/5 825/220/5 785/222/5
f 824/223/5 785/222/5 786/224/5
f 802/225/5 803/227/5 804/226/5
f 824/223/5 786/224/5 787/228/5
f 801/229/5 802/225/5 804/226/5
f 823/230/5 824/223/5 787/228/5
f 800/231/5 801/229/5 804/226/5
f 823/230/5 787/228/5 788/232/5
f 799/233/5 800/231/5 804/226/5
f 798/234/5 799/233/5 804/226/5
f 797/235/5 798/234/5 804/226/5
f 823/230/5 788/232/5 789/236/5
f 796/237/5 797/235/5 804/226/5
f 795/238/5 796/237/5 804/226/5
f 823/230/5 789/236/5 790/239/5
f 794/240/5 795/238/5 804/226/5
f 793/241/5 794/240/5 804/226/5
f 823/230/15 790/239/15 791/242/15
f 792/243/5 793/241/5 804/226/5
f 822/244/5 823/230/5 791/242/5
f 791/242/5 792/243/5 804/226/5
f 822/244/5 791/242/5 804/226/5
f 821/245/5 822/244/5 804/226/5
f 820/246/5 821/245/5 804/226/5
f 819/247/5 820/246/5 804/226/5
f 819/247/5 804/226/5 805/248/5
f 819/247/5 805/248/5 806/249/5
f 819/247/5 806/249/5 807/250/5
f 818/251/5 819/247/5 807/250/5
f 818/251/5 807/250/5 808/252/5
f 818/251/5 808/252/5 809/253/5
f 818/251/5 809/253/5 810/254/5
f 818/251/5 810/254/5 811/255/5
f 817/256/5 818/251/5 811/255/5
f 817/256/5 811/255/5 812/257/5
f 817/256/5 812/257/5 813/258/5
f 817/256/5 813/258/5 814/259/5
f 816/260/15 817/256/15 814/259/15
f 816/260/19 814/259/19 815/261/19
f 878/262/5 879/264/5 880/263/5
f 878/262/5 880/263/5 881/265/5
f 905/266/5 906/268/5 907/267/5
f 905/266/5 907/267/5 908/269/5
f 877/270/5 878/262/5 881/265/5
f 877/270/5 881/265/5 882/271/5
f 877/270/5 882/271/5 883/272/5
f 876/273/5 877/270/5 883/272/5
f 876/273/5 883/272/5 884/274/5
f 904/275/5 905/266/5 908/269/5
f 876/273/5 884/274/5 885/276/5
f 903/277/5 904/275/5 908/269/5
f 875/278/5 876/273/5 885/276/5
f 875/278/5 885/276/5 886/279/5
f 902/280/5 903/277/5 908/269/5
f 901/281/5 902/280/5 908/269/5
f 875/278/5 886/279/5 887/282/5
f 874/283/5 875/278/5 887/282/5
f 900/284/5 901/281/5 908/269/5
f 874/283/5 887/282/5 888/285/5
f 899/286/5 900/284/5 854/29/5
f 854/29/5 900/284/5 908/269/5
f 874/283/5 888/285/5 889/287/5
f 898/288/5 899/286/5 854/29/5
f 874/283/5 889/287/5 890/289/5
f 897/290/5 898/288/5 854/29/5
f 873/291/5 874/283/5 890/289/5
f 896/292/5 897/290/5 854/29/5
f 873/291/5 890/289/5 891/293/5
f 895/294/5 896/292/5 854/29/5
f 873/291/5 891/293/5 892/295/5
f 894/296/5 895/294/5 854/29/5
f 873/291/5 892/295/5 893/297/5
f 893/297/5 894/296/5 854/29/5
f 873/291/5 893/297/5 854/29/5
f 873/291/5 854/29/5 855/298/5
f 909/27/5 854/29/5 908/269/5
f 872/299/5 873/291/5 855/298/5
f 872/299/5 855/298/5 856/300/5
f 872/299/5 856/300/5 857/301/5
f 871/302/5 872/299/5 857/301/5
f 871/302/5 857/301/5 858/303/5
f 870/304/5 871/302/5 858/303/5
f 870/304/5 858/303/5 859/305/5
f 870/304/5 859/305/5 860/306/5
f 869/307/5 870/304/5 860/306/5
f 869/307/5 860/306/5 861/308/5
f 869/307/5 861/308/5 862/309/5
f 868/310/5 869/307/5 862/309/5
f 868/310/5 862/309/5 863/311/5
f 867/312/5 868/310/5 863/311/5
f 867/312/5 863/311/5 864/313/5
f 867/312/5 864/313/5 865/314/5
f 866/315/5 867/312/5 865/314/5
f 946/316/5 947/318/5 948/317/5
f 946/316/5 948/317/5 949/319/5
f 933/320/5 934/322/5 935/321/5
f 933/320/18 935/321/18 936/323/18
f 933/320/5 936/323/5 937/324/5
f 933/320/5 937/324/5 938/283/5
f 933/320/5 938/283/5 939/325/5
f 932/84/5 933/320/5 939/325/5
f 932/84/5 939/325/5 940/326/5
f 932/84/5 940/326/5 941/327/5
f 932/84/5 941/327/5 942/328/5
f 931/307/5 932/84/5 942/328/5
f 931/307/5 942/328/5 943/83/5
f 931/307/5 943/83/5 944/329/5
f 931/307/5 944/329/5 945/264/5
f 931/307/5 945/264/5 946/316/5
f 930/330/5 931/307/5 946/316/5
f 930/330/5 946/316/5 952/274/5
f 952/274/5 946/316/5 951/331/5
f 951/331/5 946/316/5 950/332/5
f 950/332/5 946/316/5 987/27/5
f 987/27/5 946/316/5 949/319/5
f 929/333/5 930/330/5 955/334/5
f 955/334/5 930/330/5 954/138/5
f 954/138/5 930/330/5 953/335/5
f 953/335/5 930/330/5 952/274/5
f 928/336/5 929/333/5 958/337/5
f 958/337/15 929/333/15 957/338/15
f 957/338/5 929/333/5 956/339/5
f 956/339/5 929/333/5 955/334/5
f 927/340/5 928/336/5 961/341/5
f 961/341/19 928/336/19 960/342/19
f 960/342/16 928/336/16 959/287/16
f 959/287/20 928/336/20 958/337/20
f 927/340/5 961/341/5 962/343/5
f 927/340/5 962/343/5 963/344/5
f 926/345/5 927/340/5 963/344/5
f 926/345/5 963/344/5 964/346/5
f 926/345/5 964/346/5 965/132/5
f 986/347/5 987/27/5 949/319/5
f 926/345/5 965/132/5 966/296/5
f 925/348/5 926/345/5 966/296/5
f 925/348/5 966/296/5 967/349/5
f 925/348/5 967/349/5 968/350/5
f 924/313/5 925/348/5 968/350/5
f 924/313/5 968/350/5 969/351/5
f 924/313/5 969/351/5 970/352/5
f 923/353/5 924/313/5 970/352/5
f 923/353/5 970/352/5 971/354/5
f 922/355/5 923/353/5 971/354/5
f 922/355/5 971/354/5 972/356/5
f 922/355/5 972/356/5 973/286/5
f 921/154/5 922/355/5 973/286/5
f 921/154/5 973/286/5 974/357/5
f 921/154/5 974/357/5 975/358/5
f 920/359/5 921/154/5 975/358/5
f 920/359/5 975/358/5 976/87/5
f 919/360/5 920/359/5 976/87/5
f 919/360/5 976/87/5 977/361/5
f 919/360/5 977/361/5 978/362/5
f 918/363/5 919/360/5 978/362/5
f 918/363/5 978/362/5 979/364/5
f 918/363/5 979/364/5 980/275/5
f 917/305/5 918/363/5 980/275/5
f 917/305/5 980/275/5 981/365/5
f 917/305/5 981/365/5 982/366/5
f 917/305/5 982/366/5 983/367/5
f 916/368/5 917/305/5 983/367/5
f 916/368/5 983/367/5 984/369/5
f 916/368/5 984/369/5 985/370/5
f 916/368/5 985/370/5 986/347/5
f 916/368/5 986/347/5 949/319/5
f 915/371/5 916/368/5 949/319/5
f 914/372/5 915/371/5 949/319/5
f 913/373/5 914/372/5 949/319/5
f 912/374/5 913/373/5 949/319/5
f 911/375/5 912/374/5 949/319/5
f 910/29/5 911/375/5 949/319/5
f 1022/376/5 1023/378/5 1024/377/5
f 1022/376/5 1024/377/5 1025/379/5
f 1021/380/5 1022/376/5 1025/379/5
f 1021/380/5 1025/379/5 1026/273/5
f 1020/381/5 1021/380/5 1026/273/5
f 1020/381/5 1026/273/5 1027/382/5
f 1019/383/5 1020/381/5 1027/382/5
f 1019/383/5 1027/382/5 1028/384/5
f 1018/385/5 1019/383/5 1028/384/5
f 1018/385/5 1028/384/5 1029/386/5
f 1017/387/5 1018/385/5 1029/386/5
f 1017/387/5 1029/386/5 1030/388/5
f 1016/389/5 1017/387/5 1071/390/5
f 1071/390/5 1017/387/5 1030/388/5
f 1016/389/15 1071/390/15 1072/391/15
f 1070/392/5 1071/390/5 1030/388/5
f 1016/389/5 1072/391/5 1073/393/5
f 1069/394/5 1070/392/5 1030/388/5
f 1016/389/5 1073/393/5 1074/395/5
f 1068/396/5 1069/394/5 1030/388/5
f 1068/396/5 1030/388/5 1031/397/5
f 1015/398/5 1016/389/5 1074/395/5
f 1015/398/5 1074/395/5 1075/399/5
f 1067/400/5 1068/396/5 1031/397/5
f 1015/398/5 1075/399/5 1076/401/5
f 1066/402/5 1067/400/5 1031/397/5
f 1015/398/5 1076/401/5 1077/403/5
f 1065/404/5 1066/402/5 1031/397/5
f 1065/404/5 1031/397/5 1032/405/5
f 1014/406/5 1015/398/5 1077/403/5
f 1014/406/5 1077/403/5 1078/407/5
f 1064/288/5 1065/404/5 1032/405/5
f 1014/406/5 1078/407/5 1079/408/5
f 1063/409/5 1064/288/5 1032/405/5
f 1063/409/5 1032/405/5 1033/410/5
f 1013/411/5 1014/406/5 1079/408/5
f 1013/411/5 1079/408/5 1080/412/5
f 1062/413/5 1063/409/5 1033/410/5
f 1062/413/5 1033/410/5 1034/414/5
f 1012/415/5 1013/411/5 1080/412/5
f 1012/415/5 1080/412/5 1081/416/5
f 1061/417/5 1062/413/5 1034/414/5
f 1012/415/5 1081/416/5 1082/418/5
f 1060/419/5 1061/417/5 1034/414/5
f 1060/419/5 1034/414/5 1035/420/5
f 1011/421/5 1012/415/5 1082/418/5
f 1011/421/5 1082/418/5 1083/27/5
f 1059/422/5 1060/419/5 1035/420/5
f 1010/423/5 1011/421/5 1083/27/5
f 1010/423/5 1083/27/5 1036/424/5
f 1059/422/5 1035/420/5 988/29/5
f 1058/425/5 1059/422/5 988/29/5
f 1010/423/5 1036/424/5 1037/426/5
f 1057/427/5 1058/425/5 988/29/5
f 1009/428/5 1010/423/5 1037/426/5
f 1057/427/5 988/29/5 989/429/5
f 1009/428/5 1037/426/5 1038/430/5
f 1056/431/5 1057/427/5 989/429/5
f 1009/428/5 1038/430/5 1039/432/5
f 1008/433/5 1009/428/5 1039/432/5
f 1055/434/5 1056/431/5 989/429/5
f 1055/434/5 989/429/5 990/435/5
f 1008/433/5 1039/432/5 1040/436/5
f 1054/437/5 1055/434/5 990/435/5
f 1007/314/5 1008/433/5 1040/436/5
f 1054/437/5 990/435/5 991/438/5
f 1007/314/5 1040/436/5 1041/439/5
f 1053/440/5 1054/437/5 991/438/5
f 1007/314/5 1041/439/5 1042/441/5
f 1052/442/5 1053/440/5 991/438/5
f 1006/443/5 1007/314/5 1042/441/5
f 1052/442/5 991/438/5 992/444/5
f 1006/443/5 1042/441/5 1043/445/5
f 1051/446/5 1052/442/5 992/444/5
f 1006/443/5 1043/445/5 1044/447/5
f 1050/448/5 1051/446/5 992/444/5
f 1006/443/5 1044/447/5 1045/282/5
f 1049/449/5 1050/448/5 992/444/5
f 1005/450/5 1006/443/5 1045/282/5
f 1049/449/5 992/444/5 993/451/5
f 1005/450/5 1045/282/5 1046/452/5
f 1048/453/5 1049/449/5 993/451/5
f 1005/450/5 1046/452/5 1047/454/5
f 1047/454/5 1048/453/5 993/451/5
f 1005/450/5 1047/454/5 993/451/5
f 1004/455/5 1005/450/5 993/451/5
f 1004/455/5 993/451/5 994/456/5
f 1003/457/5 1004/455/5 994/456/5
f 1003/457/5 994/456/5 995/458/5
f 1002/459/5 1003/457/5 995/458/5
f 1002/459/5 995/458/5 996/460/5
f 1001/461/5 1002/459/5 996/460/5
f 1001/461/5 996/460/5 997/462/5
f 1000/463/5 1001/461/5 997/462/5
f 1000/463/5 997/462/5 998/464/5
f 999/465/5 1000/463/5 998/464/5
f 1096/15/15 1097/17/15 1098/16/15
f 1096/15/5 1098/16/5 1099/18/5
f 1095/19/5 1096/15/5 1099/18/5
f 1095/19/5 1099/18/5 1100/20/5
f 1094/21/5 1095/19/5 1100/20/5
f 1094/21/5 1100/20/5 1101/22/5
f 1094/21/5 1101/22/5 1102/23/5
f 1093/24/5 1094/21/5 1102/23/5
f 1093/24/5 1102/23/5 1103/25/5
f 1136/26/5 1137/28/5 1138/27/5
f 1136/26/5 1138/27/5 1084/29/5
f 1092/30/5 1093/24/5 1103/25/5
f 1092/30/5 1103/25/5 1104/31/5
f 1092/30/5 1104/31/5 1105/32/5
f 1091/33/5 1092/30/5 1105/32/5
f 1091/33/5 1105/32/5 1106/34/5
f 1090/35/5 1091/33/5 1106/34/5
f 1090/35/5 1106/34/5 1107/36/5
f 1090/35/5 1107/36/5 1108/37/5
f 1089/38/5 1090/35/5 1108/37/5
f 1089/38/5 1108/37/5 1109/39/5
f 1088/40/5 1089/38/5 1109/39/5
f 1088/40/5 1109/39/5 1119/41/5
f 1119/41/5 1109/39/5 1118/42/5
f 1118/42/5 1109/39/5 1117/43/5
f 1117/43/5 1109/39/5 1116/44/5
f 1116/44/5 1109/39/5 1115/45/5
f 1115/45/5 1109/39/5 1114/46/5
f 1114/46/5 1109/39/5 1113/47/5
f 1113/47/5 1109/39/5 1112/48/5
f 1112/48/5 1109/39/5 1111/49/5
f 1111/49/5 1109/39/5 1110/50/5
f 1087/51/5 1088/40/5 1121/52/5
f 1121/52/15 1088/40/15 1120/53/15
f 1120/53/5 1088/40/5 1119/41/5
f 1086/54/5 1087/51/5 1123/55/5
f 1123/55/5 1087/51/5 1122/56/5
f 1122/56/5 1087/51/5 1121/52/5
f 1086/54/5 1123/55/5 1124/57/5
f 1086/54/5 1124/57/5 1125/58/5
f 1085/59/5 1086/54/5 1125/58/5
f 1085/59/5 1125/58/5 1126/60/5
f 1085/59/5 1126/60/5 1127/61/5
f 1136/26/5 1084/29/5 1085/59/5
f 1136/26/5 1085/59/5 1131/62/5
f 1131/62/5 1085/59/5 1130/63/5
f 1130/63/5 1085/59/5 1129/64/5
f 1129/64/5 1085/59/5 1128/65/5
f 1128/65/5 1085/59/5 1127/61/5
f 1136/26/18 1131/62/18 1132/66/18
f 1136/26/5 1132/66/5 1133/67/5
f 1136/26/5 1133/67/5 1134/68/5
f 1136/26/5 1134/68/5 1135/69/5
f 1165/263/5 1166/265/5 1193/269/5
f 1193/269/5 1166/265/5 1167/271/5
f 1193/269/5 1167/271/5 1139/29/5
f 1193/269/5 1139/29/5 1140/298/5
f 1193/269/5 1140/298/5 1141/300/5
f 1193/269/5 1141/300/5 1142/301/5
f 1193/269/5 1142/301/5 1143/303/5
f 1193/269/5 1143/303/5 1144/305/5
f 1193/269/5 1144/305/5 1145/306/5
f 1193/269/5 1145/306/5 1192/267/5
f 1192/267/5 1145/306/5 1146/308/5
f 1165/263/5 1193/269/5 1194/27/5
f 1191/268/21 1192/267/21 1146/308/21
f 1190/266/5 1191/268/5 1146/308/5
f 1189/275/5 1190/266/5 1146/308/5
f 1189/275/5 1146/308/5 1147/309/5
f 1188/277/5 1189/275/5 1147/309/5
f 1187/280/5 1188/277/5 1147/309/5
f 1186/281/5 1187/280/5 1147/309/5
f 1186/281/5 1147/309/5 1148/311/5
f 1185/284/5 1186/281/5 1148/311/5
f 1184/286/5 1185/284/5 1148/311/5
f 1183/288/5 1184/286/5 1148/311/5
f 1183/288/5 1148/311/5 1149/313/5
f 1182/290/5 1183/288/5 1149/313/5
f 1181/292/5 1182/290/5 1149/313/5
f 1181/292/5 1149/313/5 1150/314/5
f 1180/294/5 1181/292/5 1150/314/5
f 1179/296/5 1180/294/5 1150/314/5
f 1179/296/5 1150/314/5 1151/315/5
f 1178/297/5 1179/296/5 1151/315/5
f 1178/297/5 1151/315/5 1152/312/5
f 1177/295/5 1178/297/5 1152/312/5
f 1176/293/5 1177/295/5 1152/312/5
f 1176/293/5 1152/312/5 1153/310/5
f 1175/289/5 1176/293/5 1153/310/5
f 1174/287/5 1175/289/5 1153/310/5
f 1174/287/5 1153/310/5 1154/307/5
f 1173/285/5 1174/287/5 1154/307/5
f 1172/282/5 1173/285/5 1154/307/5
f 1171/279/5 1172/282/5 1154/307/5
f 1170/276/5 1171/279/5 1154/307/5
f 1170/276/5 1154/307/5 1155/304/5
f 1169/274/5 1170/276/5 1155/304/5
f 1168/272/5 1169/274/5 1155/304/5
f 1165/263/5 1194/27/5 1163/262/5
f 1163/262/5 1194/27/5 1168/272/5
f 1163/262/5 1168/272/5 1155/304/5
f 1163/262/5 1155/304/5 1156/302/5
f 1163/262/5 1156/302/5 1157/299/5
f 1163/262/5 1157/299/5 1158/291/5
f 1163/262/5 1158/291/5 1159/283/5
f 1163/262/5 1159/283/5 1160/278/5
f 1163/262/5 1160/278/5 1161/273/5
f 1163/262/5 1161/273/5 1162/270/5
f 1165/263/5 1163/262/5 1164/264/5
s 1
f 1196/466/22 1198/467/23 1197/468/23 1195/29/22
f 1198/467/23 1200/469/24 1199/470/24 1197/468/23
f 1200/469/24 1202/471/25 1201/472/25 1199/470/24
f 1202/471/25 1204/473/26 1203/474/26 1201/472/25
f 1204/473/26 1206/475/27 1205/476/27 1203/474/26
f 1206/475/27 1208/477/28 1207/478/28 1205/476/27
f 1208/477/28 1210/479/29 1209/480/29 1207/478/28
f 1210/479/29 1212/481/30 1211/482/30 1209/480/29
f 1212/481/30 1214/483/31 1213/484/31 1211/482/30
f 1214/483/31 1216/485/32 1215/486/32 1213/484/31
f 1216/485/32 1218/487/33 1217/488/33 1215/486/32
f 1218/487/33 1220/489/34 1219/490/34 1217/488/33
f 1220/489/34 1222/491/35 1221/492/35 1219/490/34
f 1222/491/35 1224/493/36 1223/494/36 1221/492/35
f 1224/493/36 1226/495/37 1225/496/37 1223/494/36
f 1226/495/37 1228/497/38 1227/498/38 1225/496/37
f 1228/497/38 1230/499/39 1229/500/39 1227/498/38
f 1230/499/39 1232/501/40 1231/502/40 1229/500/39
f 1232/501/40 1234/503/41 1233/504/41 1231/502/40
f 1234/503/41 1236/505/42 1235/506/42 1233/504/41
f 1236/505/42 1238/507/43 1237/508/43 1235/506/42
f 1238/507/43 1240/509/44 1239/510/44 1237/508/43
f 1240/509/44 1242/511/45 1241/512/45 1239/510/44
f 1242/511/45 1244/513/46 1243/514/46 1241/512/45
f 1244/513/46 1246/515/46 1245/516/46 1243/514/46
f 1246/515/46 1248/517/47 1247/518/47 1245/516/46
f 1248/517/47 1250/519/48 1249/520/48 1247/518/47
f 1250/519/48 1252/521/49 1251/522/49 1249/520/48
f 1252/521/49 1196/523/22 1195/27/22 1251/522/49
f 1254/466/50 1256/524/51 1255/54/51 1253/29/50
f 1256/524/51 1258/525/52 1257/40/52 1255/54/51
f 1258/525/52 1260/526/53 1259/35/53 1257/40/52
f 1260/526/53 1262/527/54 1261/30/54 1259/35/53
f 1262/527/54 1264/528/55 1263/21/55 1261/30/54
f 1264/528/55 1266/529/56 1265/15/56 1263/21/55
f 1266/529/56 1268/530/57 1267/16/57 1265/15/56
f 1268/530/57 1270/531/58 1269/20/58 1267/16/57
f 1270/531/58 1272/532/59 1271/23/59 1269/20/58
f 1272/532/59 1274/533/60 1273/31/60 1271/23/59
f 1274/533/60 1276/534/61 1275/34/61 1273/31/60
f 1276/534/61 1278/535/62 1277/37/62 1275/34/61
f 1278/535/62 1280/536/63 1279/50/63 1277/37/62
f 1280/536/63 1282/537/64 1281/48/64 1279/50/63
f 1282/537/64 1284/538/65 1283/46/65 1281/48/64
f 1284/538/65 1286/539/66 1285/44/66 1283/46/65
f 1286/539/66 1288/540/67 1287/42/67 1285/44/66
f 1288/540/67 1290/541/68 1289/53/68 1287/42/67
f 1290/541/68 1292/542/69 1291/56/69 1289/53/68
f 1292/542/69 1294/543/70 1293/57/70 1291/56/69
f 1294/543/70 1296/544/71 1295/60/71 1293/57/70
f 1296/544/71 1298/545/72 1297/65/72 1295/60/71
f 1298/545/72 1300/546/73 1299/63/73 1297/65/72
f 1300/546/73 1302/547/74 1301/66/74 1299/63/73
f 1302/547/74 1304/548/46 1303/68/46 1301/66/74
f 1304/548/46 1306/549/75 1305/26/75 1303/68/46
f 1306/549/75 1254/523/50 1253/27/50 1305/26/75
f 1308/466/75 1310/550/76 1309/298/76 1307/29/75
f 1310/550/76 1312/551/77 1311/300/77 1309/298/76
f 1312/551/77 1314/552/78 1313/301/78 1311/300/77
f 1314/552/78 1316/553/79 1315/303/79 1313/301/78
f 1316/553/79 1318/554/80 1317/305/80 1315/303/79
f 1318/554/80 1320/555/81 1319/306/81 1317/305/80
f 1320/555/81 1322/556/82 1321/308/82 1319/306/81
f 1322/556/82 1324/557/83 1323/309/83 1321/308/82
f 1324/557/83 1326/558/84 1325/311/84 1323/309/83
f 1326/558/84 1328/559/85 1327/313/85 1325/311/84
f 1328/559/85 1330/560/86 1329/314/86 1327/313/85
f 1330/560/86 1332/561/87 1331/315/87 1329/314/86
f 1332/561/87 1334/562/88 1333/312/88 1331/315/87
f 1334/562/88 1336/563/89 1335/310/89 1333/312/88
f 1336/563/89 1338/564/90 1337/307/90 1335/310/89
f 1338/564/90 1340/565/91 1339/304/91 1337/307/90
f 1340/565/91 1342/566/92 1341/302/92 1339/304/91
f 1342/566/92 1344/567/93 1343/299/93 1341/302/92
f 1344/567/93 1346/568/94 1345/291/94 1343/299/93
f 1346/568/94 1348/569/95 1347/283/95 1345/291/94
f 1348/569/95 1350/570/96 1349/278/96 1347/283/95
f 1350/570/96 1352/571/97 1351/273/97 1349/278/96
f 1352/571/97 1354/572/98 1353/270/98 1351/273/97
f 1354/572/98 1356/573/99 1355/262/99 1353/270/98
f 1356/573/99 1358/574/100 1357/264/100 1355/262/99
f 1358/574/100 1360/575/101 1359/263/101 1357/264/100
f 1360/575/101 1362/576/102 1361/265/102 1359/263/101
f 1362/576/102 1364/577/103 1363/271/103 1361/265/102
f 1364/577/103 1366/578/104 1365/272/104 1363/271/103
f 1366/578/104 1368/579/105 1367/274/105 1365/272/104
f 1368/579/105 1370/580/106 1369/276/106 1367/274/105
f 1370/580/106 1372/581/107 1371/279/107 1369/276/106
f 1372/581/107 1374/582/108 1373/282/108 1371/279/107
f 1374/582/108 1376/583/109 1375/285/109 1373/282/108
f 1376/583/109 1378/584/110 1377/287/110 1375/285/109
f 1378/584/110 1380/585/111 1379/289/111 1377/287/110
f 1380/585/111 1382/586/112 1381/293/112 1379/289/111
f 1382/586/112 1384/587/113 1383/295/113 1381/293/112
f 1384/587/113 1386/588/114 1385/297/114 1383/295/113
f 1386/588/114 1388/589/115 1387/296/115 1385/297/114
f 1388/589/115 1390/590/116 1389/294/116 1387/296/115
f 1390/590/116 1392/591/117 1391/292/117 1389/294/116
f 1392/591/117 1394/592/118 1393/290/118 1391/292/117
f 1394/592/118 1396/593/119 1395/288/119 1393/290/118
f 1396/593/119 1398/594/120 1397/286/120 1395/288/119
f 1398/594/120 1400/595/121 1399/284/121 1397/286/120
f 1400/595/121 1402/596/122 1401/281/122 1399/284/121
f 1402/596/122 1404/597/123 1403/280/123 1401/281/122
f 1404/597/123 1406/598/124 1405/277/124 1403/280/123
f 1406/598/124 1408/599/125 1407/275/125 1405/277/124
f 1408/599/125 1410/600/46 1409/266/46 1407/275/125
f 1410/600/46 1412/601/47 1411/268/47 1409/266/46
f 1412/601/47 1414/602/48 1413/267/48 1411/268/47
f 1414/602/48 1416/603/75 1415/269/75 1413/267/48
f 1416/603/75 1308/523/75 1307/27/75 1415/269/75
f 1418/466/126 1420/604/127 1419/605/127 1417/29/126
f 1420/604/127 1422/606/128 1421/607/128 1419/605/127
f 1422/606/128 1424/608/129 1423/609/129 1421/607/128
f 1424/608/129 1426/610/130 1425/611/130 1423/609/129
f 1426/610/130 1428/612/131 1427/613/131 1425/611/130
f 1428/612/131 1430/614/132 1429/615/132 1427/613/131
f 1430/614/132 1432/616/133 1431/617/133 1429/615/132
f 1432/616/133 1434/618/134 1433/24/134 1431/617/133
f 1434/618/134 1436/619/135 1435/620/135 1433/24/134
f 1436/619/135 1438/621/136 1437/622/136 1435/620/135
f 1438/621/136 1440/623/137 1439/624/137 1437/622/136
f 1440/623/137 1442/625/138 1441/626/138 1439/624/137
f 1442/625/138 1444/627/139 1443/628/139 1441/626/138
f 1444/627/139 1446/629/140 1445/630/140 1443/628/139
f 1446/629/140 1448/631/141 1447/632/141 1445/630/140
f 1448/631/141 1450/532/142 1449/23/142 1447/632/141
f 1450/532/142 1452/633/143 1451/634/143 1449/23/142
f 1452/633/143 1454/635/144 1453/636/144 1451/634/143
f 1454/635/144 1456/637/145 1455/638/145 1453/636/144
f 1456/637/145 1458/639/146 1457/640/146 1455/638/145
f 1458/639/146 1460/641/147 1459/642/147 1457/640/146
f 1460/641/147 1462/643/148 1461/644/148 1459/642/147
f 1462/643/148 1464/645/149 1463/646/149 1461/644/148
f 1464/645/149 1466/647/150 1465/49/150 1463/646/149
f 1466/647/150 1468/648/151 1467/649/151 1465/49/150
f 1468/648/151 1470/650/152 1469/651/152 1467/649/151
f 1470/650/152 1472/652/153 1471/653/153 1469/651/152
f 1472/652/153 1474/654/154 1473/655/154 1471/653/153
f 1474/654/154 1476/656/155 1475/657/155 1473/655/154
f 1476/656/155 1478/658/156 1477/659/156 1475/657/155
f 1478/658/156 1480/660/157 1479/661/157 1477/659/156
f 1480/660/157 1482/541/158 1481/53/158 1479/661/157
f 1482/541/158 1484/662/159 1483/663/159 1481/53/158
f 1484/662/159 1486/664/160 1485/665/160 1483/663/159
f 1486/664/160 1488/666/161 1487/667/161 1485/665/160
f 1488/666/161 1490/668/162 1489/669/162 1487/667/161
f 1490/668/162 1492/670/163 1491/671/163 1489/669/162
f 1492/670/163 1494/672/164 1493/673/164 1491/671/163
f 1494/672/164 1496/674/165 1495/675/165 1493/673/164
f 1496/674/165 1498/676/166 1497/64/166 1495/675/165
f 1498/676/166 1500/677/167 1499/678/167 1497/64/166
f 1500/677/167 1502/679/168 1501/680/168 1499/678/167
f 1502/679/168 1504/681/169 1503/682/169 1501/680/168
f 1504/681/169 1506/683/170 1505/684/170 1503/682/169
f 1506/683/170 1508/685/171 1507/686/171 1505/684/170
f 1508/685/171 1510/687/172 1509/688/172 1507/686/171
f 1510/687/172 1512/689/173 1511/690/173 1509/688/172
f 1512/689/173 1418/523/126 1417/27/126 1511/690/173
f 1514/466/174 1516/604/175 1515/605/175 1513/29/174
f 1516/604/175 1518/606/176 1517/607/176 1515/605/175
f 1518/606/176 1520/608/177 1519/609/177 1517/607/176
f 1520/608/177 1522/610/178 1521/611/178 1519/609/177
f 1522/610/178 1524/612/179 1523/613/179 1521/611/178
f 1524/612/179 1526/614/180 1525/615/180 1523/613/179
f 1526/614/180 1528/616/181 1527/617/181 1525/615/180
f 1528/616/181 1530/618/182 1529/24/182 1527/617/181
f 1530/618/182 1532/619/183 1531/620/183 1529/24/182
f 1532/619/183 1534/621/184 1533/622/184 1531/620/183
f 1534/621/184 1536/623/185 1535/624/185 1533/622/184
f 1536/623/185 1538/625/186 1537/626/186 1535/624/185
f 1538/625/186 1540/627/187 1539/628/187 1537/626/186
f 1540/627/187 1542/629/188 1541/630/188 1539/628/187
f 1542/629/188 1544/631/189 1543/632/189 1541/630/188
f 1544/631/189 1546/532/190 1545/23/190 1543/632/189
f 1546/532/190 1548/633/191 1547/634/191 1545/23/190
f 1548/633/191 1550/635/192 1549/636/192 1547/634/191
f 1550/635/192 1552/637/193 1551/638/193 1549/636/192
f 1552/637/193 1554/639/194 1553/640/194 1551/638/193
f 1554/639/194 1556/641/195 1555/642/195 1553/640/194
f 1556/641/195 1558/643/196 1557/644/196 1555/642/195
f 1558/643/196 1560/645/197 1559/646/197 1557/644/196
f 1560/645/197 1562/647/198 1561/49/198 1559/646/197
f 1562/647/198 1564/648/199 1563/649/199 1561/49/198
f 1564/648/199 1566/650/200 1565/651/200 1563/649/199
f 1566/650/200 1568/652/201 1567/653/201 1565/651/200
f 1568/652/201 1570/654/202 1569/655/202 1567/653/201
f 1570/654/202 1572/656/203 1571/657/203 1569/655/202
f 1572/656/203 1574/658/204 1573/659/204 1571/657/203
f 1574/658/204 1576/660/205 1575/661/205 1573/659/204
f 1576/660/205 1578/541/206 1577/53/206 1575/661/205
f 1578/541/206 1580/662/207 1579/663/207 1577/53/206
f 1580/662/207 1582/664/208 1581/665/208 1579/663/207
f 1582/664/208 1584/666/209 1583/667/209 1581/665/208
f 1584/666/209 1586/668/210 1585/669/210 1583/667/209
f 1586/668/210 1588/670/211 1587/671/211 1585/669/210
f 1588/670/211 1590/672/212 1589/673/212 1587/671/211
f 1590/672/212 1592/674/213 1591/675/213 1589/673/212
f 1592/674/213 1594/676/214 1593/64/214 1591/675/213
f 1594/676/214 1596/677/215 1595/678/215 1593/64/214
f 1596/677/215 1598/679/216 1597/680/216 1595/678/215
f 1598/679/216 1600/681/217 1599/682/217 1597/680/216
f 1600/681/217 1602/683/218 1601/684/218 1599/682/217
f 1602/683/218 1604/685/219 1603/686/219 1601/684/218
f 1604/685/219 1606/687/220 1605/688/220 1603/686/219
f 1606/687/220 1608/689/221 1607/690/221 1605/688/220
f 1608/689/221 1514/523/174 1513/27/174 1607/690/221
f 1610/466/222 1612/691/223 1611/692/223 1609/29/222
f 1612/691/223 1614/693/224 1613/694/224 1611/692/223
f 1614/693/224 1616/695/225 1615/696/225 1613/694/224
f 1616/695/225 1618/697/226 1617/698/226 1615/696/225
f 1618/697/226 1620/614/227 1619/615/227 1617/698/226
f 1620/614/227 1622/699/228 1621/700/228 1619/615/227
f 1622/699/228 1624/701/229 1623/702/229 1621/700/228
f 1624/701/229 1626/560/230 1625/314/230 1623/702/229
f 1626/560/230 1628/703/231 1627/704/231 1625/314/230
f 1628/703/231 1630/625/232 1629/626/232 1627/704/231
f 1630/625/232 1632/705/233 1631/706/233 1629/626/232
f 1632/705/233 1634/707/234 1633/708/234 1631/706/233
f 1634/707/234 1636/709/235 1635/710/235 1633/708/234
f 1636/709/235 1638/711/236 1637/712/236 1635/710/235
f 1638/711/236 1640/635/237 1639/636/237 1637/712/236
f 1640/635/237 1642/571/238 1641/273/238 1639/636/237
f 1642/571/238 1644/713/239 1643/714/239 1641/273/238
f 1644/713/239 1646/715/240 1645/716/240 1643/714/239
f 1646/715/240 1648/717/241 1647/718/241 1645/716/240
f 1648/717/241 1650/647/242 1649/49/242 1647/718/241
f 1650/647/242 1652/719/243 1651/720/243 1649/49/242
f 1652/719/243 1654/721/244 1653/722/244 1651/720/243
f 1654/721/244 1656/723/245 1655/724/245 1653/722/244
f 1656/723/245 1658/582/246 1657/282/246 1655/724/245
f 1658/582/246 1660/658/247 1659/659/247 1657/282/246
f 1660/658/247 1662/725/248 1661/726/248 1659/659/247
f 1662/725/248 1664/727/249 1663/728/249 1661/726/248
f 1664/727/249 1666/729/250 1665/730/250 1663/728/249
f 1666/729/250 1668/731/251 1667/732/251 1665/730/250
f 1668/731/251 1670/668/252 1669/669/252 1667/732/251
f 1670/668/252 1672/733/253 1671/734/253 1669/669/252
f 1672/733/253 1674/593/254 1673/288/254 1671/734/253
f 1674/593/254 1676/735/255 1675/736/255 1673/288/254
f 1676/735/255 1678/737/256 1677/738/256 1675/736/255
f 1678/737/256 1680/679/257 1679/680/257 1677/738/256
f 1680/679/257 1682/739/258 1681/740/258 1679/680/257
f 1682/739/258 1684/741/48 1683/742/48 1681/740/258
f 1684/741/48 1686/743/75 1685/744/75 1683/742/48
f 1686/743/75 1688/745/46 1687/746/46 1685/744/75
f 1688/745/46 1610/523/222 1609/27/222 1687/746/46
f 1690/466/259 1692/747/260 1691/748/260 1689/29/259
f 1692/747/260 1694/749/261 1693/451/261 1691/748/260
f 1694/749/261 1696/750/262 1695/751/262 1693/451/261
f 1696/750/262 1698/752/263 1697/464/263 1695/751/262
f 1698/752/263 1700/753/264 1699/754/264 1697/464/263
f 1700/753/264 1702/755/265 1701/457/265 1699/754/264
f 1702/755/265 1704/756/266 1703/757/266 1701/457/265
f 1704/756/266 1706/758/267 1705/433/267 1703/757/266
f 1706/758/267 1708/759/268 1707/760/268 1705/433/267
f 1708/759/268 1710/761/269 1709/411/269 1707/760/268
f 1710/761/269 1712/762/270 1711/763/270 1709/411/269
f 1712/762/270 1714/764/271 1713/385/271 1711/763/270
f 1714/764/271 1716/765/272 1715/766/272 1713/385/271
f 1716/765/272 1718/767/273 1717/378/273 1715/766/272
f 1718/767/273 1720/768/274 1719/769/274 1717/378/273
f 1720/768/274 1722/770/275 1721/384/275 1719/769/274
f 1722/770/275 1724/771/276 1723/772/276 1721/384/275
f 1724/771/276 1726/773/277 1725/410/277 1723/772/276
f 1726/773/277 1728/647/278 1727/49/278 1725/410/277
f 1728/647/278 1730/774/279 1729/430/279 1727/49/278
f 1730/774/279 1732/775/280 1731/776/280 1729/430/279
f 1732/775/280 1734/777/281 1733/445/281 1731/776/280
f 1734/777/281 1736/778/282 1735/779/282 1733/445/281
f 1736/778/282 1738/780/283 1737/453/283 1735/779/282
f 1738/780/283 1740/781/284 1739/782/284 1737/453/283
f 1740/781/284 1742/783/285 1741/440/285 1739/782/284
f 1742/783/285 1744/784/286 1743/785/286 1741/440/285
f 1744/784/286 1746/786/287 1745/425/287 1743/785/286
f 1746/786/287 1748/787/288 1747/788/288 1745/425/287
f 1748/787/288 1750/789/289 1749/409/289 1747/788/288
f 1750/789/289 1752/790/290 1751/791/290 1749/409/289
f 1752/790/290 1754/792/291 1753/396/291 1751/791/290
f 1754/792/291 1756/793/292 1755/794/292 1753/396/291
f 1756/793/292 1758/795/293 1757/393/293 1755/794/292
f 1758/795/293 1760/796/294 1759/797/294 1757/393/293
f 1760/796/294 1762/798/48 1761/407/48 1759/797/294
f 1762/798/48 1764/799/295 1763/800/295 1761/407/48
f 1764/799/295 1690/523/259 1689/27/259 1763/800/295
f 1766/466/296 1768/801/297 1767/802/297 1765/29/296
f 1768/801/297 1770/803/298 1769/804/298 1767/802/297
f 1770/803/298 1772/805/299 1771/806/299 1769/804/298
f 1772/805/299 1774/807/300 1773/161/300 1771/806/299
f 1774/807/300 1776/808/301 1775/809/301 1773/161/300
f 1776/808/301 1778/810/302 1777/811/302 1775/809/301
f 1778/810/302 1780/614/303 1779/615/303 1777/811/302
f 1780/614/303 1782/812/115 1781/154/115 1779/615/303
f 1782/812/115 1784/813/304 1783/814/304 1781/154/115
f 1784/813/304 1786/815/305 1785/816/305 1783/814/304
f 1786/815/305 1788/817/306 1787/818/306 1785/816/305
f 1788/817/306 1790/819/307 1789/121/307 1787/818/306
f 1790/819/307 1792/820/308 1791/821/308 1789/121/307
f 1792/820/308 1794/625/309 1793/626/309 1791/821/308
f 1794/625/309 1796/822/310 1795/823/310 1793/626/309
f 1796/822/310 1798/824/311 1797/84/311 1795/823/310
f 1798/824/311 1800/825/312 1799/826/312 1797/84/311
f 1800/825/312 1802/827/313 1801/828/313 1799/826/312
f 1802/827/313 1804/829/314 1803/830/314 1801/828/313
f 1804/829/314 1806/831/315 1805/72/315 1803/830/314
f 1806/831/315 1808/635/316 1807/636/316 1805/72/315
f 1808/635/316 1810/832/317 1809/833/317 1807/636/316
f 1810/832/317 1812/834/318 1811/835/318 1809/833/317
f 1812/834/318 1814/836/319 1813/83/319 1811/835/318
f 1814/836/319 1816/837/48 1815/838/48 1813/83/319
f 1816/837/48 1818/839/75 1817/840/75 1815/838/48
f 1818/839/75 1820/841/320 1819/842/320 1817/840/75
f 1820/841/320 1822/647/321 1821/49/321 1819/842/320
f 1822/647/321 1824/843/322 1823/844/322 1821/49/321
f 1824/843/322 1826/845/323 1825/846/323 1823/844/322
f 1826/845/323 1828/847/324 1827/848/324 1825/846/323
f 1828/847/324 1830/849/325 1829/138/325 1827/848/324
f 1830/849/325 1832/850/326 1831/851/326 1829/138/325
f 1832/850/326 1834/852/327 1833/853/327 1831/851/326
f 1834/852/327 1836/658/328 1835/659/328 1833/853/327
f 1836/658/328 1838/854/329 1837/145/329 1835/659/328
f 1838/854/329 1840/855/330 1839/856/330 1837/145/329
f 1840/855/330 1842/857/331 1841/858/331 1839/856/330
f 1842/857/331 1844/859/332 1843/860/332 1841/858/331
f 1844/859/332 1846/861/333 1845/132/333 1843/860/332
f 1846/861/333 1848/862/334 1847/863/334 1845/132/333
f 1848/862/334 1850/668/335 1849/669/335 1847/863/334
f 1850/668/335 1852/864/336 1851/865/336 1849/669/335
f 1852/864/336 1854/866/337 1853/105/337 1851/865/336
f 1854/866/337 1856/867/338 1855/868/338 1853/105/337
f 1856/867/338 1858/869/339 1857/870/339 1855/868/338
f 1858/869/339 1860/871/340 1859/872/340 1857/870/339
f 1860/871/340 1862/873/341 1861/87/341 1859/872/340
f 1862/873/341 1864/679/342 1863/680/342 1861/87/341
f 1864/679/342 1866/874/343 1865/875/343 1863/680/342
f 1866/874/343 1868/876/344 1867/877/344 1865/875/343
f 1868/876/344 1870/878/48 1869/98/48 1867/877/344
f 1870/878/48 1872/879/75 1871/880/75 1869/98/48
f 1872/879/75 1874/881/46 1873/882/46 1871/880/75
f 1874/881/46 1876/883/47 1875/884/47 1873/882/46
f 1876/883/47 1766/523/296 1765/27/296 1875/884/47
f 1878/466/345 1880/885/346 1879/152/346 1877/29/345
f 1880/885/346 1882/886/347 1881/153/347 1879/152/346
f 1882/886/347 1884/887/348 1883/155/348 1881/153/347
f 1884/887/348 1886/888/349 1885/156/349 1883/155/348
f 1886/888/349 1888/889/350 1887/158/350 1885/156/349
f 1888/889/350 1890/890/351 1889/159/351 1887/158/350
f 1890/890/351 1892/807/352 1891/161/352 1889/159/351
f 1892/807/352 1894/891/353 1893/162/353 1891/161/352
f 1894/891/353 1896/892/354 1895/163/354 1893/162/353
f 1896/892/354 1898/893/355 1897/165/355 1895/163/354
f 1898/893/355 1900/894/356 1899/164/356 1897/165/355
f 1900/894/356 1902/895/357 1901/160/357 1899/164/356
f 1902/895/357 1904/896/358 1903/157/358 1901/160/357
f 1904/896/358 1906/812/359 1905/154/359 1903/157/358
f 1906/812/359 1908/897/360 1907/151/360 1905/154/359
f 1908/897/360 1910/898/361 1909/150/361 1907/151/360
f 1910/898/361 1912/899/362 1911/142/362 1909/150/361
f 1912/899/362 1914/900/363 1913/134/363 1911/142/362
f 1914/900/363 1916/901/364 1915/126/364 1913/134/363
f 1916/901/364 1918/902/365 1917/124/365 1915/126/364
f 1918/902/365 1920/819/366 1919/121/366 1917/124/365
f 1920/819/366 1922/903/367 1921/119/367 1919/121/366
f 1922/903/367 1924/904/368 1923/117/368 1921/119/367
f 1924/904/368 1926/905/369 1925/114/369 1923/117/368
f 1926/905/369 1928/906/370 1927/108/370 1925/114/369
f 1928/906/370 1930/907/371 1929/102/371 1927/108/370
f 1930/907/371 1932/908/372 1931/94/372 1929/102/371
f 1932/908/372 1934/824/373 1933/84/373 1931/94/372
f 1934/824/373 1936/909/374 1935/82/374 1933/84/373
f 1936/909/374 1938/910/375 1937/80/375 1935/82/374
f 1938/910/375 1940/911/376 1939/78/376 1937/80/375
f 1940/911/376 1942/912/377 1941/76/377 1939/78/376
f 1942/912/377 1944/913/378 1943/74/378 1941/76/377
f 1944/913/378 1946/914/379 1945/70/379 1943/74/378
f 1946/914/379 1948/831/380 1947/72/380 1945/70/379
f 1948/831/380 1950/915/381 1949/71/381 1947/72/380
f 1950/915/381 1952/916/382 1951/73/382 1949/71/381
f 1952/916/382 1954/917/383 1953/75/383 1951/73/382
f 1954/917/383 1956/918/384 1955/77/384 1953/75/383
f 1956/918/384 1958/919/385 1957/79/385 1955/77/384
f 1958/919/385 1960/920/386 1959/81/386 1957/79/385
f 1960/920/386 1962/836/387 1961/83/387 1959/81/386
f 1962/836/387 1964/921/388 1963/92/388 1961/83/387
f 1964/921/388 1966/922/389 1965/103/389 1963/92/388
f 1966/922/389 1968/923/390 1967/109/390 1965/103/389
f 1968/923/390 1970/924/391 1969/116/391 1967/109/390
f 1970/924/391 1972/925/392 1971/118/392 1969/116/391
f 1972/925/392 1974/926/393 1973/120/393 1971/118/392
f 1974/926/393 1976/647/394 1975/49/394 1973/120/393
f 1976/647/394 1978/927/395 1977/122/395 1975/49/394
f 1978/927/395 1980/928/396 1979/123/396 1977/122/395
f 1980/928/396 1982/929/397 1981/125/397 1979/123/396
f 1982/929/397 1984/930/398 1983/127/398 1981/125/397
f 1984/930/398 1986/931/399 1985/131/399 1983/127/398
f 1986/931/399 1988/932/400 1987/135/400 1985/131/399
f 1988/932/400 1990/849/401 1989/138/401 1987/135/400
f 1990/849/401 1992/933/402 1991/140/402 1989/138/401
f 1992/933/402 1994/934/403 1993/144/403 1991/140/402
f 1994/934/403 1996/935/404 1995/146/404 1993/144/403
f 1996/935/404 1998/936/405 1997/149/405 1995/146/404
f 1998/936/405 2000/937/406 1999/148/406 1997/149/405
f 2000/937/406 2002/938/407 2001/147/407 1999/148/406
f 2002/938/407 2004/854/408 2003/145/408 2001/147/407
f 2004/854/408 2006/939/409 2005/143/409 2003/145/408
f 2006/939/409 2008/940/410 2007/141/410 2005/143/409
f 2008/940/410 2010/941/411 2009/139/411 2007/141/410
f 2010/941/411 2012/942/412 2011/137/412 2009/139/411
f 2012/942/412 2014/943/413 2013/136/413 2011/137/412
f 2014/943/413 2016/944/414 2015/133/414 2013/136/413
f 2016/944/414 2018/861/415 2017/132/415 2015/133/414
f 2018/861/415 2020/945/416 2019/128/416 2017/132/415
f 2020/945/416 2022/946/417 2021/130/417 2019/128/416
f 2022/946/417 2024/947/418 2023/129/418 2021/130/417
f 2024/947/418 2026/948/419 2025/113/419 2023/129/418
f 2026/948/419 2028/949/420 2027/111/420 2025/113/419
f 2028/949/420 2030/950/421 2029/107/421 2027/111/420
f 2030/950/421 2032/866/422 2031/105/422 2029/107/421
f 2032/866/422 2034/951/423 2033/101/423 2031/105/422
f 2034/951/423 2036/952/424 2035/99/424 2033/101/423
f 2036/952/424 2038/953/425 2037/97/425 2035/99/424
f 2038/953/425 2040/954/426 2039/95/426 2037/97/425
f 2040/954/426 2042/955/427 2041/91/427 2039/95/426
f 2042/955/427 2044/956/428 2043/89/428 2041/91/427
f 2044/956/428 2046/873/429 2045/87/429 2043/89/428
f 2046/873/429 2048/957/430 2047/85/430 2045/87/429
f 2048/957/430 2050/958/431 2049/86/431 2047/85/430
f 2050/958/431 2052/959/432 2051/88/432 2049/86/431
f 2052/959/432 2054/960/433 2053/90/433 2051/88/432
f 2054/960/433 2056/961/434 2055/93/434 2053/90/433
f 2056/961/434 2058/962/435 2057/96/435 2055/93/434
f 2058/962/435 2060/878/436 2059/98/436 2057/96/435
f 2060/878/436 2062/963/437 2061/100/437 2059/98/436
f 2062/963/437 2064/964/438 2063/104/438 2061/100/437
f 2064/964/438 2066/965/439 2065/106/439 2063/104/438
f 2066/965/439 2068/966/440 2067/110/440 2065/106/439
f 2068/966/440 2070/967/441 2069/112/441 2067/110/440
f 2070/967/441 2072/968/442 2071/115/442 2069/112/441
f 2072/968/442 1878/523/345 1877/27/345 2071/115/442
f 2074/466/443 2076/969/444 2075/970/444 2073/29/443
f 2076/969/444 2078/971/445 2077/972/445 2075/970/444
f 2078/971/445 2080/973/446 2079/974/446 2077/972/445
f 2080/973/446 2082/975/447 2081/976/447 2079/974/446
f 2082/975/447 2084/977/448 2083/978/448 2081/976/447
f 2084/977/448 2086/979/449 2085/980/449 2083/978/448
f 2086/979/449 2088/981/450 2087/982/450 2085/980/449
f 2088/981/450 2090/983/451 2089/984/451 2087/982/450
f 2090/983/451 2092/985/452 2091/986/452 2089/984/451
f 2092/985/452 2094/987/453 2093/988/453 2091/986/452
f 2094/987/453 2096/989/454 2095/990/454 2093/988/453
f 2096/989/454 2098/991/455 2097/992/455 2095/990/454
f 2098/991/455 2100/993/456 2099/994/456 2097/992/455
f 2100/993/456 2102/995/457 2101/996/457 2099/994/456
f 2102/995/457 2104/997/458 2103/998/458 2101/996/457
f 2104/997/458 2106/999/459 2105/1000/459 2103/998/458
f 2106/999/459 2108/1001/460 2107/1002/460 2105/1000/459
f 2108/1001/460 2110/1003/461 2109/1004/461 2107/1002/460
f 2110/1003/461 2112/1005/462 2111/1006/462 2109/1004/461
f 2112/1005/462 2114/1007/463 2113/1008/463 2111/1006/462
f 2114/1007/463 2116/1009/464 2115/1010/464 2113/1008/463
f 2116/1009/464 2118/1011/465 2117/1012/465 2115/1010/464
f 2118/1011/465 2120/1013/466 2119/1014/466 2117/1012/465
f 2120/1013/466 2122/1015/467 2121/1016/467 2119/1014/466
f 2122/1015/467 2124/1017/468 2123/1018/468 2121/1016/467
f 2124/1017/468 2126/1019/469 2125/1020/469 2123/1018/468
f 2126/1019/469 2128/1021/470 2127/1022/470 2125/1020/469
f 2128/1021/470 2130/1023/471 2129/1024/471 2127/1022/470
f 2130/1023/471 2132/1025/472 2131/1026/472 2129/1024/471
f 2132/1025/472 2134/1027/473 2133/1028/473 2131/1026/472
f 2134/1027/473 2136/1029/474 2135/1030/474 2133/1028/473
f 2136/1029/474 2138/1031/475 2137/1032/475 2135/1030/474
f 2138/1031/475 2140/1033/476 2139/1034/476 2137/1032/475
f 2140/1033/476 2142/1035/477 2141/1036/477 2139/1034/476
f 2142/1035/477 2144/1037/478 2143/1038/478 2141/1036/477
f 2144/1037/478 2146/1039/479 2145/1040/479 2143/1038/478
f 2146/1039/479 2148/647/480 2147/49/480 2145/1040/479
f 2148/647/480 2150/1041/481 2149/1042/481 2147/49/480
f 2150/1041/481 2152/1043/482 2151/1044/482 2149/1042/481
f 2152/1043/482 2154/1045/483 2153/1046/483 2151/1044/482
f 2154/1045/483 2156/1047/484 2155/1048/484 2153/1046/483
f 2156/1047/484 2158/1049/485 2157/1050/485 2155/1048/484
f 2158/1049/485 2160/1051/486 2159/1052/486 2157/1050/485
f 2160/1051/486 2162/1053/487 2161/1054/487 2159/1052/486
f 2162/1053/487 2164/1055/488 2163/1056/488 2161/1054/487
f 2164/1055/488 2166/1057/489 2165/1058/489 2163/1056/488
f 2166/1057/489 2168/1059/490 2167/1060/490 2165/1058/489
f 2168/1059/490 2170/1061/491 2169/1062/491 2167/1060/490
f 2170/1061/491 2172/1063/492 2171/1064/492 2169/1062/491
f 2172/1063/492 2174/1065/493 2173/1066/493 2171/1064/492
f 2174/1065/493 2176/1067/494 2175/1068/494 2173/1066/493
f 2176/1067/494 2178/1069/495 2177/1070/495 2175/1068/494
f 2178/1069/495 2180/1071/496 2179/1072/496 2177/1070/495
f 2180/1071/496 2182/1073/497 2181/1074/497 2179/1072/496
f 2182/1073/497 2184/1075/498 2183/1076/498 2181/1074/497
f 2184/1075/498 2186/1077/499 2185/1078/499 2183/1076/498
f 2186/1077/499 2188/1079/500 2187/1080/500 2185/1078/499
f 2188/1079/500 2190/1081/501 2189/1082/501 2187/1080/500
f 2190/1081/501 2192/1083/502 2191/1084/502 2189/1082/501
f 2192/1083/502 2194/1085/503 2193/1086/503 2191/1084/502
f 2194/1085/503 2196/1087/504 2195/1088/504 2193/1086/503
f 2196/1087/504 2198/1089/505 2197/1090/505 2195/1088/504
f 2198/1089/505 2200/1091/506 2199/1092/506 2197/1090/505
f 2200/1091/506 2202/1093/507 2201/1094/507 2199/1092/506
f 2202/1093/507 2204/1095/508 2203/1096/508 2201/1094/507
f 2204/1095/508 2206/1097/509 2205/1098/509 2203/1096/508
f 2206/1097/509 2208/1099/426 2207/1100/426 2205/1098/509
f 2208/1099/426 2210/1101/510 2209/1102/510 2207/1100/426
f 2210/1101/510 2212/1103/511 2211/1104/511 2209/1102/510
f 2212/1103/511 2214/1105/512 2213/1106/512 2211/1104/511
f 2214/1105/512 2216/1107/513 2215/1108/513 2213/1106/512
f 2216/1107/513 2218/1109/514 2217/1110/514 2215/1108/513
f 2218/1109/514 2220/1111/515 2219/1112/515 2217/1110/514
f 2220/1111/515 2074/523/443 2073/27/443 2219/1112/515
f 2222/466/516 2224/1113/517 2223/1114/517 2221/29/516
f 2224/1113/517 2226/1115/518 2225/1116/518 2223/1114/517
f 2226/1115/518 2228/1117/519 2227/1118/519 2225/1116/518
f 2228/1117/519 2230/1119/520 2229/1120/520 2227/1118/519
f 2230/1119/520 2232/560/521 2231/314/521 2229/1120/520
f 2232/560/521 2234/1121/522 2233/1122/522 2231/314/521
f 2234/1121/522 2236/1123/523 2235/1124/523 2233/1122/522
f 2236/1123/523 2238/1125/524 2237/1126/524 2235/1124/523
f 2238/1125/524 2240/1127/525 2239/1128/525 2237/1126/524
f 2240/1127/525 2242/571/526 2241/273/526 2239/1128/525
f 2242/571/526 2244/1129/527 2243/1130/527 2241/273/526
f 2244/1129/527 2246/1131/528 2245/1132/528 2243/1130/527
f 2246/1131/528 2248/1133/529 2247/1134/529 2245/1132/528
f 2248/1133/529 2250/1135/530 2249/1136/530 2247/1134/529
f 2250/1135/530 2252/582/531 2251/282/531 2249/1136/530
f 2252/582/531 2254/1137/532 2253/1138/532 2251/282/531
f 2254/1137/532 2256/1139/533 2255/1140/533 2253/1138/532
f 2256/1139/533 2258/1141/534 2257/1142/534 2255/1140/533
f 2258/1141/534 2260/1143/535 2259/1144/535 2257/1142/534
f 2260/1143/535 2262/593/536 2261/288/536 2259/1144/535
f 2262/593/536 2264/1145/537 2263/1146/537 2261/288/536
f 2264/1145/537 2266/1147/538 2265/1148/538 2263/1146/537
f 2266/1147/538 2268/1149/539 2267/1150/539 2265/1148/538
f 2268/1149/539 2270/1151/540 2269/1152/540 2267/1150/539
f 2270/1151/540 2222/523/516 2221/27/516 2269/1152/540
f 2272/466/75 2274/550/541 2273/298/541 2271/29/75
f 2274/550/541 2276/551/77 2275/300/77 2273/298/541
f 2276/551/77 2278/552/78 2277/301/78 2275/300/77
f 2278/552/78 2280/553/79 2279/303/79 2277/301/78
f 2280/553/79 2282/554/80 2281/305/80 2279/303/79
f 2282/554/80 2284/555/81 2283/306/81 2281/305/80
f 2284/555/81 2286/556/82 2285/308/82 2283/306/81
f 2286/556/82 2288/557/83 2287/309/83 2285/308/82
f 2288/557/83 2290/558/84 2289/311/84 2287/309/83
f 2290/558/84 2292/559/85 2291/313/85 2289/311/84
f 2292/559/85 2294/560/86 2293/314/86 2291/313/85
f 2294/560/86 2296/561/87 2295/315/87 2293/314/86
f 2296/561/87 2298/562/88 2297/312/88 2295/315/87
f 2298/562/88 2300/563/89 2299/310/89 2297/312/88
f 2300/563/89 2302/564/542 2301/307/542 2299/310/89
f 2302/564/542 2304/565/91 2303/304/91 2301/307/542
f 2304/565/91 2306/566/92 2305/302/92 2303/304/91
f 2306/566/92 2308/567/93 2307/299/93 2305/302/92
f 2308/567/93 2310/568/94 2309/291/94 2307/299/93
f 2310/568/94 2312/569/95 2311/283/95 2309/291/94
f 2312/569/95 2314/570/96 2313/278/96 2311/283/95
f 2314/570/96 2316/571/97 2315/273/97 2313/278/96
f 2316/571/97 2318/572/98 2317/270/98 2315/273/97
f 2318/572/98 2320/573/99 2319/262/99 2317/270/98
f 2320/573/99 2322/574/543 2321/264/543 2319/262/99
f 2322/574/543 2324/575/101 2323/263/101 2321/264/543
f 2324/575/101 2326/576/102 2325/265/102 2323/263/101
f 2326/576/102 2328/577/103 2327/271/103 2325/265/102
f 2328/577/103 2330/578/104 2329/272/104 2327/271/103
f 2330/578/104 2332/579/105 2331/274/105 2329/272/104
f 2332/579/105 2334/580/106 2333/276/106 2331/274/105
f 2334/580/106 2336/581/544 2335/279/544 2333/276/106
f 2336/581/544 2338/582/108 2337/282/108 2335/279/544
f 2338/582/108 2340/583/109 2339/285/109 2337/282/108
f 2340/583/109 2342/584/110 2341/287/110 2339/285/109
f 2342/584/110 2344/585/111 2343/289/111 2341/287/110
f 2344/585/111 2346/586/545 2345/293/545 2343/289/111
f 2346/586/545 2348/587/113 2347/295/113 2345/293/545
f 2348/587/113 2350/588/114 2349/297/114 2347/295/113
f 2350/588/114 2352/589/115 2351/296/115 2349/297/114
f 2352/589/115 2354/590/116 2353/294/116 2351/296/115
f 2354/590/116 2356/591/117 2355/292/117 2353/294/116
f 2356/591/117 2358/592/118 2357/290/118 2355/292/117
f 2358/592/118 2360/593/119 2359/288/119 2357/290/118
f 2360/593/119 2362/594/120 2361/286/120 2359/288/119
f 2362/594/120 2364/595/121 2363/284/121 2361/286/120
f 2364/595/121 2366/596/122 2365/281/122 2363/284/121
f 2366/596/122 2368/597/123 2367/280/123 2365/281/122
f 2368/597/123 2370/598/124 2369/277/124 2367/280/123
f 2370/598/124 2372/599/125 2371/275/125 2369/277/124
f 2372/599/125 2374/600/46 2373/266/46 2371/275/125
f 2374/600/46 2376/601/47 2375/268/47 2373/266/46
f 2376/601/47 2378/602/48 2377/267/48 2375/268/47
f 2378/602/48 2380/603/75 2379/269/75 2377/267/48
f 2380/603/75 2272/523/75 2271/27/75 2379/269/75
